tree
version=v4
num_class=1
num_tree_per_iteration=1
label_index=0
max_feature_idx=5
objective=binary sigmoid:1
feature_names=price freight_value delivery_delay payment_installments payment_type category
feature_infos=[0.84999999999999998:13440] [0:1794.96] [-139.39739583333332:188.97508101851852] [1:24] [0:3] [0:73]
tree_sizes=1535 1853 1841 1749 1856 1858 1849 1841 1850 1864 1855 1841 1876 1854 1859 1846 1846 1849 1857 1869 1861 1843 1862 1850 1844 1848 1852 1864 1869 1847 1849 1854 1849 1853 1863 1847 1851 1866 1861 1842 1856 1849 1857 1854 1849 1858 1846 1854 1853 1860 1850 1837 1865 1861 1839 1861 1847 1859 1849 1857 1851 1868 1860 1736 1875 1862 1849 1860 1858 1860 1837 1852 1847 1867 1876 1837 1861 1850 1857 1858 1859 1844 1875 1839 1861 1855 1847 1857 1851 1861 1852 1855 1860 1851 1856 1856 1856 1840 1760 1852 1866 1858 1855 1754 1851 1858 1860 1535 1757 1860 1868 1852 1838 1850 1862 1856 1858 1852 1857 1842 1859 1869 1859 1840 1852 1866 1840 1877 1852 1850 1851 1871 1432 1845 1859 1863 1855 1854 1852 1840 1539 1847 1869 1865 1865 1853 1849 1863 1419 1860 1751 1846 1854 1855 1860 1855 1848 1847 1833 1861 1640 1848 1740 1867 1848 1524 1844 1872 1763 1866 1871 1854 1765 1863 1855 1864 1858 1875 1869 1845 1862 1861 1874 1868 1869 1880 1862 1739 1851 1860 1629 1844 1869 1868 1746 1848 1861 1840 1866 1868

Tree=0
num_leaves=15
num_cat=0
split_feature=2 3 3 4 4 2 5 0 3 3 2 3 3 0
split_gain=20357 3911.26 9538.59 4351.18 693.112 148.149 84.6886 70.9075 60.9435 46.2216 32.8591 17.1856 15.1545 9.49481
threshold=1.9626297871594764 1.00007030468741 1.9999784771843854 1.0000000180025095e-35 1.0000000180025095e-35 5.1031252029458889 19.500000000000004 101.66269625175356 1.00007030468741 1.9999784771843854 3.8503349671125346 1.00007030468741 1.9999784771843854 293.33070884881909
decision_type=2 2 2 2 2 2 2 2 2 2 2 2 2 2
left_child=1 4 -3 -4 6 8 -1 -6 10 -10 -2 13 -13 -7
right_child=5 2 3 -5 7 11 -8 -9 9 -11 -12 12 -14 -15
leaf_value=-0.016340299489879875 0.042392566782810691 0.10000000000000001 0.10000000000000001 -0.022585972767644145 -0.048226270373921382 0.08766114180478822 -0.03040951853901494 -0.06115641215715345 0.10000000000000001 0.072296693476318147 0.071232876712328766 0.10000000000000001 0.091695957820738139 0.061904761904761907
leaf_weight=1519.25 215.25 2018.25 764.5 13623.5 4954.25 1357.5 3614 1349 206 559.5 182.5 724.25 2276 36.75
leaf_count=6077 861 8073 3058 54494 19817 5430 14456 5396 824 2238 730 2897 9104 147
internal_value=0 -0.0174399 -0.00179352 -0.0160724 -0.0398855 0.087369 -0.0262456 -0.0509935 0.0715023 0.0797518 0.0556254 0.091569 0.0937005 0.0869822
internal_weight=33400.5 27842.8 16406.2 14388 11436.5 5557.75 5133.25 6303.25 1163.25 765.5 397.75 4394.5 3000.25 1394.25
internal_count=133602 111371 65625 57552 45746 22231 20533 25213 4653 3062 1591 17578 12001 5577
is_linear=0
shrinkage=0.05


Tree=1
num_leaves=16
num_cat=0
split_feature=2 3 3 4 4 2 0 0 3 3 2 3 3 0 0
split_gain=18404.5 3531.52 8627.76 3934.11 626.764 134.801 81.8888 69.6195 55.331 42.1017 29.7782 15.6725 13.8365 8.63466 1.81899e-12
threshold=1.9626297871594764 1.00007030468741 1.9999784771843854 1.0000000180025095e-35 1.0000000180025095e-35 5.1031252029458889 59.89968487343031 19.899656611312228 1.00007030468741 1.9999784771843854 3.8503349671125346 1.00007030468741 1.9999784771843854 293.33070884881909 499.90371546099908
decision_type=2 2 2 2 2 2 2 2 2 2 2 2 2 2 2
left_child=1 4 14 -4 6 8 -1 -6 10 -10 -2 13 -13 -7 -3
right_child=5 2 3 -5 7 11 -8 -9 9 -11 -12 12 -14 -15 -16
leaf_value=-0.017767149302781626 0.040291352048135165 0.095241872246060344 0.095241872246060344 -0.02145945931573949 -0.033250938678136104 0.083440987841139319 -0.030500617923840075 -0.050291054398539571 0.095241872246060344 0.068773219883320205 0.067758618483993602 0.095241872246060344 0.087297615705115864 0.058866871679838666 0.095241872246060344
leaf_weight=2242.0856297016144 215.15332670509815 1978.0507784485817 762.59194156527519 13621.763080924749 670.85986621677876 1354.8954007029533 2890.2275848388672 5628.2501641511917 205.48585999011993 558.76952791213989 182.26869344711304 722.44239853322506 2271.222455739975 36.714814469218254 35.162022158503532
leaf_count=8970 861 7932 3058 54494 2685 5430 11563 22528 824 2238 730 2897 9104 147 141
internal_value=6.92617e-07 -0.0165759 -0.00170408 -0.0152725 -0.0379084 0.083165 -0.0249379 -0.0484763 0.0680209 0.0758899 0.0528886 0.0871768 0.0892148 0.0827926 0.0952419
internal_weight=33375.9 27829 16397.6 14384.4 11431.4 5546.95 5132.31 6299.11 1161.68 764.255 397.422 4385.28 2993.66 1391.61 2013.21
internal_count=133602 111371 65625 57552 45746 22231 20533 25213 4653 3062 1591 17578 12001 5577 8073
is_linear=0
shrinkage=0.05


Tree=2
num_leaves=16
num_cat=0
split_feature=2 3 3 3 1 0 2 0 3 3 2 3 3 2 0
split_gain=16693.1 3191.39 7835.93 3022.69 268.128 153.566 124.488 74.2488 50.7833 38.996 27.19 14.5652 12.9011 8.4269 9.09495e-13
threshold=1.9626297871594764 1.00007030468741 1.9999784771843854 2.0001367691417618 27.870248886152158 89.89961959123751 5.1031252029458889 109.89751402908188 1.00007030468741 1.9999784771843854 3.8503349671125346 1.00007030468741 1.9999784771843854 6.0611173997456538 899.09587117461717
decision_type=2 2 2 2 2 2 2 2 2 2 2 2 2 2 2
left_child=1 4 14 -4 5 -1 8 -6 10 -10 -2 13 -13 -8 -3
right_child=6 2 3 -5 7 -7 11 -9 9 -11 -12 12 -14 -15 -16
leaf_value=-0.035494198181957953 0.038326155391476317 0.091131780775723592 -0.06482294396917225 -0.0040678300403446249 -0.005596610759126301 -0.049720529996744464 0.066877655015763357 -0.02663360813635654 0.091131780775723592 0.0655800646805174 0.064605487281133675 0.091131780775723592 0.083434831801955364 0.080329343840515072 0.091131780775723592
leaf_weight=7100.4482486695051 214.88252601027489 1984.7752322256565 2472.5506661832333 11901.604800730944 716.15349489450455 2588.4431013464928 128.32319754362106 1012.3251087516546 204.04925656318665 556.72558003664017 181.62141799926758 717.39162167906761 2257.8668475151062 1255.9058379679918 14.36269038915634
leaf_count=28448 861 8015 9895 47657 2869 10373 517 4056 824 2238 730 2897 9104 5060 58
internal_value=3.14324e-06 -0.0157679 -0.0016189 -0.0145185 -0.0360585 -0.0392948 0.0794496 -0.0179174 0.0648719 0.0724334 0.0503636 0.0833194 0.0852907 0.0790823 0.0911318
internal_weight=33307.4 27790.7 16373.3 14374.2 11417.4 9688.89 5516.77 1728.48 1157.28 760.775 396.504 4359.49 2975.26 1384.23 1999.14
internal_count=133602 111371 65625 57552 45746 38821 22231 6925 4653 3062 1591 17578 12001 5577 8073
is_linear=0
shrinkage=0.05


Tree=3
num_leaves=15
num_cat=0
split_feature=2 3 3 4 4 2 1 1 3 3 2 2 4 3
split_gain=15182.1 2886.03 7141.62 3533.46 570.378 116.92 90.9625 86.1181 54.1011 29.5482 21.762 13.6362 10.3338 7.78213
threshold=1.9626297871594764 1.00007030468741 1.9999784771843854 1.0000000180025095e-35 1.0000000180025095e-35 4.1660994161900291 27.621462880686476 23.784662492173247 1.00007030468741 1.9999784771843854 6.0611173997456538 40.860718618009265 1.0000000180025095e-35 1.00007030468741
decision_type=2 2 2 2 2 2 2 2 2 2 2 2 2 2
left_child=1 4 -3 -4 6 8 -1 -6 12 -10 13 -12 -2 -7
right_child=5 2 3 -5 7 10 -8 -9 9 -11 11 -13 -14 -15
leaf_value=-0.025289337488348242 0.028949247888755022 0.087549100739152091 0.091299436373997636 -0.019649925248576172 -0.046973469427518399 0.064333212306901852 -0.0086885671709482672 -0.030958527349793992 0.087549100739152091 0.060275956717544522 0.081124576769408485 0.064473347857819691 0.048831600811121201 0.07498621526079878
leaf_weight=4089.4812571704388 121.39511001110077 1977.429954662919 757.55720633268356 13609.734181761742 5275.7498216032982 259.58428938686848 1033.7683636397123 998.26285466551781 135.94371668994427 368.55131104588509 3811.2869462668896 127.05197454988956 141.56451885402203 504.8288684040308
leaf_count=16392 488 8073 3058 54494 21203 1051 4141 4010 555 1490 15510 517 569 2051
internal_value=6.27778e-06 -0.0150051 -0.00153833 -0.0137998 -0.0343176 0.0761359 -0.0219396 -0.0444253 0.0580408 0.0676251 0.0790889 0.0805874 0.0396529 0.0713686
internal_weight=33212.2 27742 16344.7 14367.3 11397.3 5470.21 5123.25 6274.01 767.455 504.495 4702.75 3938.34 262.96 764.413
internal_count=133602 111371 65625 57552 45746 22231 20533 25213 3102 2045 19129 16027 1057 3102
is_linear=0
shrinkage=0.05


Tree=4
num_leaves=16
num_cat=0
split_feature=2 3 3 4 4 2 1 1 3 3 2 3 3 0 0
split_gain=13841.2 2611.66 6529.31 3215.12 519.851 110.357 82.3533 78.6043 43.7617 35.5545 23.7253 14.0141 12.6311 8.27281 9.09495e-13
threshold=1.9626297871594764 1.00007030468741 1.9999784771843854 1.0000000180025095e-35 1.0000000180025095e-35 5.1031252029458889 27.621462880686476 23.784662492173247 1.00007030468741 1.9999784771843854 3.8503349671125346 1.00007030468741 1.9999784771843854 293.33070884881909 590.06114311690419
decision_type=2 2 2 2 2 2 2 2 2 2 2 2 2 2 2
left_child=1 4 14 -4 6 8 -1 -6 10 -10 -2 13 -13 -7 -3
right_child=5 2 3 -5 7 11 -8 -9 9 -11 -12 12 -14 -15 -16
leaf_value=-0.024056905720246779 0.034594018303766981 0.084401502427522396 0.087695832685796782 -0.018680387914370999 -0.044797149570169954 0.073296925363533036 -0.0082570318779695336 -0.029477878093689399 0.084543700157694926 0.059881287464845737 0.059250351846992268 0.084655151221304223 0.07695014929376022 0.049019250624874527 0.084401502427522396
leaf_weight=4084.1691754162312 213.85960623621941 1922.2713282108307 749.45043003559113 13600.523547589779 5255.9457897543907 1321.33020837605 1033.4155601263046 996.04082107543945 199.11239545047283 549.28320088982582 179.41687187552452 700.45150297880173 2210.5331576615572 36.046923279762268 27.043636322021484
leaf_count=16392 861 7961 3058 54494 21203 5430 4141 4010 824 2238 730 2897 9104 147 112
internal_value=1.07663e-05 -0.0142909 -0.00146106 -0.0131247 -0.0326836 0.0731545 -0.0208664 -0.0423565 0.0593465 0.0664428 0.0458425 0.0768478 0.0788042 0.0726522 0.0844015
internal_weight=33078.9 27668.9 16299.3 14350 11369.6 5410.03 5117.58 6251.99 1141.67 748.396 393.276 4268.36 2910.98 1357.38 1949.31
internal_count=133602 111371 65625 57552 45746 22231 20533 25213 4653 3062 1591 17578 12001 5577 8073
is_linear=0
shrinkage=0.05


Tree=5
num_leaves=16
num_cat=0
split_feature=2 1 4 5 4 5 5 2 5 2 1 2 2 5 2
split_gain=12645.6 2397.7 886.416 201.503 178.976 108.715 108.162 105.376 31.7777 20.2291 17.4064 17.2287 13.0204 9.91003 6.89074
threshold=1.9626297871594764 28.180018517551936 1.0000000180025095e-35 19.500000000000004 1.0000000180025095e-35 72.500000000000014 19.500000000000004 4.1660994161900291 14.500000000000002 6.0611173997456538 14.10012666465412 3.1878455316466447 40.860718618009265 42.500000000000007 4.5749184975736945
decision_type=2 2 2 2 2 2 2 2 2 2 2 2 2 2 2
left_child=1 2 6 -4 8 -6 -1 10 -3 14 11 -2 -11 -12 -9
right_child=7 4 3 -5 5 -7 -8 9 -10 12 13 -13 -14 -15 -16
leaf_value=0.0076159649117375668 0.019390913496308546 0.041297799948247671 -0.018672589836792423 -0.031030985560371978 0.0092904266778335073 -0.045598132343563053 -0.0082994910144323399 0.07649621571056979 0.023903013355740355 0.075308221804523887 0.062648705133347901 0.053672834817044469 0.058845880986374915 0.049816564569803649 0.063635143262932403
leaf_weight=1536.5374879837036 68.492171302437782 329.03020195662975 4628.5131335556507 11477.242441520095 4720.1928591579199 91.970206812024117 3497.2480453848839 125.06172803044319 1299.617710262537 3710.7252368628979 335.2625789642334 78.828727096319199 124.12854018807411 272.95437654852867 622.79682588577271
leaf_count=6225 280 1343 18685 46312 18990 369 14161 517 5286 15510 1377 323 517 1122 2585
internal_value=1.59148e-05 -0.0136179 -0.0217554 -0.0274794 0.0130903 0.00824139 -0.00344138 0.070456 0.0274172 0.0733084 0.0531549 0.0377345 0.0747754 0.0568899 0.0657859
internal_weight=32918.6 27580.4 21139.5 16105.8 6440.81 4812.16 5033.79 5338.25 1628.65 4582.71 755.538 147.321 3834.85 608.217 747.859
internal_count=133602 111371 85383 64997 25988 19359 20386 22231 6629 19129 3102 603 16027 2499 3102
is_linear=0
shrinkage=0.05


Tree=6
num_leaves=16
num_cat=0
split_feature=2 3 3 4 4 2 0 0 3 3 2 3 3 0 1
split_gain=11569.2 2393.93 5929.48 2852.79 421.334 102.134 81.254 68.7788 41.8721 35.1562 21.3504 14.0097 12.6987 8.0176 0.190216
threshold=1.9626297871594764 1.00007030468741 1.9999784771843854 1.0000000180025095e-35 1.0000000180025095e-35 5.1031252029458889 59.89968487343031 101.66269625175356 1.00007030468741 1.9999784771843854 3.8503349671125346 1.00007030468741 1.9999784771843854 293.33070884881909 28.180018517551936
decision_type=2 2 2 2 2 2 2 2 2 2 2 2 2 2 2
left_child=1 4 14 -4 6 8 -1 -6 10 -10 -2 13 -13 -7 -3
right_child=5 2 3 -5 7 11 -8 -9 9 -11 -12 12 -14 -15 -16
leaf_value=-0.012813944602739078 0.030623941637078218 0.082175010932776779 0.084091257223167681 -0.0169117642073249 -0.036610987259678034 0.068003421322364407 -0.025524345851342334 -0.049447444226969547 0.079938234368997357 0.055068323675192654 0.054186930617893751 0.079572634356795818 0.071715062158670365 0.043853041937681775 0.081033836875350526
leaf_weight=2233.1376070231199 212.01442331075668 1428.6099533140659 737.05866552889347 13575.512853652239 4880.1725750565529 1283.2664950489998 2877.6615883558989 1327.3582409322262 193.0171442180872 538.67156875133514 175.89242655038834 676.50759541988373 2142.9888044893742 35.312292382121086 490.54758660495281
leaf_count=8970 861 5997 3058 54494 19817 5430 11563 5396 824 2238 730 2897 9104 147 2076
internal_value=1.89369e-05 -0.0129519 -0.000644336 -0.0117104 -0.0306024 0.067986 -0.0199706 -0.0393558 0.0545884 0.0616289 0.0413083 0.0716109 0.0736004 0.0673567 0.0818833
internal_weight=32807.7 27550.1 16231.7 14312.6 11318.3 5257.67 5110.8 6207.53 1119.6 731.689 387.907 4138.08 2819.5 1318.58 1919.16
internal_count=133602 111371 65625 57552 45746 22231 20533 25213 4653 3062 1591 17578 12001 5577 8073
is_linear=0
shrinkage=0.05


Tree=7
num_leaves=16
num_cat=0
split_feature=2 3 3 3 1 0 2 0 3 3 2 3 3 0 1
split_gain=10605.9 2168.93 5449.73 2624.88 170.118 143.985 98.789 67.6959 39.6313 34.0603 20.285 13.6708 12.4848 7.64054 0.148512
threshold=1.9626297871594764 1.00007030468741 1.9999784771843854 2.0001367691417618 27.870248886152158 89.89961959123751 5.1031252029458889 109.89751402908188 1.00007030468741 1.9999784771843854 3.1878455316466447 1.00007030468741 1.9999784771843854 293.33070884881909 28.180018517551936
decision_type=2 2 2 2 2 2 2 2 2 2 2 2 2 2 2
left_child=1 4 14 -4 5 -1 8 -6 10 -10 -2 13 -13 -8 -3
right_child=6 2 3 -5 7 -7 11 -9 9 -11 -12 12 -14 -15 -16
leaf_value=-0.028080472657320183 0.023277656400447481 0.079636958233631372 -0.058224381390334118 -0.0013874690207073524 -0.0029220389927111469 -0.041955937476223733 0.065738314553740712 -0.023052135034620169 0.0776382921642189 0.052927045719174552 0.047633273467223819 0.077310698776422271 0.069436987496633518 0.042052320998453935 0.078618360564417192
leaf_weight=7008.4897915571928 128.09118941426277 1401.1250569969416 2452.3527449071407 11833.237777158618 713.58574968576431 2549.8977449387312 1261.6576293706894 1007.06290563941 188.9021722972393 532.59642320871353 257.0498289167881 661.85562339425087 2103.6282762289047 34.991416350007057 480.58930867910385
leaf_count=28448 522 5997 9895 47657 2869 10373 5430 4056 824 2238 1069 2897 9104 147 2076
internal_value=2.46453e-05 -0.0123487 -0.000608666 -0.0111444 -0.0291767 -0.031782 0.0657273 -0.0147038 0.0524837 0.0593969 0.039533 0.0693352 0.0713214 0.0650991 0.0793768
internal_weight=32615.1 27446.3 16167.3 14285.6 11279 9558.39 5168.77 1720.65 1106.64 721.499 385.141 4062.13 2765.48 1296.65 1881.71
internal_count=133602 111371 65625 57552 45746 38821 22231 6925 4653 3062 1591 17578 12001 5577 8073
is_linear=0
shrinkage=0.05


Tree=8
num_leaves=16
num_cat=0
split_feature=2 1 3 3 3 4 4 2 4 3 3 2 3 3 2
split_gain=9736.09 2054.32 838.906 4778.66 670.768 888.023 296.874 96.1052 43.4837 37.6851 33.2141 19.2056 13.4403 12.3801 7.66142
threshold=1.9626297871594764 28.180018517551936 1.00007030468741 1.9999784771843854 1.00007030468741 1.0000000180025095e-35 1.0000000180025095e-35 5.1031252029458889 1.0000000180025095e-35 1.00007030468741 1.9999784771843854 3.8503349671125346 1.00007030468741 1.9999784771843854 7.9702360390038773
decision_type=2 2 2 2 2 2 2 2 2 2 2 2 2 2 2
left_child=1 2 6 -4 8 -6 -1 9 -3 11 -11 -2 14 -14 -9
right_child=7 4 3 -5 5 -7 -8 12 -10 10 -12 -13 13 -15 -16
leaf_value=-0.020108300607514236 0.027706732986355009 -0.0072538758364703183 0.077368478506274305 -0.022156971347682297 0.079082635349349367 0.014361471437834332 -0.037927146945924833 0.057086347627055112 -0.023527489727387139 0.075573785411449379 0.050917054999857263 0.050233807716297166 0.075278886808724313 0.067347032682286215 0.065550023114858871
leaf_weight=4092.706934183836 210.15445455908775 998.14328706264496 1370.8605890870094 10034.099594086409 608.75253692269325 4096.5487640500069 5450.494113728404 381.97541311383247 697.21733117103577 184.47149080038071 526.1060009598732 172.09405773878098 646.13122810423374 2061.532837882638 891.26294234395027
leaf_count=16529 861 4004 5997 40471 2625 16532 22386 1669 2827 824 2238 730 2897 9104 3908
internal_value=2.92934e-05 -0.0117721 -0.0193469 -0.0101941 0.013019 0.0227348 -0.0302853 0.0636421 -0.0139464 0.0505081 0.0573181 0.0378488 0.0672476 0.0692398 0.0630109
internal_weight=32422.6 27348.8 20948.2 11405 6400.66 4705.3 9543.2 5073.73 1695.36 1092.83 710.577 382.249 3980.9 2707.66 1273.24
internal_count=133602 111371 85383 46468 25988 19157 38915 22231 6831 4653 3062 1591 17578 12001 5577
is_linear=0
shrinkage=0.05


Tree=9
num_leaves=16
num_cat=0
split_feature=2 3 3 4 4 2 0 0 3 3 0 3 4 0 4
split_gain=8948.88 1782.53 4669.92 2489.61 357.821 93.881 73.1506 67.5185 35.9296 32.5649 20.0503 13.3037 12.4222 7.57252 0.177377
threshold=1.9626297871594764 1.00007030468741 1.9999784771843854 1.0000000180025095e-35 1.0000000180025095e-35 5.1031252029458889 49.892028882551436 19.899656611312228 1.00007030468741 1.9999784771843854 84.990420251161325 1.00007030468741 1.0000000180025095e-35 293.33070884881909 1.0000000180025095e-35
decision_type=2 2 2 2 2 2 2 2 2 2 2 2 2 2 2
left_child=1 4 14 -4 6 8 -1 -6 10 -10 -2 13 -13 -7 -3
right_child=5 2 3 -5 7 11 -8 -9 9 -11 -12 12 -14 -15 -16
leaf_value=-0.0086754303696516179 0.044052608480159981 0.074734533998910058 0.08054963894635625 -0.014950541238677154 -0.019492957788767491 0.061719795384770661 -0.021201242544637157 -0.036511252831434318 0.07371238999223817 0.049022503921154037 0.019298517449109629 0.074088897110026017 0.065592816036212809 0.037832874650328363 0.075739592613884119
leaf_weight=1810.7899560630322 259.76263827085495 758.08220140635967 718.68590624630451 13530.076114684343 652.48654174804688 1214.5914974063635 3271.3046525716782 5458.156793564558 179.79179236292839 519.29087282717228 119.40452049672604 540.67388224601746 2106.1867576241493 34.110531806945801 1042.9247468411922
leaf_count=7308 1089 3424 3058 54494 2685 5430 13225 22528 824 2238 502 2465 9536 147 4649
internal_value=3.43387e-05 -0.0112256 -0.000544958 -0.0101337 -0.0265412 0.0617074 -0.0167382 -0.0346941 0.0486505 0.0553723 0.0362572 0.0653214 0.0673283 0.0610673 0.0753165
internal_weight=32216.3 27242.5 16049.8 14248.8 11192.7 4973.81 5082.09 6110.64 1078.25 699.083 379.167 3895.56 2646.86 1248.7 1801.01
internal_count=133602 111371 65625 57552 45746 22231 20533 25213 4653 3062 1591 17578 12001 5577 8073
is_linear=0
shrinkage=0.05


Tree=10
num_leaves=16
num_cat=0
split_feature=2 1 4 3 3 4 3 2 3 3 2 4 3 1 2
split_gain=8237.18 1820.76 656.735 2489.83 557.727 742.095 454.831 259.498 40.0356 58.0924 36.1278 35.7676 21.1238 14.4451 13.8924
threshold=0.91971643518518531 28.180018517551936 1.0000000180025095e-35 1.00007030468741 1.00007030468741 1.0000000180025095e-35 1.00007030468741 3.1878455316466447 1.00007030468741 1.9999784771843854 6.0611173997456538 1.0000000180025095e-35 1.00007030468741 14.10012666465412 40.860718618009265
decision_type=2 2 2 2 2 2 2 2 2 2 2 2 2 2 2
left_child=1 2 3 -1 11 -6 -4 8 13 -10 12 -3 -9 -2 -12
right_child=7 4 6 -5 5 -7 -8 10 9 -11 14 -13 -14 -15 -16
leaf_value=-0.01870301996976504 -0.0036967120540549723 -0.0062771809989950163 -0.035294391451416017 0.075960477883176641 0.074845466689172399 0.0138271362429518 -0.017282705926407831 0.043954214167905542 0.072707707625951898 0.029467654874983984 0.064845878392361042 -0.021166294475613495 0.058868335486128756 0.02183047693841789 0.047037055039623799
leaf_weight=4028.0049504339695 79.468269601464272 983.59206514060497 5313.8886204957962 839.35919660329819 568.61164462566376 4028.8616732656956 10295.985301032662 364.94707201421261 98.09337605535984 373.18673521280289 3354.7760366052389 683.76101498305798 679.42574296891689 183.12085707485676 113.20373553037643
leaf_count=16331 327 3952 22110 3758 2571 16285 42017 1586 457 1566 15510 2794 3067 754 517
internal_value=4.02269e-05 -0.0111978 -0.0184141 -0.00237864 0.0123896 0.0213738 -0.0234142 0.0573248 0.0297504 0.0384677 0.0618094 -0.012383 0.0536567 0.0141051 0.0642646
internal_weight=31988.3 26742.1 20477.2 4867.36 6264.83 4597.47 15609.9 5246.22 733.869 471.28 4512.35 1667.35 1044.37 262.589 3467.98
internal_count=133602 109818 84216 20089 25602 18856 64127 23784 3104 2023 20680 6746 4653 1081 16027
is_linear=0
shrinkage=0.05


Tree=11
num_leaves=16
num_cat=0
split_feature=2 1 3 3 3 3 0 2 0 3 3 0 2 2 3
split_gain=7587.21 1661.91 595.876 3933.99 516.007 551.73 133.726 90.7227 67.8237 37.9126 25.4897 20.3761 18.5664 13.5036 7.90639
threshold=1.9626297871594764 27.621462880686476 1.00007030468741 1.9999784771843854 1.00007030468741 1.9999784771843854 89.89961959123751 4.1660994161900291 109.89751402908188 1.00007030468741 1.9999784771843854 83.257695374274917 6.0611173997456538 40.860718618009265 7.9999920423029671
decision_type=2 2 2 2 2 2 2 2 2 2 2 2 2 2 2
left_child=1 2 6 -4 8 -6 -1 9 -3 11 -11 -2 14 -14 -9
right_child=7 4 3 -5 5 -7 -8 12 -10 10 -12 -13 13 -15 -16
leaf_value=-0.022927615496390261 0.035201385237556136 0.00011549838328287843 0.07307094786103753 -0.020108541156431875 0.072485928751676643 0.014712815819050505 -0.036473940146344454 0.055013970702472048 -0.01990700162287156 0.070654143919956572 0.043380448514415589 0.0038746389995908169 0.063183121090278724 0.045472921174284427 0.033869021747222429
leaf_weight=6877.2849667221308 178.54994314908981 724.87336550652981 1279.8516418039799 9855.1518866270781 456.8155719190836 4333.4460358023643 2478.400977730751 629.07875299453735 1015.4169105887413 114.80579251050949 337.53445264697075 73.183379113674164 3272.9904651045799 111.29185158014297 47.549965262413025
leaf_count=28401 751 2931 5933 39986 2140 17566 10291 2884 4123 555 1490 306 15510 517 218
internal_value=4.43568e-05 -0.0102138 -0.0172141 -0.00939854 0.0117509 0.0202223 -0.0265162 0.0582163 -0.0115671 0.0416472 0.0503026 0.0260941 0.061089 0.0626007 0.053528
internal_weight=31786.2 27021.2 20490.7 11135 6530.55 4790.26 9355.69 4764.98 1740.29 704.074 452.34 251.733 4060.91 3384.28 676.629
internal_count=133602 111371 84611 45919 26760 19706 38692 22231 7054 3102 2045 1057 19129 16027 3102
is_linear=0
shrinkage=0.05


Tree=12
num_leaves=16
num_cat=0
split_feature=3 3 3 3 4 4 0 0 1 1 0 5 4 1 1
split_gain=1686.61 4191.4 2757.31 5497.28 376.458 96.7416 92.8879 82.7158 95.487 39.561 36.9069 7.94262 0.808416 0.0317184 0.0106006
threshold=1.00007030468741 1.9999784771843854 2.0001367691417618 2.9999721473679828 1.0000000180025095e-35 2.5000000000000004 101.66269625175356 89.89961959123751 7.3900723787310891 35.57188043040783 49.000638875890253 7.5000000000000009 1.0000000180025095e-35 13.918141435235034 28.180018517551936
decision_type=2 2 2 2 2 2 2 2 2 2 2 2 2 2 2
left_child=4 12 10 -4 7 6 -6 8 -1 -9 -3 -7 14 -14 -2
right_child=1 2 3 -5 5 11 -8 9 -10 -11 -12 -13 13 -15 -16
leaf_value=-0.066366090034452235 0.069707405524207441 -0.057439060906707452 0.092080478767630272 -0.002627608210277388 -0.017867366224228472 -0.033980704581340164 -0.032699721499503273 -0.016120673094678999 0.00089403665064902063 -0.0013200713073909568 -0.043380646765994409 -0.054270322553525076 0.071912157392281281 0.071335952815424805 0.069342212734593359
leaf_weight=53.575260326266289 735.14955277740955 608.22624817490578 1752.8003992140293 12173.780241459608 5067.2505411654711 60.579876512289047 1333.284851834178 1720.5376373529434 3501.0647143572569 612.11799803376198 2008.4163378030062 236.68619973957539 303.17960704863071 1125.3429849147797 272.32060591876507
leaf_count=219 3626 2516 7577 50473 21511 256 5690 7184 14551 2504 8328 999 1433 5381 1354
internal_value=4.90115e-05 0.00946071 0.000444196 0.00929236 -0.0141445 -0.0222521 -0.0209571 -0.00492073 -0.000119703 -0.0122368 -0.0466485 -0.0501355 0.0706933 0.0714582 0.0696087
internal_weight=31564.3 18979.2 16543.2 13926.6 12585.1 6697.8 6400.54 5887.3 3554.64 2332.66 2616.64 297.266 2435.99 1428.52 1007.47
internal_count=133602 80688 68894 58050 52914 28456 27201 24458 14770 9688 10844 1255 11794 6814 4980
is_linear=0
shrinkage=0.05


Tree=13
num_leaves=16
num_cat=0
split_feature=2 1 4 3 3 4 3 2 2 3 3 4 3 2 1
split_gain=6869.17 1468.51 557.622 2054.58 427.547 662.057 346.049 231.56 35.0178 29.6394 48.7947 28.1542 17.5846 13.0529 13.0367
threshold=0.91971643518518531 28.180018517551936 1.0000000180025095e-35 1.00007030468741 1.00007030468741 1.0000000180025095e-35 1.00007030468741 3.1878455316466447 6.0611173997456538 1.00007030468741 1.9999784771843854 1.0000000180025095e-35 1.00007030468741 40.860718618009265 14.10012666465412
decision_type=2 2 2 2 2 2 2 2 2 2 2 2 2 2 2
left_child=1 2 3 -1 11 -6 -4 9 12 14 -11 -3 -9 -10 -2
right_child=7 4 6 -5 5 -7 -8 8 13 10 -12 -13 -14 -15 -16
leaf_value=-0.016261347898427772 -0.0028343647549712364 -0.0051760850067775754 -0.031748276419630461 0.072152448175102329 0.071332224923149917 0.012108766267356671 -0.01592052513401079 0.04113166798147673 0.06130740319612641 0.068314203090197298 0.027174919687116935 -0.018428277462920944 0.054963830614982258 0.04370248095246166 0.021477023773569574
leaf_weight=4000.9303997755051 79.05992865562439 981.86471273005009 5218.7258709520102 786.20742331445217 534.67102332413197 4019.3831614255905 10208.583774521947 356.65992946922779 3167.0753958374262 89.614221155643463 368.32149511575699 677.20541550219059 645.83044204115868 108.90872430801392 182.27644555270672
leaf_count=16331 327 3952 22110 3758 2571 16285 42017 1586 15510 457 1566 2794 3067 517 754
internal_value=5.14104e-05 -0.0101144 -0.0166488 -0.00174086 0.0111453 0.0190619 -0.0212747 0.053807 0.0582198 0.027558 0.0352255 -0.0105854 0.0500427 0.0607221 0.0141223
internal_weight=31425.3 26427.6 20214.4 4787.14 6213.12 4554.05 15427.3 4997.75 4278.47 719.272 457.936 1659.07 1002.49 3275.98 261.336
internal_count=133602 109818 84216 20089 25602 18856 64127 23784 20680 3104 2023 6746 4653 16027 1081
is_linear=0
shrinkage=0.05


Tree=14
num_leaves=16
num_cat=0
split_feature=2 1 4 5 5 4 2 5 2 1 0 2 5 2 1
split_gain=6335.11 1340.5 501.159 176.141 126.011 88.7976 87.7763 86.8276 22.3944 17.1385 12.8876 11.6933 9.21253 8.62905 8.58516
threshold=1.9626297871594764 27.621462880686476 1.0000000180025095e-35 19.500000000000004 72.500000000000014 1.0000000180025095e-35 5.1031252029458889 19.500000000000004 2.8214525462962965 14.10012666465412 285.91868535086513 40.860718618009265 69.500000000000014 6.0611173997456538 9.5100506816796813
decision_type=2 2 2 2 2 2 2 2 2 2 2 2 2 2 2
left_child=1 2 7 -4 5 -3 8 -1 9 -2 -6 13 -13 -8 -10
right_child=6 4 3 -5 10 -7 11 -9 14 -11 -12 12 -14 -15 -16
leaf_value=0.0087798873237571236 -2.9045197047095052e-05 0.021981673498731619 -0.011523739892012663 -0.023323738807078873 -0.05298561906175886 0.0081996155016933539 0.051211763649950927 -0.0058634173768862298 0.027218947524787047 0.034734041011485077 -0.019229252720939033 0.045381125082693333 -0.027056693463667104 0.059871609507124848 0.047336707604570968
leaf_weight=1455.4202763140202 43.816863507032394 1543.79485014081 4438.4156133532524 11001.715300068259 74.439754813909531 4810.5336547195911 317.26443235576153 3325.1429918110371 57.223354369401932 185.78586980700493 45.592367380857468 102.41597105562687 4.5857618004083625 3083.0157789736986 723.82407559454441
leaf_count=6166 192 6713 18508 45903 302 19559 1551 14034 261 842 186 495 22 15510 3358
internal_value=5.51538e-05 -0.00921174 -0.0155517 -0.0199317 0.0105893 0.011548 0.0548103 -0.00140533 0.0418274 0.0280999 -0.0401638 0.0585515 0.0422767 0.0590636 0.0458628
internal_weight=31213 26695.1 20220.7 15440.1 6474.36 6354.33 4517.93 4780.56 1010.65 229.603 120.032 3507.28 107.002 3400.28 781.047
internal_count=133602 111371 84611 64411 26760 26272 22231 20200 4653 1034 488 17578 517 17061 3619
is_linear=0
shrinkage=0.05


Tree=15
num_leaves=16
num_cat=0
split_feature=2 1 4 3 3 4 3 2 2 3 3 5 3 2 1
split_gain=5854.14 1207.09 457.9 1899.73 396.594 619.903 323.103 209.473 35.1933 27.6133 47.5221 24.8562 17.951 12.5952 10.9468
threshold=0.91971643518518531 28.180018517551936 1.0000000180025095e-35 1.00007030468741 1.00007030468741 1.0000000180025095e-35 1.00007030468741 3.1878455316466447 6.0611173997456538 1.00007030468741 1.9999784771843854 72.500000000000014 1.00007030468741 40.860718618009265 14.10012666465412
decision_type=2 2 2 2 2 2 2 2 2 2 2 2 2 2 2
left_child=1 2 3 -1 11 -6 -4 9 12 14 -11 -3 -9 -10 -2
right_child=7 4 6 -5 5 -7 -8 8 13 10 -12 -13 -14 -15 -16
leaf_value=-0.015423526282548547 -0.0026144419892922695 -0.010003223857771564 -0.029559849547019231 0.070650687320520641 0.06945051068954948 0.011138610208529744 -0.014192624604685509 0.0378769709620232 0.058518145761210165 0.066837995916919454 0.025512691190863232 -0.056541143718455748 0.052091494748849936 0.040908849904887752 0.019702495656590258
leaf_weight=3990.5747553557158 78.85195617377758 1629.6189711391926 5152.3064957261086 763.72678013145924 514.05373227596283 4020.0896946638823 10176.335494220257 346.4053028523922 2998.7536223530769 85.968405902385712 364.63889373838902 29.206204891204834 618.98995573818684 105.10503348708153 181.26721562445164
leaf_count=16331 327 6626 22110 3758 2571 16285 42017 1586 15510 457 1566 120 3067 517 754
internal_value=5.6857e-05 -0.00920214 -0.0151532 -0.00159664 0.0100964 0.0177497 -0.0193579 0.0509542 0.0553286 0.0259089 0.0333969 -0.0108226 0.046991 0.0579218 0.0129374
internal_weight=31055.9 26275.9 20082.9 4754.3 6192.97 4534.14 15328.6 4779.98 4069.25 710.726 450.607 1658.83 965.395 3103.86 260.119
internal_count=133602 109818 84216 20089 25602 18856 64127 23784 20680 3104 2023 6746 4653 16027 1081
is_linear=0
shrinkage=0.05


Tree=16
num_leaves=16
num_cat=0
split_feature=2 1 3 3 3 3 0 2 0 3 3 0 3 3 0
split_gain=5401.75 1101.6 416.879 3196.76 367.083 470.559 121.217 86.4377 61.0233 26.3778 31.7013 18.3887 12.8428 13.1716 8.62596
threshold=1.9626297871594764 27.621462880686476 1.00007030468741 1.9999784771843854 1.00007030468741 1.9999784771843854 89.89961959123751 5.1031252029458889 109.89751402908188 1.00007030468741 1.9999784771843854 84.990420251161325 1.00007030468741 1.9999784771843854 293.33070884881909
decision_type=2 2 2 2 2 2 2 2 2 2 2 2 2 2 2
left_child=1 2 6 -4 8 -6 -1 9 -3 11 -11 -2 14 -14 -9
right_child=7 4 3 -5 5 -7 -8 12 -10 10 -12 -13 13 -15 -16
leaf_value=-0.01856522760148923 0.035920703557938992 0.0010076682811638723 0.069769331325612999 -0.017000762936307999 0.067917852216452121 0.011953778834141223 -0.031621387244029103 0.052188877589482013 -0.018026300291294151 0.065400818024720905 0.038897266829613482 0.011629701237051869 0.06506799151247622 0.055954491016587227 0.02525886761162684
leaf_weight=6739.2392052710056 245.69048093259335 722.73222404718399 1191.2751246839762 9742.0687542557716 411.46823625266552 4309.8477161824703 2414.7452200949192 1056.8380290865898 1008.9405208528042 148.30058555305004 471.66244946420193 114.09052360057831 515.33505511283875 1718.8500685542822 30.596311539411545
leaf_count=28401 1089 2931 5933 39986 2140 17566 10291 5430 4123 824 2238 502 2897 9104 147
internal_value=6.02875e-05 -0.00836371 -0.0141373 -0.00754647 0.00960885 0.0168311 -0.0220093 0.0520381 -0.0100823 0.0389873 0.0452371 0.0282178 0.0558876 0.0580566 0.0514312
internal_weight=30841.7 26540.3 20087.3 10933.3 6452.99 4721.32 9153.98 4301.36 1731.67 979.744 619.963 359.781 3321.62 2234.19 1087.43
internal_count=133602 111371 84611 45919 26760 19706 38692 22231 7054 4653 3062 1591 17578 12001 5577
is_linear=0
shrinkage=0.05


Tree=17
num_leaves=16
num_cat=0
split_feature=2 1 3 3 3 3 2 5 0 2 1 0 3 3 2
split_gain=5000.61 995.246 376.333 2947.61 325.794 422.933 192.856 119.339 45.1394 35.3477 24.7803 19.4231 17.2072 14.134 12.9618
threshold=0.91971643518518531 28.180018517551936 1.00007030468741 1.9999784771843854 1.00007030468741 1.9999784771843854 3.1878455316466447 19.500000000000004 109.89751402908188 6.0611173997456538 13.600143917749557 12.739860409862628 1.00007030468741 1.00007030468741 40.860718618009265
decision_type=2 2 2 2 2 2 2 2 2 2 2 2 2 2 2
left_child=1 2 7 -4 8 -6 10 -1 -3 12 11 -2 -8 -12 -11
right_child=6 4 3 -5 5 -7 9 -9 -10 14 13 -13 -14 -15 -16
leaf_value=-0.012395089518271115 0.077617646711350297 -4.2577746185216049e-05 0.068505844248881204 -0.016482066192081816 0.066748532707735481 0.011502260725856145 0.035217607732497727 -0.025037848695978533 -0.016791918837290535 0.056053768016578354 0.017530803794895279 -0.00084962464665745349 0.04937433218468084 0.034214901249501641 0.037792400113691782
leaf_weight=2632.5874227285385 8.4431699812412244 690.18321806192398 1140.0667417645454 9705.3070352226496 378.16619978845119 4126.8761552423239 337.12398862838745 6414.6350222527981 964.22747653722763 2832.899213552475 190.30490180850029 119.60232217609882 590.8299975246191 381.2475354373455 100.62311653792858
leaf_count=11124 37 2798 5850 39925 2033 16823 1586 27317 3948 15510 796 518 3067 1753 517
internal_value=6.41555e-05 -0.00839137 -0.0138294 -0.00754813 0.00917124 0.0161398 0.0483606 -0.021359 -0.00980447 0.0527368 0.0242057 0.00432442 0.0442312 0.0286597 0.0554274
internal_weight=30613.1 26052 19892.6 10845.4 6159.45 4505.04 4561.07 9047.22 1654.41 3861.48 699.598 128.045 927.954 571.552 2933.52
internal_count=133602 109818 84216 45775 25602 18856 23784 38441 6746 20680 3104 555 4653 2549 16027
is_linear=0
shrinkage=0.05


Tree=18
num_leaves=16
num_cat=0
split_feature=2 1 4 3 3 4 3 2 5 3 3 4 3 3 2
split_gain=4616.56 914.469 401.879 1470.17 333.5 752.643 230.402 85.2578 40.6067 24.7508 32.9029 15.7814 13.6829 14.363 7.98374
threshold=1.9626297871594764 23.982198772301004 1.0000000180025095e-35 1.00007030468741 1.00007030468741 1.0000000180025095e-35 2.0001367691417618 5.1031252029458889 14.500000000000002 1.00007030468741 1.9999784771843854 1.0000000180025095e-35 1.00007030468741 1.9999784771843854 7.9702360390038773
decision_type=2 2 2 2 2 2 2 2 2 2 2 2 2 2 2
left_child=1 2 3 -1 8 -6 -4 9 -3 11 -11 -2 14 -14 -9
right_child=7 4 6 -5 5 -7 -8 12 -10 10 -12 -13 13 -15 -16
leaf_value=-0.012698955304413851 0.014494114798674003 0.0048490256569262979 -0.02397051030301954 0.068625760562252169 0.067483315565541879 0.0069496532020629463 -0.011144957407506706 0.042114040492164169 -0.012827650735676741 0.063816127270566125 0.036083619695775712 0.035689093589779286 0.063365377792696756 0.053535656672934306 0.051667253170561235
leaf_weight=3687.6204611361027 163.42287570238113 394.03856821358204 7336.9709926992655 654.33940844237804 570.92000485956669 5105.0161450058222 6698.6869667768478 314.37791527807713 1851.3705770522356 139.72773955762386 455.98105771839619 189.85663624107838 481.93514963984489 1623.5559403300285 718.59527903795242
leaf_count=15233 735 1621 32227 3444 3038 20828 27341 1669 7639 824 2238 856 2897 9104 3908
internal_value=6.7604e-05 -0.00761567 -0.0137369 -0.000443207 0.0065857 0.0130385 -0.0178494 0.0495024 -0.00972564 0.0363701 0.0425885 0.0258845 0.0534732 0.0557856 0.0487598
internal_weight=30386.4 26299 18377.6 4341.96 7921.35 5675.94 14035.7 4087.45 2245.41 948.988 595.709 353.28 3138.46 2105.49 1032.97
internal_count=133602 111371 78245 18677 33126 23866 59568 22231 9260 4653 3062 1591 17578 12001 5577
is_linear=0
shrinkage=0.05


Tree=19
num_leaves=16
num_cat=0
split_feature=3 3 3 3 4 4 0 0 1 0 0 5 4 1 1
split_gain=971.977 3188.96 2247.78 4885.41 236.139 85.0417 88.3198 74.335 81.7693 32.7503 26.3576 6.96712 3.89886 0.237597 0.0102324
threshold=1.00007030468741 1.9999784771843854 2.0001367691417618 2.9999721473679828 1.0000000180025095e-35 2.5000000000000004 101.66269625175356 89.89961959123751 7.3900723787310891 89.900126469839748 49.000638875890253 7.5000000000000009 1.0000000180025095e-35 15.100019546061212 27.870248886152158
decision_type=2 2 2 2 2 2 2 2 2 2 2 2 2 2 2
left_child=4 12 10 -4 7 6 -6 8 -1 -9 -3 -7 14 -14 -2
right_child=1 2 3 -5 5 11 -8 9 -10 -11 -12 -13 13 -15 -16
leaf_value=-0.061079511122979824 0.062958156095907297 -0.05264852218820585 0.089250991216493825 -0.0031991923941518626 -0.013187739507556966 -0.028893387432426799 -0.028018326415610285 -0.051552130797488785 0.0020497254333429523 -0.0096742430411757285 -0.040562675056644765 -0.048335204878237649 0.068269432096069574 0.066812476185948724 0.06255863264492105
leaf_weight=52.079847767949104 589.41307590901852 587.07681672275066 1625.1903139650822 11836.015201240778 4830.2114031612873 57.995185747742653 1267.2566087841988 47.688887566328049 3400.65752607584 2219.7862447500229 1947.9774599075317 224.30388496816158 414.41998419165611 861.59471720457077 220.11293730139732
leaf_count=219 3608 2516 7577 50473 21511 256 5690 203 14551 9485 8328 999 2146 4668 1372
internal_value=7.05335e-05 0.00741055 -0.000171274 0.00796245 -0.0108981 -0.0175121 -0.01627 -0.00352151 0.00109751 -0.010555 -0.0433616 -0.0443411 0.0655637 0.0672857 0.0628495
internal_weight=30181.8 18081.8 15996.3 13461.2 12100 6379.77 6097.47 5720.21 3452.74 2267.48 2535.05 282.299 2085.54 1276.01 809.526
internal_count=133602 80688 68894 58050 52914 28456 27201 24458 14770 9688 10844 1255 11794 6814 4980
is_linear=0
shrinkage=0.05


Tree=20
num_leaves=16
num_cat=0
split_feature=2 3 3 3 4 2 0 0 3 3 2 0 2 3 4
split_gain=4198.75 692.191 2736.27 1728.01 190.408 179.01 65.8346 59.5175 28.4976 46.1672 22.38 13.8524 13.3397 10.9929 4.24053
threshold=0.91971643518518531 1.00007030468741 1.9999784771843854 2.0001367691417618 1.0000000180025095e-35 3.8503349671125346 49.892028882551436 19.899656611312228 1.00007030468741 1.9999784771843854 6.0611173997456538 83.257695374274917 40.860718618009265 7.9999920423029671 1.0000000180025095e-35
decision_type=2 2 2 2 2 2 2 2 2 2 2 2 2 2 2
left_child=1 4 14 -4 6 8 -1 -6 11 -10 13 -2 -12 -7 -3
right_child=5 2 3 -5 7 10 -8 -9 9 -11 12 -13 -14 -15 -16
leaf_value=-0.0024551072506313236 0.020821354466329756 0.062170551724680369 -0.046997393822851501 0.00043823548261726346 -0.0088312505519562573 0.044550712397955348 -0.014523914211520923 -0.025433565862800447 0.062624745018590888 0.025762951656423588 0.053590058861469128 -0.0014756272542501628 0.034588545616935008 0.019776985711114248 0.067846461778429221
leaf_weight=1759.1720553338528 234.42005804181099 525.80857306718826 2307.3964200019836 11432.098341524601 604.41500233113766 632.06920547783375 3159.2290372550488 5050.9445279091597 104.53117328882217 453.25211395323277 2647.197164312005 99.108096018433571 95.704812079668045 48.192745998501778 879.48534063994884
leaf_count=7221 1003 3341 9778 46970 2638 3367 13062 22266 652 2066 15510 417 517 252 4542
internal_value=7.21719e-05 -0.00758505 -0.000731069 -0.00752805 -0.017402 0.0457168 -0.0102072 -0.0236592 0.0257576 0.032671 0.0509137 0.0141958 0.0529271 0.0427956 0.0657227
internal_weight=30033 25718.5 15144.8 13739.5 10573.8 4314.48 4918.4 5655.36 891.311 557.783 3423.16 333.528 2742.9 680.262 1405.29
internal_count=133602 109818 64631 56748 45187 23784 20283 24904 4138 2718 19646 1420 16027 3619 7883
is_linear=0
shrinkage=0.05


Tree=21
num_leaves=16
num_cat=0
split_feature=2 1 4 3 3 3 3 3 2 3 4 3 2 1 3
split_gain=3881 805.277 343.152 1399.22 273.44 246.746 509.248 69.1196 45.2677 18.3585 24.8011 21.5781 13.1887 11.0691 5.38423
threshold=2.8214525462962965 28.180018517551936 1.0000000180025095e-35 1.00007030468741 9.9994156256975142 9.9994156256975142 8.0000467969291389 10.015470520547924 6.0611173997456538 1.00007030468741 1.0000000180025095e-35 7.9999920423029671 40.860718618009265 9.5100506816796813 9.2956396940832509
decision_type=2 2 2 2 2 2 2 2 2 2 2 2 2 2 2
left_child=1 2 3 -1 -4 6 -3 -7 9 10 -2 -11 13 -10 -14
right_child=8 5 4 -5 -6 7 -8 -9 12 11 -12 -13 14 -15 -16
leaf_value=-0.011015559698985425 0.016723744574339148 0.0088427578473435822 -0.013789731289532134 0.066243841397937403 -0.047306456813415526 -0.027212509025751314 0.077540403262203239 0.028343742066984048 0.033076266305234248 0.047835100112436336 0.042901472647405355 0.017762849970274341 0.035941254358583107 0.053081767115511325 -0.0242748919556669
leaf_weight=4012.2741808742285 173.93555475771427 5332.8052710443735 14621.022141039371 686.27315905690193 634.95324866473675 537.21129949390888 284.138517588377 62.498745173215866 71.113649472594261 544.62518088519573 188.57086370885372 66.988739386200905 90.152989983558655 2496.6115741282701 3.8716778159141532
leaf_count=16661 841 22647 63008 3928 2600 2152 1157 252 418 3072 909 348 496 15092 21
internal_value=7.42093e-05 -0.00665052 -0.0115459 0.000269003 -0.0151847 0.00906299 0.0123179 -0.0214227 0.0484791 0.0392569 0.030341 0.0445414 0.0518542 0.0525277 0.0334617
internal_weight=29807 26171.2 19954.5 4698.55 15256 6216.65 5616.94 599.71 3635.87 974.12 362.506 611.614 2661.75 2567.73 94.0247
internal_count=133602 112405 86197 20589 65608 26208 23804 2404 21197 5170 1750 3420 16027 15510 517
is_linear=0
shrinkage=0.05


Tree=22
num_leaves=16
num_cat=0
split_feature=2 3 3 3 4 2 0 5 3 3 2 2 0 3 4
split_gain=3603.95 613.002 2505.89 1572.25 171.101 164.636 62.0309 57.1752 25.6772 45.1348 22.4945 13.047 12.7015 10.0389 4.41065
threshold=0.91971643518518531 1.00007030468741 1.9999784771843854 2.0001367691417618 1.0000000180025095e-35 3.8503349671125346 49.892028882551436 4.5000000000000009 1.00007030468741 1.9999784771843854 6.0611173997456538 40.860718618009265 83.257695374274917 7.9999920423029671 1.0000000180025095e-35
decision_type=2 2 2 2 2 2 2 2 2 2 2 2 2 2 2
left_child=1 4 14 -4 6 8 -1 -6 12 -10 13 -12 -2 -7 -3
right_child=5 2 3 -5 7 10 -8 -9 9 -11 11 -13 -14 -15 -16
leaf_value=-0.0018460129702723661 0.019711636227183083 0.060890567353681237 -0.044806447744498913 0.00072014550765221817 0.020460212283739246 0.042163306621587127 -0.013577169073843638 -0.022771147846850161 0.061557642881199172 0.024217482508954859 0.051503875807016312 0.032368777980194198 -0.001676388454730448 0.018249204516067725 0.066838536206298219
leaf_weight=1755.4903508722782 233.01204569637775 490.60791309177876 2274.6913974881172 11403.591777712107 77.555606335401535 605.32582323253155 3146.7533297538757 5516.2410936057568 98.810266897082329 447.17820784449577 2489.8249668031931 92.387107387185097 98.867788553237915 47.315579771995544 854.58554385602474
leaf_count=7221 1003 3341 9778 46970 342 3367 13062 24562 652 2066 15510 517 417 252 4542
internal_value=7.58133e-05 -0.00692431 -0.000447031 -0.0068509 -0.0161955 0.0435117 -0.00937625 -0.0221718 0.0243082 0.0309751 0.0487231 0.0508193 0.0133401 0.0404296 0.0646692
internal_weight=29632.2 25519.5 15023.5 13678.3 10496 4112.72 4902.24 5593.8 877.868 545.988 3234.85 2582.21 331.88 652.641 1345.19
internal_count=133602 109818 64631 56748 45187 23784 20283 24904 4138 2718 19646 16027 1420 3619 7883
is_linear=0
shrinkage=0.05


Tree=23
num_leaves=16
num_cat=0
split_feature=2 1 4 3 3 3 3 3 2 3 4 3 2 1 5
split_gain=3333.86 721.492 285.31 1139.08 279.375 548.336 212.702 82.7082 45.0889 18.3149 23.5608 20.9656 12.9169 11.2805 9.75277
threshold=2.8214525462962965 23.982198772301004 1.0000000180025095e-35 1.00007030468741 9.9994156256975142 8.0000467969291389 9.9994156256975142 10.015470520547924 6.0611173997456538 1.00007030468741 1.0000000180025095e-35 1.9999784771843854 40.860718618009265 9.5100506816796813 69.500000000000014
decision_type=2 2 2 2 2 2 2 2 2 2 2 2 2 2 2
left_child=1 2 3 -1 5 -3 -4 -6 9 10 -2 -11 13 -10 -14
right_child=8 4 6 -5 7 -7 -8 -9 12 11 -12 -13 14 -15 -16
leaf_value=-0.01047587778095762 0.014584636482643552 0.0065453588920728126 -0.01379193482829749 0.064956614739071952 -0.02933422324465166 0.073156141297383917 -0.046207380859124757 0.026539609788574545 0.030395491500448159 0.060543141865950015 0.040444755476245549 0.03745391403991629 0.034851088306405952 0.051093691393715862 -0.044375774614648027
leaf_weight=3685.5607229173183 170.23814783990383 6830.4810489416122 13321.043661281466 579.1071245521307 629.74534823000431 323.59331940114498 526.05183091759682 74.017249032855034 67.726987093687057 125.04212492704391 182.50144016742706 460.00753152370453 86.731153264641762 2345.9524656534195 4.0665179938077918
leaf_count=15358 841 29234 57976 3510 2533 1323 2171 300 418 870 909 2550 495 15092 22
internal_value=7.74109e-05 -0.00605134 -0.0115407 -0.00023276 0.00660132 0.0095583 -0.0150234 -0.0234578 0.0463148 0.0369631 0.0279642 0.0423888 0.0498165 0.0505129 0.0313028
internal_weight=29411.9 25969.6 18111.8 4264.67 7857.84 7154.07 13847.1 703.763 3442.27 937.789 352.74 585.05 2504.48 2413.68 90.7977
internal_count=133602 112405 79015 18868 33390 30557 60147 2833 21197 5170 1750 3420 16027 15510 517
is_linear=0
shrinkage=0.05


Tree=24
num_leaves=16
num_cat=0
split_feature=2 1 3 3 3 3 2 0 5 3 3 2 2 0 2
split_gain=3096.02 655.458 280.658 582.733 211.037 324.239 151.829 38.7785 28.6179 26.0696 45.9514 17.7563 12.7814 12.7064 9.42227
threshold=0.91971643518518531 28.180018517551936 9.9994156256975142 9.000304054078585 1.00007030468741 1.9999784771843854 4.1660994161900291 109.89751402908188 19.500000000000004 1.00007030468741 1.9999784771843854 6.0611173997456538 40.860718618009265 83.257695374274917 4.5749184975736945
decision_type=2 2 2 2 2 2 2 2 2 2 2 2 2 2 2
left_child=1 2 3 -1 7 -6 9 -3 -4 13 -11 14 -13 -2 -8
right_child=6 4 8 -5 5 -7 11 -9 -10 10 -12 12 -14 -15 -16
leaf_value=-0.010348280422695356 0.019773187949089461 0.001771217152303761 -0.028604732258037825 0.11762918302350477 0.062357369299198565 0.009939446380383939 0.053516305909166756 -0.013812569353523034 -0.051578142388184957 0.060503683320438088 0.02412946399572628 0.0495521944431827 0.030272534540650833 -0.00048761317214230911 0.035762904126220386
leaf_weight=18564.632918864489 259.29654486477375 686.53753703832626 201.59436245262623 89.377546072006226 317.89284436404705 4099.5021202117205 89.924299687147141 953.78089153766632 413.83382964134216 105.85475671291351 483.01165923476219 2339.3569678515196 89.244042173027992 110.30231592059135 442.49911306798458
leaf_count=81291 1143 2798 835 368 2033 16823 517 3948 1722 745 2294 15510 517 473 2585
internal_value=7.84284e-05 -0.00632121 -0.0108311 -0.0097351 0.00802474 0.0137116 0.041432 -0.00729014 -0.0440528 0.0241352 0.0306681 0.0470308 0.0488437 0.0137266 0.0387614
internal_weight=29246.6 25327.2 19269.4 18654 6057.71 4417.39 3919.49 1640.32 615.428 958.465 588.866 2961.02 2428.6 369.599 532.423
internal_count=133602 109818 84216 81659 25602 18856 23784 6746 2557 4655 3039 19129 16027 1616 3102
is_linear=0
shrinkage=0.05


Tree=25
num_leaves=16
num_cat=0
split_feature=2 1 4 3 3 3 3 3 2 3 4 3 2 1 5
split_gain=2865.95 602.334 257.69 1055.9 251.287 491.237 176.586 74.8495 44.628 17.8529 22.29 21.4649 12.6593 11.5117 9.06236
threshold=2.8214525462962965 23.982198772301004 1.0000000180025095e-35 1.00007030468741 9.9994156256975142 8.0000467969291389 9.9994156256975142 10.015470520547924 6.0611173997456538 1.00007030468741 1.0000000180025095e-35 1.9999784771843854 40.860718618009265 9.5100506816796813 69.500000000000014
decision_type=2 2 2 2 2 2 2 2 2 2 2 2 2 2 2
left_child=1 2 3 -1 5 -3 -4 -6 9 10 -2 -11 13 -10 -14
right_child=8 4 6 -5 7 -7 -8 -9 12 11 -12 -13 14 -15 -16
leaf_value=-0.0095010774719441436 0.012759827545948897 0.0060335384970765151 -0.012727584441979321 0.064162587848856964 -0.028059697947679776 0.069236621403781395 -0.042516134036287713 0.025141923614663098 0.027802147615583524 0.059457587872665321 0.038229534734219528 0.035317045617742744 0.032816859491336399 0.049226603159669355 -0.043357308949873399
leaf_weight=3670.355235517025 167.04905800521374 6813.0428956747055 13254.839125066996 560.80046160519123 628.33271323144436 321.96437974274158 516.90750300884247 73.885946437716484 64.536313742399216 116.24117238819599 176.83598314225674 443.05274531245232 83.654216393828392 2202.4629755467176 4.09566606581211
leaf_count=15358 841 29234 57976 3510 2533 1323 2171 300 418 870 909 2550 495 15092 22
internal_value=7.86546e-05 -0.00549315 -0.0105299 0.000262358 0.0060768 0.00888555 -0.0138457 -0.0224619 0.0442712 0.0348221 0.0258571 0.0403343 0.0478954 0.0486167 0.0292615
internal_weight=29098.1 25840.1 18002.9 4231.16 7837.23 7135.01 13771.7 702.219 3257.93 903.179 343.885 559.294 2354.75 2267 87.7499
internal_count=133602 112405 79015 18868 33390 30557 60147 2833 21197 5170 1750 3420 16027 15510 517
is_linear=0
shrinkage=0.05


Tree=26
num_leaves=16
num_cat=0
split_feature=2 1 4 2 5 5 5 5 5 1 0 2 1 2 2
split_gain=2659.86 545.32 232.478 140.727 128.936 155.866 119.43 100.006 73.4672 21.9143 18.3998 17.74 12.9191 12.5229 9.25241
threshold=0.91971643518518531 23.982198772301004 1.0000000180025095e-35 4.1660994161900291 13.500000000000002 8.5000000000000018 19.500000000000004 72.500000000000014 68.500000000000014 13.44022313185139 12.739860409862628 6.0611173997456538 17.918467522094321 40.860718618009265 4.5749184975736945
decision_type=2 2 2 2 2 2 2 2 2 2 2 2 2 2 2
left_child=1 2 8 9 5 -3 -4 -6 -1 10 -2 14 -11 -13 -5
right_child=3 4 6 11 7 -7 -8 -9 -10 12 -12 13 -14 -15 -16
leaf_value=-0.0033560903828940211 0.068275701148526921 0.013389463509471081 -0.0063478666973529304 0.051670866675440852 0.0031046125893648083 0.070713345450112958 -0.016788913579638555 -0.036899549983782552 0.01401356289046876 0.033446968316455335 0.0018894442925416065 0.047704946928701281 0.020469029263148607 0.028286220450297602 0.033643552922570992
leaf_weight=3362.6433892995119 11.185611285269259 1458.4945757389069 3833.6212659776211 85.488285794854164 5923.8202001303434 129.07688553631306 9590.5852324664593 160.45867957174778 743.34047639369965 347.49102841317654 156.06107866019011 2196.6168093159795 427.89125080406666 86.285063967108727 425.1345417201519
leaf_count=15040 52 6198 16719 517 25211 577 42046 665 3362 1756 738 15510 2109 517 2585
internal_value=7.93758e-05 -0.0057572 -0.0106228 0.0394497 0.00536067 0.0180502 -0.0138072 0.0020496 -0.000211517 0.0227445 0.00632942 0.0450866 0.0262852 0.046971 0.0366617
internal_weight=28938.2 25202 17530.2 3736.15 7671.85 1587.57 13424.2 6084.28 4105.98 942.629 167.247 2793.52 775.382 2282.9 510.623
internal_count=133602 109818 77167 23784 32651 6775 58765 25876 18402 4655 790 19129 3865 16027 3102
is_linear=0
shrinkage=0.05


Tree=27
num_leaves=16
num_cat=0
split_feature=3 3 3 3 4 0 4 0 5 1 1 0 4 1 1
split_gain=648.492 2465.54 1645.6 4439.85 147 83.3159 77.5836 66.76 82.9615 31.4478 24.5236 20.8276 4.52145 0.466346 0.0164356
threshold=1.00007030468741 1.9999784771843854 2.0001367691417618 2.9999721473679828 1.0000000180025095e-35 101.66269625175356 2.5000000000000004 89.89961959123751 27.500000000000004 104.39500000000002 14.10012666465412 49.000638875890253 1.0000000180025095e-35 27.430382768235663 23.982198772301004
decision_type=2 2 2 2 2 2 2 2 2 2 2 2 2 2 2
left_child=4 12 11 -4 7 6 -6 8 -1 -9 -7 -3 14 -14 -2
right_child=1 2 3 -5 5 10 -8 9 -10 -11 -12 -13 13 -15 -16
leaf_value=0.011475264261749898 0.058807293522929266 -0.046669355312302166 0.087654318515299645 -0.0036886838306511359 -0.010047705670160854 -0.041962669151087185 -0.04122842669254366 -0.010977958271142115 -0.0047790221571475814 0.02356126774279467 -0.022811919216548154 -0.03560883445648088 0.064768268506546184 0.062204026183771736 0.059336580615080937
leaf_weight=1252.3001397699118 414.59074307233095 552.72375148534775 1504.3971863538027 11497.080665245652 4605.4398229420185 198.12042210996151 208.53072069585323 2137.1495257914066 2103.8348941355944 67.999864146113396 1070.0101958662271 1850.9807571023703 896.30555789172649 221.03412551432848 226.96437549591064
leaf_count=5476 3262 2516 7577 50473 21511 953 975 9403 9294 285 5017 8328 5380 1434 1718
internal_value=7.85764e-05 0.00625731 -0.000145971 0.00688059 -0.00902979 -0.014402 -0.0113984 -0.00315452 0.00128606 -0.00991288 -0.0258038 -0.0381522 0.0623401 0.064261 0.0589945
internal_weight=28807.5 17164.1 15405.2 13001.5 11643.4 6082.1 4813.97 5561.28 3356.14 2205.15 1268.13 2403.7 1758.89 1117.34 641.555
internal_count=133602 80688 68894 58050 52914 28456 22486 24458 14770 9688 5970 10844 11794 6814 4980
is_linear=0
shrinkage=0.05


Tree=28
num_leaves=16
num_cat=0
split_feature=3 3 3 3 4 0 4 0 5 0 1 0 4 1 1
split_gain=588.557 2324.53 1498.47 4096.51 133.758 76.4463 71.6157 60.3426 74.8224 28.5104 23.0269 19.7927 3.77904 0.389494 0.0137792
threshold=1.00007030468741 1.9999784771843854 2.0001367691417618 2.9999721473679828 1.0000000180025095e-35 101.66269625175356 2.5000000000000004 89.89961959123751 27.500000000000004 89.900126469839748 14.10012666465412 49.000638875890253 1.0000000180025095e-35 27.430382768235663 23.982198772301004
decision_type=2 2 2 2 2 2 2 2 2 2 2 2 2 2 2
left_child=4 12 11 -4 7 6 -6 8 -1 -9 -7 -3 14 -14 -2
right_child=1 2 3 -5 5 10 -8 9 -10 -11 -12 -13 13 -15 -16
leaf_value=0.01089093562829991 0.058304606204910042 -0.044956682205665191 0.085031760782354041 -0.003504602470134191 -0.0095703480844377582 -0.040497603889653774 -0.039729279364525687 -0.048377698779139292 -0.0045421697199567856 -0.0085985118684128083 -0.021810693655377567 -0.034108034957532361 0.06386266222254211 0.061474193325845264 0.058799351017841207
leaf_weight=1253.4836238771677 397.68475583195686 545.28279489278793 1474.0256707072258 11495.953723460436 4593.7036520391703 195.10121592879295 205.65367390215397 46.004319965839386 2102.8877599239349 2156.3816786706448 1063.3463626205921 1836.1876337528229 864.37420462816954 212.6868093162775 217.81764783710241
leaf_count=5476 3262 2516 7577 50473 21511 953 975 203 9294 9485 5017 8328 5380 1434 1718
internal_value=7.96628e-05 0.00599494 -0.000136313 0.00655747 -0.00859932 -0.0137388 -0.0108627 -0.00299839 0.00122154 -0.00942944 -0.0247078 -0.036592 0.061605 0.063391 0.0584797
internal_weight=28660.6 17044 15351.4 12970 11616.6 6057.8 4799.36 5558.76 3356.37 2202.39 1258.45 2381.47 1692.56 1077.06 615.502
internal_count=133602 80688 68894 58050 52914 28456 22486 24458 14770 9688 5970 10844 11794 6814 4980
is_linear=0
shrinkage=0.05


Tree=29
num_leaves=16
num_cat=0
split_feature=2 1 3 3 3 3 1 2 3 3 3 2 1 3 0
split_gain=2381.76 490.149 238.383 540.726 179.773 382.693 55.9878 43.6178 32.9364 14.5639 18.6684 12.3299 11.4961 6.52454 5.7553
threshold=2.8214525462962965 28.180018517551936 9.9994156256975142 8.0000467969291389 9.9994156256975142 8.0000467969291389 140.01478320893185 6.0611173997456538 10.015470520547924 9.9994156256975142 1.00007030468741 40.860718618009265 9.5100506816796813 9.3947223280263064 249.90017763790456
decision_type=2 2 2 2 2 2 2 2 2 2 2 2 2 2 2
left_child=1 2 3 -1 5 -3 -6 9 -4 10 -2 12 -9 -13 -11
right_child=7 4 8 -5 6 -7 -8 11 -10 14 -12 13 -14 -15 -16
leaf_value=-0.0088260158022261306 0.024338397999446232 0.0072172840483902883 -0.042736605946953096 0.062563329305688795 -0.023057317817541789 0.067344031386768463 0.033832157227304566 0.025144250153402284 0.0022210198186945174 0.011887459491423381 0.039545764115067571 0.029762271203955994 0.047131929973829242 -0.042093846536001012 -0.04295453457062292
leaf_weight=18480.621461242437 337.43256989121437 5241.1156125739217 568.09528049826622 269.10953034460545 551.59351702034473 278.71276740729809 46.92782299220562 61.241756282746792 43.886005148291588 12.1583548784256 502.10116090625525 80.707345500588417 2028.6353583112359 3.2877849489450446 7.8872515559196463
leaf_count=82488 1750 22647 2414 1109 2215 1157 189 418 186 68 3307 498 15092 19 45
internal_value=8.07371e-05 -0.00490537 -0.00880371 -0.00780138 0.00743103 0.0102533 -0.0185968 0.0419625 -0.0395126 0.0324278 0.0334335 0.0457327 0.0464876 0.0269496 -0.00969096
internal_weight=28513.5 25480.1 19361.7 18749.7 6118.35 5519.83 598.521 3033.45 611.981 859.579 839.534 2173.87 2089.88 83.9951 20.0456
internal_count=133602 112405 86197 83597 26208 23804 2404 21197 2600 5170 5057 16027 15510 517 113
is_linear=0
shrinkage=0.05


Tree=30
num_leaves=16
num_cat=0
split_feature=2 1 5 5 5 5 4 2 2 1 0 5 5 1 1
split_gain=2206.41 443.188 208.306 260.033 142.851 89.7836 68.1197 43.6194 12.1921 11.3027 10.1172 10.113 6.30065 6.12675 5.20365
threshold=2.8214525462962965 28.180018517551936 19.500000000000004 68.500000000000014 17.500000000000004 72.500000000000014 1.0000000180025095e-35 6.0611173997456538 40.860718618009265 9.5100506816796813 285.91868535086513 70.500000000000014 72.500000000000014 9.5100506816796813 7.7805521634449102
decision_type=2 2 2 2 2 2 2 2 2 2 2 2 2 2 2
left_child=1 2 4 -4 -1 6 -3 12 9 -9 -7 -10 13 -2 -14
right_child=7 5 3 -5 -6 10 -8 8 11 -11 -12 -13 14 -15 -16
leaf_value=-0.0015190793609102893 0.016365973874036856 0.017591480676210219 -0.015744402653355541 0.00010399452588304162 0.052087180500404257 -0.048686018368999683 0.004968834587344732 0.024286021822860132 0.029484220092929666 0.04626985633497014 -0.01771076752875016 -0.062409944768460492 0.050782187314163264 0.033504276104251399 0.0021306846327238389
leaf_weight=5534.4078825861216 56.037116855382919 1391.4354035705328 10195.628367543221 3468.76538169384 127.13213896751404 70.721960350871086 4610.1322090253234 60.261046722531319 79.559096783399582 1964.7409286350012 42.027403607964516 3.1110075563192359 6.7375358566641799 751.31098362058401 29.828830480575562
leaf_count=24573 321 6593 45571 15474 579 293 19148 418 500 15092 174 17 41 4626 182
internal_value=7.98323e-05 -0.00466787 -0.00837986 -0.0117212 -0.000315329 0.00706488 0.00789534 0.0410011 0.0448473 0.0456157 -0.03714 0.0260261 0.0313953 0.0323147 0.011095
internal_weight=28391.8 25440.3 19325.9 13664.4 5661.54 6114.32 6001.57 2951.59 2107.67 2025 112.749 82.6701 843.914 807.348 36.5664
internal_count=133602 112405 86197 61045 25152 26208 25741 21197 16027 15510 467 517 5170 4947 223
is_linear=0
shrinkage=0.05


Tree=31
num_leaves=16
num_cat=0
split_feature=2 3 3 3 2 5 5 5 3 3 3 3 3 0 1
split_gain=2051.49 421.887 1977.04 1169.84 123.042 89.1096 146.034 107.62 24.0178 36.2427 28.5712 14.1903 17.4999 11.4358 0.777175
threshold=0.91971643518518531 1.00007030468741 1.9999784771843854 2.0001367691417618 5.1031252029458889 27.500000000000004 68.500000000000014 26.500000000000004 7.9999920423029671 8.0000467969291389 1.00007030468741 1.00007030468741 1.9999784771843854 293.33070884881909 28.180018517551936
decision_type=2 2 2 2 2 2 2 2 2 2 2 2 2 2 2
left_child=1 5 14 -4 8 7 -7 -1 10 -10 -2 13 -13 -6 -3
right_child=4 2 3 -5 11 6 -8 -9 9 -11 -12 12 -14 -15 -16
leaf_value=-0.0072608759821389647 0.015738884670379368 0.063017147278181029 -0.038649648510029458 0.0015217441628257106 0.03873916910936908 -0.020582386964141525 -0.0029726413977234135 0.11309444482003952 -0.054021737824461707 0.017600145896282789 0.032242876094879566 0.056719732792898991 0.043221556648092685 0.0033879642522636091 0.059993794711268027
leaf_weight=3813.3007123172283 460.34878185391426 912.26290751248598 2160.2589661478996 11252.029293879867 770.5388121008873 4855.5912182927132 1554.1224196404219 18.664826169610023 24.249984160065651 65.028567552566528 609.34330927580595 301.69377865642309 1176.4722457304597 23.576895475387573 277.13246865570545
leaf_count=16670 2150 5850 9778 46970 5430 21539 6898 80 119 322 3615 2897 9104 147 2033
internal_value=7.86953e-05 -0.00492657 0.000530343 -0.00494849 0.0363184 -0.0127066 -0.0163127 -0.00667465 0.0230608 -0.00185391 0.0251403 0.0430804 0.0459765 0.0376896 0.0623127
internal_weight=28274.6 24843.4 14601.7 13412.3 3431.25 10241.7 6409.71 3831.97 1158.97 89.2786 1069.69 2272.28 1478.17 794.116 1189.4
internal_count=133602 109818 64631 56748 23784 45187 28437 16750 6206 441 5765 17578 12001 5577 7883
is_linear=0
shrinkage=0.05


Tree=32
num_leaves=16
num_cat=0
split_feature=2 1 3 3 3 3 3 3 2 3 4 3 2 1 3
split_gain=1897.78 399.559 222.305 3022.4 1038.98 203.755 408.347 67.0782 43.2223 14.2812 23.0785 21.8234 12.5745 11.4597 6.90937
threshold=2.8214525462962965 23.982198772301004 2.9999721473679828 2.0001367691417618 3.0000023189429501 9.9994156256975142 8.0000467969291389 10.015470520547924 6.0611173997456538 1.00007030468741 1.0000000180025095e-35 1.9999784771843854 40.860718618009265 9.5100506816796813 9.8171781415111639
decision_type=2 2 2 2 2 2 2 2 2 2 2 2 2 2 2
left_child=1 2 3 -1 -4 6 -3 -7 9 10 -2 -11 13 -10 -14
right_child=8 5 4 -5 -6 7 -8 -9 12 11 -12 -13 14 -15 -16
leaf_value=-0.011044145639262934 0.0076748829476324656 0.00517438607263706 -0.052831397941802208 0.093647892771251184 -0.0045837547911420154 -0.025819667590581859 0.063289921087254272 0.024570612067883052 0.022016687535138486 0.056823722045031 0.034327738855265105 0.029785081970182849 0.02659164592456674 0.04463866837064602 -0.049897632131253811
leaf_weight=10675.649891376495 158.44932064414024 6712.4992138296366 1464.7355306148529 736.98045817017555 4684.2015859037638 625.82971020042896 316.51594971120358 73.834884867072105 57.733821384608746 91.841731131076813 166.63447332382202 398.12573757022619 76.199267752468586 1845.6266117841005 3.0714178681373587
leaf_count=50074 841 29234 6092 3218 19631 2533 1323 300 418 870 909 2550 499 15092 18
internal_value=7.91249e-05 -0.00424358 -0.0084128 -0.00428357 -0.0160768 0.00522997 0.00779132 -0.020502 0.0391552 0.0294623 0.0213369 0.0348533 0.0431399 0.0439525 0.023628
internal_weight=28087.9 25290.2 17561.6 11412.6 6148.94 7728.68 7029.02 699.665 2797.68 815.051 325.084 489.967 1982.63 1903.36 79.2707
internal_count=133602 112405 79015 53292 25723 33390 30557 2833 21197 5170 1750 3420 16027 15510 517
is_linear=0
shrinkage=0.05


Tree=33
num_leaves=16
num_cat=0
split_feature=2 1 4 2 5 5 2 1 5 1 0 1 2 5 1
split_gain=1760.12 361.312 187.2 115.962 109.05 139.448 102.752 89.1578 61.8635 21.0432 18.4688 17.6531 11.1735 9.42765 8.49814
threshold=0.91971643518518531 23.982198772301004 1.0000000180025095e-35 5.1031252029458889 13.500000000000002 8.5000000000000018 -12.997229356693962 65.979811492348574 68.500000000000014 13.44022313185139 12.739860409862628 17.918467522094321 40.860718618009265 70.500000000000014 9.5100506816796813
decision_type=2 2 2 2 2 2 2 2 2 2 2 2 2 2 2
left_child=1 2 8 9 5 -3 -4 -6 -1 10 -2 -11 14 -14 -5
right_child=3 4 6 12 7 -7 -8 -9 -10 11 -12 -13 13 -15 -16
leaf_value=-0.0020049368259989022 0.065912963567489866 0.01195865162817286 -0.016403066379154813 0.025480703206117613 -0.001082493219123332 0.066991571045227682 -0.0074800871818325055 0.015711847559733563 0.014085604734517346 0.032449663422245194 0.0033209036276880227 0.018603504587420626 0.026326600542577114 -0.062545759765703091 0.042677201308199519
leaf_weight=3293.698430813849 12.54989107698202 1439.644061692059 5776.1293879896402 74.535929530858994 5064.6904485672712 125.11197952181101 7308.7282343655825 936.37249030172825 729.69649873673916 416.39946045726538 193.43143919855356 514.79193743318319 75.006464585661888 3.1077147871255866 1988.4477437287569
leaf_count=15040 62 6198 25861 535 21859 577 32904 4017 3362 2337 1011 2796 500 17 16526
internal_value=7.81733e-05 -0.00449518 -0.00851879 0.0344997 0.00460324 0.0163589 -0.011419 0.001538 0.000913298 0.0215961 0.00713447 0.0247951 0.041353 0.0227909 0.0420559
internal_weight=27952.3 24674.1 17108.3 3278.27 7565.82 1564.76 13084.9 6001.06 4023.39 1137.17 205.981 931.191 2141.1 78.1142 2062.98
internal_count=133602 109818 77167 23784 32651 6775 58765 25876 18402 6206 1073 5133 17578 517 17061
is_linear=0
shrinkage=0.05


Tree=34
num_leaves=16
num_cat=0
split_feature=2 3 3 4 4 0 0 2 3 3 2 3 5 0 4
split_gain=1631.34 378.035 1896.41 1132.74 97.8463 69.1297 59.8111 42.5147 14.4596 18.4489 12.2029 10.9295 8.46301 5.50471 3.62129
threshold=2.8214525462962965 1.00007030468741 1.9999784771843854 1.0000000180025095e-35 1.0000000180025095e-35 19.899656611312228 89.89961959123751 6.0611173997456538 9.9994156256975142 1.00007030468741 40.860718618009265 1.00007030468741 70.500000000000014 249.90017763790456 1.0000000180025095e-35
decision_type=2 2 2 2 2 2 2 2 2 2 2 2 2 2 2
left_child=1 4 14 -4 6 -6 -1 8 9 -2 11 -9 -12 -10 -3
right_child=7 2 3 -5 5 -7 -8 10 13 -11 12 -13 -14 -15 -16
leaf_value=-0.0015832204909844564 0.019440796068054451 0.057787224122655391 0.065992022284610929 -0.0069996547397773671 0.00038766784515793367 -0.017750358381568094 -0.012828613575876417 0.036982834198603508 0.0064400798866184484 0.035175185037647876 0.025437823761750463 0.045177464489866342 -0.057536620905399308 -0.048616244306271039 0.063597360464031666
leaf_weight=2965.4028030186892 317.13437849283218 405.83048556745052 554.07904535531998 13058.551597848535 589.02033048868179 4857.5480163544416 1966.5698071867228 625.66677469015121 11.363503307104112 451.57160924375057 73.777588382363319 1163.6819951757789 3.2066632211208335 7.5608051568269721 790.68969134241343
leaf_count=12378 1750 3485 3097 54954 2709 22700 8317 4900 68 3307 500 10610 17 45 4765
internal_value=7.67681e-05 -0.00385192 0.00127604 -0.00402865 -0.011169 -0.0157888 -0.0060672 0.0373624 0.0276209 0.0286839 0.0414735 0.0423121 0.0219816 -0.0155565 0.0616267
internal_weight=27841.7 25187.7 14809.2 13612.6 10378.5 5446.57 4931.97 2653.96 787.63 768.706 1866.33 1789.35 76.9843 18.9243 1196.52
internal_count=133602 112405 66301 58051 46104 25409 20695 21197 5170 5057 16027 15510 517 113 8250
is_linear=0
shrinkage=0.05


Tree=35
num_leaves=16
num_cat=0
split_feature=2 3 3 3 0 5 1 2 3 3 1 2 1 5 1
split_gain=1510.43 342.792 1780.13 1078.05 88.9772 98.9333 53.7036 42.1827 13.6736 23.3216 13.4279 11.9886 11.5053 7.61547 0.64789
threshold=2.8214525462962965 1.00007030468741 1.9999784771843854 2.0001367691417618 89.89961959123751 27.500000000000004 23.982198772301004 6.0611173997456538 1.00007030468741 1.9999784771843854 22.597493087088637 40.860718618009265 9.5100506816796813 70.500000000000014 28.180018517551936
decision_type=2 2 2 2 2 2 2 2 2 2 2 2 2 2 2
left_child=1 4 14 -4 5 -1 -6 8 10 -10 -2 12 -9 -13 -3
right_child=7 2 3 -5 6 -7 -8 11 9 -11 -12 13 -14 -15 -16
leaf_value=0.00020983064341594437 0.023859331156422182 0.061576866586048495 -0.036300251922243794 0.0022787126467715408 -0.022599895304719734 -0.012093582938354717 -0.0099174097095999988 0.018875042235531613 0.056056003773823262 0.02688360359091866 -0.0018962489031087095 0.024569918426249178 0.042230722051284024 -0.053136228066927249 0.05874330046994073
leaf_weight=2645.4037769585848 250.58732782304287 889.89301672577858 2151.8006316125393 11428.128441438079 1977.3578035086393 4273.317535802722 1444.4637570828199 54.437594503164291 83.742793530225754 376.63347098231316 63.412541672587395 72.595140211284161 1680.2159352824092 3.2961762994527808 260.86885942518711
leaf_count=11650 1409 6152 9939 48112 9182 19184 6088 418 870 2550 341 500 15092 17 2098
internal_value=7.89875e-05 -0.00367299 0.00122544 -0.0038343 -0.0106511 -0.00738932 -0.0172462 0.0364696 0.026703 0.0321901 0.018658 0.0406467 0.0414978 0.0211949 0.0609345
internal_weight=27656.2 25071.2 14730.7 13579.9 10340.5 6918.72 3421.82 2584.92 774.376 460.376 314 1810.54 1734.65 75.8913 1150.76
internal_count=133602 112405 66301 58051 46104 30834 15270 21197 5170 3420 1750 16027 15510 517 8250
is_linear=0
shrinkage=0.05


Tree=36
num_leaves=16
num_cat=0
split_feature=2 1 3 3 3 3 2 1 3 3 3 3 3 4 0
split_gain=1403.46 318.149 221.674 480.465 145.043 316.918 102.84 50.4207 22.6429 22.3302 33.6998 23.0966 16.0545 21.8586 12.1915
threshold=0.91971643518518531 28.180018517551936 9.9994156256975142 9.000304054078585 9.9994156256975142 8.0000467969291389 5.1031252029458889 140.01478320893185 10.015470520547924 7.9999920423029671 8.0000467969291389 1.00007030468741 1.00007030468741 1.0000000180025095e-35 293.33070884881909
decision_type=2 2 2 2 2 2 2 2 2 2 2 2 2 2 2
left_child=1 2 3 -1 5 -3 9 -6 -4 11 -11 -2 14 -14 -8
right_child=6 4 8 -5 7 -7 12 -9 -10 10 -12 -13 13 -15 -16
leaf_value=-0.0067412521795778991 0.013362460826030501 0.00597525125015054 -0.039952930661855707 0.10877334895603873 -0.021695074613536151 0.062091615057909645 0.033917728390753292 0.033363929039985758 -0.0016434287982482238 -0.055087194269680562 0.014626606202096338 0.028529310283446654 0.056079894785625931 0.03908043031439324 -0.0044233833016230776
leaf_weight=17819.808989480138 449.17182601988316 5066.0181428343058 550.07717034220695 90.474687099456787 540.30503872036934 264.74676705896854 675.65355495363474 45.047466248273849 41.479376405477524 23.922922223806381 62.9522874802351 568.97948820888996 231.46990102529526 1033.0696170181036 21.389603987336159
leaf_count=81291 2150 22124 2381 368 2172 1125 5430 181 176 119 322 3615 2465 9536 147
internal_value=7.90091e-05 -0.00392505 -0.00715237 -0.00615772 0.00616795 0.00876221 0.0319614 -0.0174579 -0.0372667 0.019762 -0.00457056 0.0218382 0.0388338 0.0421921 0.0327412
internal_weight=27484.6 24418 18501.8 17910.3 5916.12 5330.76 3066.61 585.353 591.557 1105.03 86.8752 1018.15 1961.58 1264.54 697.043
internal_count=133602 109818 84216 81659 25602 23249 23784 2353 2557 6206 441 5765 17578 12001 5577
is_linear=0
shrinkage=0.05


Tree=37
num_leaves=16
num_cat=0
split_feature=2 3 3 4 4 2 4 2 3 3 2 1 3 3 4
split_gain=1299.41 309.153 1676.12 1044.47 87.7217 56.0769 51.7318 31.0553 15.7123 18.6111 12.2457 11.589 10.2401 7.43108 2.58935
threshold=3.1878455316466447 1.00007030468741 1.9999784771843854 1.0000000180025095e-35 1.0000000180025095e-35 -19.099332742160467 2.5000000000000004 6.0611173997456538 7.9999920423029671 1.00007030468741 40.860718618009265 9.5100506816796813 8.0000467969291389 9.9362613271391513 1.0000000180025095e-35
decision_type=2 2 2 2 2 2 2 2 2 2 2 2 2 2 2
left_child=1 4 14 -4 5 -1 -6 8 9 -2 11 -9 -10 -12 -3
right_child=7 2 3 -5 6 -7 -8 10 12 -11 13 -13 -14 -15 -16
leaf_value=-0.018156686045143238 0.01874840004754175 0.056918975955269437 0.06491433124498662 -0.0062705037525182562 -0.013244264366888926 -0.0029032473523553531 -0.036827038461627375 0.016784894672919621 -0.034740655015374197 0.036266817185312432 0.022190349488829406 0.040692838711689994 0.014391785727672449 -0.060627285670738676 0.062019391175812282
leaf_weight=702.85630297660828 273.07462866604328 374.75975579023361 536.50608824193478 13036.933801144361 5155.3530561923981 4221.8175394386053 243.53074391186237 52.366659358143806 15.323535859584807 340.83668369054794 70.172042600810528 1580.9965460374951 34.438617169857025 2.8173591792583457 740.58801189810038
leaf_count=2948 1586 3516 3117 55197 24296 17827 1197 418 95 2752 500 15092 220 17 4824
internal_value=7.73947e-05 -0.0032754 0.00138477 -0.00345684 -0.00990607 -0.00508024 -0.014308 0.0354615 0.0262841 0.0284744 0.0390309 0.0399263 -0.000737839 0.0189936 0.0603056
internal_weight=27382.4 25012.3 14688.8 13573.4 10323.6 4924.67 5398.88 2370.03 663.673 613.911 1706.35 1633.36 49.7622 72.9894 1115.35
internal_count=133602 112922 66654 58314 46268 20775 25493 20680 4653 4338 16027 15510 315 517 8340
is_linear=0
shrinkage=0.05


Tree=38
num_leaves=16
num_cat=0
split_feature=2 3 3 3 2 5 5 0 2 2 3 3 0 0 4
split_gain=1205.34 270.269 1518.39 948.742 128.17 86.9217 121.269 61.4281 42.6626 37.1035 16.5083 23.6198 11.8534 8.92403 2.15955
threshold=1.0000000180025095e-35 1.00007030468741 1.9999784771843854 2.0001367691417618 5.1031252029458889 19.500000000000004 68.500000000000014 109.89751402908188 0.56414930555555565 0.91971643518518531 1.00007030468741 1.9999784771843854 293.33070884881909 23.901263318804421 1.0000000180025095e-35
decision_type=2 2 2 2 2 2 2 2 2 2 2 2 2 2 2
left_child=1 5 14 -4 8 7 -7 -1 13 -10 12 -12 -6 -2 -3
right_child=4 2 3 -5 10 6 -8 -9 9 -11 11 -13 -14 -15 -16
leaf_value=0.0013748619505430668 0.092212424627734602 0.056565803145112774 -0.035173607640389397 0.0018998323527879123 0.032072369044923076 -0.016620121770857848 -0.00059443275034177677 -0.015297005257026383 -0.003665860470004027 0.018551086050183286 0.054914640020135255 0.037213987183475218 -0.0061553130245390495 0.042377746284169245 0.061479077203791289
leaf_weight=2164.9472920745611 9.8396246060729009 335.69887161254883 2047.2386695891619 10987.041861340404 642.54252727329731 5481.5252330601215 1504.4702574908733 741.82752524316311 227.24976379424334 1085.9967666193843 234.86138290166855 954.10735313594341 20.938887387514114 103.22821694612503 670.02215529978275
leaf_count=9577 46 3276 9639 46341 5430 24889 6799 3281 1036 6206 2897 9104 147 472 4462
internal_value=7.91848e-05 -0.00381581 0.000644315 -0.00392313 0.02851 -0.0101457 -0.0131689 -0.00287991 0.0172439 0.0147066 0.0371845 0.0407105 0.0308659 0.0467146 0.0598391
internal_weight=27211.5 23932.8 14040 13034.3 3278.76 9892.77 6986 2906.77 1426.31 1313.25 1852.45 1188.97 663.481 113.068 1005.72
internal_count=133602 108264 63718 55980 25338 44546 31688 12858 7760 7242 17578 12001 5577 518 7738
is_linear=0
shrinkage=0.05


Tree=39
num_leaves=16
num_cat=0
split_feature=2 3 3 3 0 3 3 5 2 3 3 2 3 0 3
split_gain=1116.31 257.611 819.015 772.278 193.917 79.7099 62.165 42.7279 30.2323 14.9563 18.2034 12.4512 11.8754 10.5743 7.70714
threshold=3.1878455316466447 9.9994156256975142 8.0000467969291389 7.9999920423029671 85.969707780753339 10.015470520547924 11.880412499508468 13.500000000000002 6.0611173997456538 7.9999920423029671 1.00007030468741 40.860718618009265 1.00007030468741 99.989957461621898 9.9994156256975142
decision_type=2 2 2 2 2 2 2 2 2 2 2 2 2 2 2
left_child=1 2 3 -1 -4 7 -7 -3 9 10 -2 12 -10 -11 -13
right_child=8 5 4 -5 -6 6 -8 -9 11 13 -12 14 -14 -15 -16
leaf_value=-0.0015079568990938271 0.01711925772062425 -0.01209754609430738 -0.01379749935904823 -0.050976585986027528 0.071331955622700102 0.088035206168912861 -0.0045371464560791577 -0.035277525882051762 0.032483604017848715 -0.056149404364142577 0.03472381791989574 0.020167792088831595 0.041650511758240312 0.008014597042250526 -0.066126673339348838
leaf_weight=22251.800147384405 266.91630072891712 261.93459311127663 78.216524302959442 817.95992884039879 462.16674712300301 23.209497302770615 82.950228407979012 824.85722061991692 549.2069605961442 7.5987081676721564 326.40694084018469 67.633163720369339 990.4406710267067 41.431584388017654 2.6903463751077643
leaf_count=102253 1586 1097 326 3371 1957 96 344 3478 4900 49 2752 501 10610 266 16
internal_value=7.84797e-05 -0.00298206 -0.00183665 -0.00326191 0.0590101 -0.0256513 0.0157018 -0.0296908 0.0337818 0.0246109 0.0268041 0.0374409 0.0383806 -0.00192953 0.0168664
internal_weight=27055.4 24803.1 23610.1 23069.8 540.383 1192.95 106.16 1086.79 2252.32 642.354 593.323 1609.97 1539.65 49.0303 70.3235
internal_count=133602 112922 107907 105624 2283 5015 440 4575 20680 4653 4338 16027 15510 315 517
is_linear=0
shrinkage=0.05


Tree=40
num_leaves=16
num_cat=0
split_feature=2 1 3 3 3 3 3 2 3 2 2 3 3 2 3
split_gain=1033.87 284.849 192.463 2614.4 947.553 151.539 296.117 116.895 49.6961 38.7929 32.3164 16.3612 25.1142 9.07354 6.5882
threshold=1.0000000180025095e-35 23.982198772301004 2.9999721473679828 2.0001367691417618 3.0000023189429501 9.9994156256975142 8.0000467969291389 5.1031252029458889 10.015470520547924 0.56414930555555565 0.91971643518518531 1.00007030468741 1.9999784771843854 7.9702360390038773 4.9998844824361814
decision_type=2 2 2 2 2 2 2 2 2 2 2 2 2 2 2
left_child=1 2 3 -1 -4 6 -3 9 -7 14 -11 13 -13 -9 -2
right_child=7 5 4 -5 -6 8 -8 11 -10 10 -12 12 -14 -15 -16
leaf_value=-0.0095962413930552933 0.050126773476901601 0.0047269155171658171 -0.050367008403484119 0.09211014264685069 -0.0031976423009823802 -0.022576353662733539 0.056272149789616289 0.020470124950919138 0.021857035344608373 -0.0033648602412532942 0.017406579778064039 0.054471909365346717 0.035522958137751047 0.033269064646901138 0.019574712071278894
leaf_weight=9914.413107894361 91.724360778927803 6380.7952869907022 1396.1079260855913 674.86204351484776 4485.0473742485046 601.86410273611546 291.35189814865589 204.1661643460393 70.275543570518494 226.91469022631645 1071.3439775779843 217.02924267202616 899.91852302849293 430.36836607009172 21.848110184073448
leaf_count=48172 427 28208 5908 2989 18985 2454 1263 1669 285 1036 6206 2897 9104 3908 91
internal_value=7.64777e-05 -0.00349088 -0.00714243 -0.00311442 -0.014395 0.00469815 0.00697774 0.026933 -0.0179306 0.0162274 0.0137761 0.0355625 0.0392048 0.0291509 0.0442494
internal_weight=26978 23814.7 16470.4 10589.3 5881.16 7344.29 6672.15 3163.31 672.14 1411.83 1298.26 1751.48 1116.95 634.535 113.572
internal_count=133602 108264 76054 51161 24893 32210 29471 25338 2739 7760 7242 17578 12001 5577 518
is_linear=0
shrinkage=0.05


Tree=41
num_leaves=16
num_cat=0
split_feature=2 1 3 3 3 3 3 3 2 3 3 2 1 3 5
split_gain=957.74 258.454 232.052 3063.17 868.159 155.141 587.927 128.274 29.0639 14.235 17.5388 12.6388 12.1402 9.28273 7.38503
threshold=3.1878455316466447 29.490081319253317 3.9999396960457188 3.0000023189429501 4.0004450093452339 2.0001367691417618 2.9999721473679828 1.9999784771843854 6.0611173997456538 7.9999920423029671 1.00007030468741 40.860718618009265 9.5100506816796813 8.0000467969291389 70.500000000000014
decision_type=2 2 2 2 2 2 2 2 2 2 2 2 2 2 2
left_child=1 2 3 -1 -4 7 -7 -3 9 10 -2 12 -10 -11 -13
right_child=8 5 4 -5 -6 6 -8 -9 11 13 -12 14 -14 -15 -16
leaf_value=-0.006842060680111341 0.015678055299812855 0.001568714169544401 -0.054970719511593914 0.11522366904676518 -0.0038118121764806664 0.076706357685174198 0.006561100224369786 -0.031175218843012848 0.012157997166050337 -0.035302422629575989 0.033219564134610989 0.0184071474347361 0.037692676425954828 0.011843943166776305 -0.059915905513227966
leaf_weight=13652.437415838242 261.61974358558655 1746.0337258428335 1058.0681724250317 534.05822303891182 3834.9631238132715 329.44117994606495 3203.5316437333822 360.92924796044827 48.143793806433678 15.240879803895949 312.95601300895214 64.643157206475735 1404.6247004419565 33.147423818707466 3.1565935760736457
leaf_count=65229 1586 8331 4423 2314 16236 1637 13237 1515 418 95 2752 500 15092 220 17
internal_value=7.45631e-05 -0.00270555 -0.00548523 -0.00224683 -0.0148744 0.00669793 0.013102 -0.00404042 0.0321351 0.0230391 0.0252324 0.0358617 0.0368465 -0.00300576 0.0147606
internal_weight=26863 24719.5 19079.5 14186.5 4893.03 5639.94 3532.97 2106.96 2143.53 622.964 574.576 1520.57 1452.77 48.3883 67.7998
internal_count=133602 112922 88202 67543 20659 24720 14874 9846 20680 4653 4338 16027 15510 315 517
is_linear=0
shrinkage=0.05


Tree=42
num_leaves=16
num_cat=0
split_feature=2 3 3 4 0 5 4 2 3 3 3 3 0 5 4
split_gain=885.558 237.93 1489.72 912.024 88.458 86.7078 43.529 28.5208 13.3013 12.9685 12.669 22.0437 11.4685 5.22905 1.90651
threshold=3.1878455316466447 1.00007030468741 1.9999784771843854 1.0000000180025095e-35 89.89961959123751 6.5000000000000009 1.0000000180025095e-35 6.0611173997456538 9.9994156256975142 1.00007030468741 1.00007030468741 1.9999784771843854 293.33070884881909 52.500000000000007 1.0000000180025095e-35
decision_type=2 2 2 2 2 2 2 2 2 2 2 2 2 2 2
left_child=1 4 14 -4 5 -1 -6 8 9 -2 12 -12 -9 -10 -3
right_child=7 2 3 -5 6 -7 -8 10 13 -11 11 -13 -14 -15 -16
leaf_value=0.012076941045027045 0.015032004224827509 0.056247658296087591 0.063325986298566991 -0.0054749588827647834 -0.010179639962665996 -0.0069913939221837836 -0.021676789821451312 0.030232411748110151 -0.0045979900749090318 0.029895523277883307 0.054056291267453108 0.034787418507998831 -0.011528768055036871 -0.067863550599453495 0.060792271358291378
leaf_weight=659.85050630569458 259.28150752186775 346.48709364235401 500.32307302951813 12926.08750833571 1944.7858462184668 6177.7872019261122 1427.586824581027 515.3493469953537 11.262517198920248 338.13645689189434 184.35748952627182 761.57034701853991 16.981766141951084 4.6001079380512229 691.01742365211248
leaf_count=2930 1586 3516 3117 55197 8347 28028 6963 4929 73 2965 2674 8293 131 29 4824
internal_value=7.21721e-05 -0.00257575 0.00154946 -0.00291115 -0.00841969 -0.00515125 -0.0150466 0.0313097 0.0222448 0.0234447 0.0350705 0.0385428 0.0289002 -0.0229448 0.0592745
internal_weight=26765.5 24673.9 14463.9 13426.4 10210 6837.64 3372.37 2091.54 613.281 597.418 1478.26 945.928 532.331 15.8626 1037.5
internal_count=133602 112922 66654 58314 46268 30958 15310 20680 4653 4551 16027 10967 5060 102 8340
is_linear=0
shrinkage=0.05


Tree=43
num_leaves=16
num_cat=0
split_feature=2 1 3 3 3 3 3 2 1 2 2 2 3 3 3
split_gain=826.509 236.498 176.359 2382.15 861.901 136.075 271.977 99.5835 49.7804 32.9707 30.7648 12.7067 12.181 7.1768 5.83805
threshold=1.0000000180025095e-35 23.982198772301004 2.9999721473679828 2.0001367691417618 3.0000023189429501 9.9994156256975142 8.0000467969291389 6.0611173997456538 140.01478320893185 0.56414930555555565 0.91971643518518531 40.860718618009265 1.00007030468741 9.9994156256975142 4.9998844824361814
decision_type=2 2 2 2 2 2 2 2 2 2 2 2 2 2 2
left_child=1 2 3 -1 -4 6 -3 9 -7 14 -11 12 -9 -13 -2
right_child=7 5 4 -5 -6 8 -8 11 -10 10 -12 13 -14 -15 -16
leaf_value=-0.0087305026542820099 0.047569637805693836 0.0044307691575933535 -0.047998443969481427 0.089194452236568911 -0.0027182408314535859 -0.020699422786388894 0.054205116106642331 0.029077457932160947 0.03391430275803678 -0.0029531218141249289 0.017148484944694412 0.01617523603222212 0.038871922793326512 -0.067642981889505502 0.018797397573124215
leaf_weight=9814.1608459800482 91.511883400380611 6340.654503673315 1374.5306549966335 662.99960848689079 4464.254457578063 625.49265404045582 286.86540856957436 498.66711084544659 44.707134068012238 225.34011862426996 1225.5158140510321 62.822462350130081 873.46618534624577 2.6620596647262564 21.837437659502029
leaf_count=48172 427 28208 5908 2989 18985 2559 1263 4900 180 1036 7757 501 10610 16 91
internal_value=7.35977e-05 -0.00306791 -0.0064144 -0.00253377 -0.0133778 0.00441404 0.0065852 0.0247861 -0.0170563 0.0160554 0.0140264 0.0342855 0.0353124 0.0127679 0.0420265
internal_weight=26615.5 23613.7 16315.9 10477.2 5838.79 7297.72 6627.52 3001.82 670.2 1564.21 1450.86 1437.62 1372.13 65.4845 113.349
internal_count=133602 108264 76054 51161 24893 32210 29471 25338 2739 9311 8793 16027 15510 517 518
is_linear=0
shrinkage=0.05


Tree=44
num_leaves=16
num_cat=0
split_feature=2 3 3 3 0 3 3 5 2 3 3 3 4 0 0
split_gain=758.739 218.769 674.203 713.017 176.921 68.3143 56.0823 39.4937 26.8122 13.1649 16.5364 12.4657 23.4256 10.9831 9.55227
threshold=3.1878455316466447 9.9994156256975142 8.0000467969291389 7.9999920423029671 85.969707780753339 10.015470520547924 11.880412499508468 13.500000000000002 6.0611173997456538 7.9999920423029671 1.00007030468741 1.00007030468741 1.0000000180025095e-35 293.33070884881909 99.989957461621898
decision_type=2 2 2 2 2 2 2 2 2 2 2 2 2 2 2
left_child=1 2 3 -1 -4 7 -7 -3 9 10 -2 13 -13 -10 -11
right_child=8 5 4 -5 -6 6 -8 -9 11 14 -12 12 -14 -15 -16
leaf_value=-0.00087543168374231968 0.013691221673458962 -0.010149811477199719 -0.015267983249015953 -0.048631175190051265 0.066582876993130063 0.083575907103090818 -0.0043182279091402943 -0.032526367246384059 0.028621266564905337 -0.055692796684874028 0.031083445818834141 0.05429752384689232 0.033251500811364562 -0.012509119839919909 0.0053983256831459199
leaf_weight=21991.780279815197 254.48356477916241 260.12939117848873 77.356747269630432 810.4102296680212 450.4672577008605 23.249135971069336 82.726779073476791 814.96032407879829 492.62269210070372 7.6186620593070975 295.20927149802446 161.57496215775609 727.70783168822527 16.783687308430672 39.95917122811079
leaf_count=102253 1586 1097 326 3371 1957 96 344 3478 4929 49 2752 2302 8665 131 266
internal_value=7.16205e-05 -0.00234234 -0.00127952 -0.00257271 0.054587 -0.0233367 0.0149641 -0.0271121 0.0297159 0.0208477 0.0230316 0.0335028 0.0370754 0.0272661 -0.00438423
internal_weight=26507 24511.1 23330 22802.2 527.824 1181.07 105.976 1075.09 1995.96 597.271 549.693 1398.69 889.283 509.406 47.5778
internal_count=133602 112922 107907 105624 2283 5015 440 4575 20680 4653 4338 16027 10967 5060 315
is_linear=0
shrinkage=0.05


Tree=45
num_leaves=16
num_cat=0
split_feature=2 3 3 3 3 3 2 4 2 2 2 2 3 0 5
split_gain=707.509 212.934 3055.33 1495.93 619.011 1547.65 90.2144 52.405 30.1674 26.7434 26.304 12.7114 11.9633 7.4384 6.96818
threshold=1.0000000180025095e-35 2.0001367691417618 2.9999721473679828 3.0000023189429501 1.9999784771843854 1.00007030468741 6.0611173997456538 1.0000000180025095e-35 0.56414930555555565 0.91971643518518531 -17.184866898148144 40.860718618009265 1.00007030468741 24.492786082281395 7.5000000000000009
decision_type=2 2 2 2 2 2 2 2 2 2 2 2 2 2 2
left_child=1 4 7 -4 5 -1 8 -3 13 -10 -6 12 -8 -2 -13
right_child=6 2 3 -5 10 -7 11 -9 9 -11 -12 14 -14 -15 -16
leaf_value=-0.0083265424486085645 0.080485381431284864 0.059300396645155767 -0.046125016735820742 0.0032468470684711456 -0.043202232021502751 0.058919180132082596 0.027497008328681762 0.088472312911614975 -0.0027180908585244527 0.016055832486825881 -0.029608294357688355 -0.028012877933874716 0.037451850680425489 0.035842658580734363 0.017930291720706062
leaf_weight=9760.896370396018 10.256620012223719 187.26460497826338 1905.1385616213083 7880.4640001729131 463.52332267165184 937.83505021035671 477.33272016048431 865.39868168532848 225.03772876411676 1207.6692694500089 1531.9703933149576 9.7538505643606168 820.70986750349402 103.36834455281496 53.639691784977913
leaf_count=44546 47 1426 8119 33253 2217 7738 4900 3543 1036 7757 7422 78 10610 471 439
internal_value=6.95272e-05 -0.00280555 0.00234178 -0.00636526 -0.00720031 -0.00243188 0.0233374 0.0832827 0.0150737 0.013107 -0.032766 0.0327234 0.0337911 0.0398724 0.0108614
internal_weight=26440.3 23532.5 10838.3 9785.6 12694.2 10698.7 2907.77 1052.66 1546.33 1432.71 1995.49 1361.44 1298.04 113.625 63.3935
internal_count=133602 108264 46341 41372 61923 52284 25338 4969 9311 8793 9639 16027 15510 518 517
is_linear=0
shrinkage=0.05


Tree=46
num_leaves=16
num_cat=0
split_feature=2 3 3 3 3 3 3 5 2 3 3 0 3 3 3
split_gain=649.132 204.162 607.249 657.763 168.855 61.9856 50.6051 36.6508 25.0105 13.0089 16.1305 14.3759 12.3515 16.0529 8.92846
threshold=3.1878455316466447 9.9994156256975142 8.0000467969291389 7.9999920423029671 8.8742265484437333 10.015470520547924 11.880412499508468 19.500000000000004 6.0611173997456538 9.9994156256975142 1.00007030468741 120.00255169208209 7.9999920423029671 1.00007030468741 8.0000467969291389
decision_type=2 2 2 2 2 2 2 2 2 2 2 2 2 2 2
left_child=1 2 3 -1 -4 7 -7 -3 12 10 -10 -11 13 -2 -14
right_child=8 5 4 -5 -6 6 -8 -9 9 11 -12 -13 14 -15 -16
leaf_value=-0.00069481211642931882 0.012433255194743208 -0.012729048988042056 0.090458415718954688 -0.046734901336569393 0.031086512267180056 0.079192603215349128 -0.004300876671246969 -0.032493332488041586 0.025673510143981532 -0.052524121387857892 0.037214179186383645 0.019714603052594232 -0.036778084052379971 0.029790537254080603 0.0098755829402914583
leaf_weight=21858.636929146945 250.05354182422161 347.42014752328396 185.69428998976946 804.3235452324152 337.24348313361406 23.249297320842743 82.710653483867645 722.09032616019249 488.37710610032082 8.786810174584387 796.72511639073491 31.854703888297081 15.053291276097296 285.06761281192303 32.174368634819984
leaf_count=102253 1586 1469 820 3371 1463 96 344 3106 5060 101 10503 363 95 2752 220
internal_value=6.94121e-05 -0.00213027 -0.00109965 -0.00232881 0.0521694 -0.0224591 0.0140189 -0.0260731 0.0281536 0.0319476 0.0328284 0.00409639 0.0195165 0.0216798 -0.00499475
internal_weight=26269.5 24361.4 23185.9 22663 522.938 1175.47 105.96 1069.51 1908.09 1325.74 1285.1 40.6415 582.349 535.121 47.2277
internal_count=133602 112922 107907 105624 2283 5015 440 4575 20680 16027 15563 464 4653 4338 315
is_linear=0
shrinkage=0.05


Tree=47
num_leaves=16
num_cat=0
split_feature=2 1 1 1 0 1 5 2 2 2 5 2 1 5 0
split_gain=605.358 215.13 174.988 216.122 208.628 142.208 100.431 81.1448 27.6513 23.2283 14.9245 12.6667 13.2149 7.12257 6.53488
threshold=1.0000000180025095e-35 14.10012666465412 15.099843616247359 15.100019546061212 53.79073539444898 14.099845903280356 68.500000000000014 6.0611173997456538 0.56414930555555565 0.91971643518518531 71.500000000000014 40.860718618009265 9.5100506816796813 70.500000000000014 24.492786082281395
decision_type=2 2 2 2 2 2 2 2 2 2 2 2 2 2 2
left_child=1 5 4 -4 -3 6 -1 8 14 -10 -7 12 -9 -13 -2
right_child=7 2 3 -5 -6 10 -8 11 9 -11 -12 13 -14 -15 -16
leaf_value=-0.012727227738377929 0.075723188151490331 0.047913696402162975 -0.032630702847408731 -0.0001394201854201621 0.0036652858315823615 -0.052115077752921568 0.0042265782006005656 0.0048725382641040711 -0.002496479224482118 0.015029007999185554 -0.0070317585961185277 0.012912027496034501 0.03325994980532284 -0.065510498955655055 0.034069501824977734
leaf_weight=4377.1362672522664 10.358488507568834 403.31641284376383 528.76617480069399 15956.960161283612 784.64265141636133 223.32373815774918 1091.3045151531696 42.462537437677383 224.74288899451494 1191.060811124742 20.00145398080349 58.448255203664303 1187.7397578693926 3.046209603548049 103.49852517992258
leaf_count=20791 47 1924 2439 73082 3725 1032 5177 418 1036 7757 94 500 15092 17 471
internal_value=6.72417e-05 -0.00257228 0.000153991 -0.00118155 0.0186878 -0.0110081 -0.00934386 0.0219455 0.0141534 0.012247 -0.0484092 0.0311731 0.0322801 0.00902726 0.0378591
internal_weight=26206.8 23385.5 17673.7 16485.7 1187.96 5711.77 5468.44 2821.36 1529.66 1415.8 243.325 1291.7 1230.2 61.4945 113.857
internal_count=133602 108264 81170 75521 5649 27094 25968 25338 9311 8793 1126 16027 15510 517 518
is_linear=0
shrinkage=0.05


Tree=48
num_leaves=16
num_cat=0
split_feature=2 1 3 3 3 3 3 3 3 3 3 2 1 2 2
split_gain=554.353 206.405 197.017 2184.22 479.728 136.31 632.986 154.803 23.1969 30.7904 42.3258 15.6474 12.5434 8.97185 4.10866
threshold=3.1878455316466447 14.10012666465412 2.0001367691417618 2.9999721473679828 1.9999784771843854 2.9999721473679828 2.0001367691417618 3.0000023189429501 9.9994156256975142 1.00007030468741 1.9999784771843854 7.9702360390038773 61.570898772921076 4.1660994161900291 14.110728026904342
decision_type=2 2 2 2 2 2 2 2 2 2 2 2 2 2 2
left_child=1 5 4 -4 -3 6 -1 -7 9 11 -11 -2 13 -10 -14
right_child=8 2 3 -5 -6 7 -8 -9 12 10 -12 -13 14 -15 -16
leaf_value=-0.0095239104421319908 0.012138447235062026 0.00046756963038802545 0.079569922853794522 -0.002134887920049336 -0.030873299797031069 -0.046705744286462673 0.083103509360083511 -0.012647202119488799 -0.059855181596979494 0.053450987598057921 0.028132637767560188 0.026950613153416726 -0.038360499530735004 0.01170834738812207 -0.11538990959660622
leaf_weight=4089.5076349824667 354.7119542658329 7567.4995346590877 905.50528391450644 8462.3600693196058 1455.8953559845686 465.20821613073349 193.15123473107815 1179.5953203141689 4.8842309862375251 204.58428255096078 854.70526084303856 358.49751901626587 5.1370368823409072 42.393208332359791 2.6109925657510757
leaf_count=20192 2738 37373 4438 35911 7008 2058 900 5042 30 3454 10014 3908 46 462 28
internal_value=6.44525e-05 -0.00193136 0.00068374 0.00576276 -0.00458918 -0.0100453 -0.00534634 -0.0222802 0.0266226 0.0276151 0.0330225 0.0195838 -0.00534904 0.00431512 -0.0643185
internal_weight=26146.2 24318.7 18391.3 9367.87 9023.39 5927.46 4282.66 1644.8 1827.52 1772.5 1059.29 713.209 55.0255 47.2774 7.74803
internal_count=133602 112922 84730 40349 44381 28192 21092 7100 20680 20114 13468 6646 566 492 74
is_linear=0
shrinkage=0.05


Tree=49
num_leaves=16
num_cat=0
split_feature=2 1 3 3 3 3 3 3 2 2 3 2 1 1 0
split_gain=516.468 197.034 185.541 2649.51 789.326 121.038 443.702 97.3973 73.7699 25.4049 22.4666 12.4958 12.8097 8.3868 5.9016
threshold=1.0000000180025095e-35 29.490081319253317 3.9999396960457188 3.0000023189429501 4.0004450093452339 2.0001367691417618 2.9999721473679828 1.9999784771843854 6.0611173997456538 0.56414930555555565 7.9999920423029671 40.860718618009265 9.5100506816796813 48.650813003804437 24.492786082281395
decision_type=2 2 2 2 2 2 2 2 2 2 2 2 2 2 2
left_child=1 2 3 -1 -4 7 -7 -3 9 14 -11 12 -10 -13 -2
right_child=8 5 4 -5 -6 6 -8 -9 11 10 -12 13 -14 -15 -16
leaf_value=-0.0062725802203657342 0.071796650754622743 0.0013444573144150919 -0.052512535682599698 0.11077458340878664 -0.0026372579403218595 0.071600576689119316 0.0063401334828029196 -0.0280041051681598 0.0035660515157149167 0.013265319420529213 -0.0095945933162372935 0.011220736363717501 0.031834514356558027 -0.084320153379346743 0.032301655570718846
leaf_weight=12769.967059083283 10.411391295492647 1661.5444727540016 1012.0244173705578 502.51057435572147 3670.0837376266718 284.68400187045336 3060.142388805747 340.64919798076153 41.550882816314697 1279.270537994802 117.33834029734135 57.411659263074398 1128.2383343800902 2.3927142620086661 103.35292658209801
leaf_count=62443 47 8014 4293 2157 15654 1547 12694 1462 418 8157 636 500 15092 17 471
internal_value=6.37063e-05 -0.00235085 -0.00485994 -0.00184105 -0.0134177 0.00607433 0.0118946 -0.00364885 0.0205979 0.0131955 0.0113447 0.0296907 0.0308304 0.00739824 0.0359161
internal_weight=26041.6 23301.6 17954.6 13272.5 4682.11 5347.02 3344.83 2002.19 2739.97 1510.37 1396.61 1229.59 1169.79 59.8044 113.764
internal_count=133602 108264 84547 64600 19947 23717 14241 9476 25338 9311 8793 16027 15510 517 518
is_linear=0
shrinkage=0.05


Tree=50
num_leaves=16
num_cat=0
split_feature=2 1 5 5 5 5 1 2 1 2 5 0 2 2 1
split_gain=473.966 179.921 171.351 202.218 119.323 69.7342 45.9954 21.6334 11.9596 17.1754 10.6644 10.4588 7.75521 16.897 5.05634
threshold=3.1878455316466447 29.490081319253317 19.500000000000004 68.500000000000014 17.500000000000004 72.500000000000014 179.96659140238188 6.0611173997456538 13.154937808575911 15.586289843544437 72.500000000000014 285.91868535086513 3.6136179567440889 3.8503349671125346 9.756367651930228
decision_type=2 2 2 2 2 2 2 2 2 2 2 2 2 2 2
left_child=1 2 4 -4 -1 6 -3 12 9 -9 -10 -7 14 -14 -2
right_child=7 5 3 -5 -6 11 -8 8 10 -11 -12 -13 13 -15 -16
leaf_value=0.0021908940489359006 -0.014789150049354988 0.0063096306761648031 -0.01082164197776881 0.0034131414487376154 0.052061860906057779 -0.046900418410557247 0.041111349849807965 0.023570274187916299 0.031385642677714945 -0.024729828059609844 0.0028311375529551986 -0.014076585000764247 -0.0077739507831414735 0.018635804094272009 0.036885850886848925
leaf_weight=5380.46259624511 5.1256700828671447 5339.7966576367617 9817.0798904299736 3345.0481648594141 122.67645871639252 64.404470145702362 96.659384898841381 84.731897994875908 1057.6470730602741 23.513235207647085 33.741701893508434 38.942484334111214 70.853935368359089 417.07083189859986 61.92772975564003
leaf_count=25154 35 23837 46733 15725 590 274 445 1022 14279 271 455 164 517 3619 482
internal_value=6.11864e-05 -0.00175781 -0.00410629 -0.00720399 0.00330262 0.00615494 0.0069284 0.0251544 0.0289306 0.0130784 0.0305028 -0.034532 0.0169918 0.0148007 0.0329357
internal_weight=25959.7 24205.1 18665.3 13162.1 5503.14 5539.8 5436.46 1754.61 1199.63 108.245 1091.39 103.347 554.978 487.925 67.0534
internal_count=133602 112922 88202 62458 25744 24720 24282 20680 16027 1293 14734 438 4653 4136 517
is_linear=0
shrinkage=0.05


Tree=51
num_leaves=16
num_cat=0
split_feature=2 3 3 3 2 1 3 2 3 3 3 4 1 2 3
split_gain=441.196 187.25 554.677 210.27 65.5407 56.6464 51.1405 23.4056 20.7148 12.8183 28.3195 9.67656 9.44564 5.21131 4.77433
threshold=1.0000000180025095e-35 9.9994156256975142 9.000304054078585 3.0000023189429501 6.0611173997456538 140.01478320893185 10.015470520547924 0.56414930555555565 7.9999920423029671 1.00007030468741 1.9999784771843854 2.5000000000000004 23.982198772301004 -19.490983796296295 4.9998844824361814
decision_type=2 2 2 2 2 2 2 2 2 2 2 2 2 2 2
left_child=1 2 3 -1 7 6 -3 14 -9 11 -11 -6 -4 -7 -2
right_child=4 5 12 -5 9 13 -8 8 -10 10 -12 -13 -14 -15 -16
leaf_value=-0.0050600730744668372 0.039163463912241556 -0.027675753765677404 0.097517959780202002 0.0056536530401504453 0.022177104788923527 0.057854031002510645 0.010244082963655162 0.012450645551794952 -0.0095285004792158307 0.052863064209471171 0.02753797904876016 -0.050031122044127851 0.074811377063519965 0.021362850444122523 0.013143796919728301
leaf_weight=15392.645770087838 92.016539983451366 988.63124191761017 78.362415552139282 6519.3453253284097 433.31384851783514 14.474338710308073 97.701316758990288 1267.3180458880961 117.10712320357561 135.39071453735232 597.76887056231499 4.6898946762084952 110.22040951997042 30.192118659615517 21.808195620775223
leaf_count=75011 427 4273 317 27564 5013 58 404 8157 636 2674 8293 47 515 122 91
internal_value=5.89454e-05 -0.00215311 -0.00113763 -0.00187248 0.0193102 -0.0219964 -0.0242654 0.0123834 0.0105915 0.0281716 0.0322147 0.0214039 0.0842467 0.033188 0.0341782
internal_weight=25901 23231.6 22100.6 21912 2669.41 1131 1086.33 1498.25 1384.43 1171.16 733.16 438.004 188.583 44.6665 113.825
internal_count=133602 108264 103407 102575 25338 4857 4677 9311 8793 16027 10967 5060 832 180 518
is_linear=0
shrinkage=0.05


Tree=52
num_leaves=16
num_cat=0
split_feature=2 4 3 3 3 3 2 2 0 3 2 3 3 0 3
split_gain=407.451 150.933 860.817 181.124 2818.76 975.313 132.224 74.6265 66.7619 59.8047 24.5079 15.4806 19.3092 10.7512 3.28415
threshold=-5.0232118055555546 1.0000000180025095e-35 1.00007030468741 3.0000023189429501 3.9999396960457188 2.9999721473679828 4.1660994161900291 -4.4729803240740731 99.856908245497905 7.9999920423029671 -4.7976968288412056 9.9994156256975142 1.00007030468741 110.00001998413741 3.0000023189429501
decision_type=2 2 2 2 2 2 2 2 2 2 2 2 2 2 2
left_child=1 2 8 5 -5 -3 7 10 -1 -9 -2 12 -8 -13 -4
right_child=6 3 14 4 -6 -7 11 9 -10 -11 -12 13 -14 -15 -16
leaf_value=0.0011052598792019479 0.019281459695744747 -0.0022376608511229528 0.056511170523289668 0.1059335206130646 -0.0089743921465519679 -0.044410547109137777 0.019092753536509948 0.0077412385645122834 -0.012301356899407753 -0.016140284324634626 0.052712288165780066 -0.061194339316300805 0.030906146859683375 0.006808124267555689 0.06405490782318167
leaf_weight=2652.1947561651468 110.81063988804817 7469.6311334446073 406.98621947318316 583.08978801965714 6300.8551064878702 1679.1123574972153 576.64431367814541 3107.2830399051309 1428.8982220292091 286.30567187070847 108.50020753592253 6.8215983957052222 864.44588984549046 39.284602634608746 223.5065940618515
leaf_count=11328 528 37587 4093 2350 26483 7292 6111 15495 6182 1276 528 78 12490 450 1331
internal_value=5.69961e-05 -0.0030559 0.00481153 -0.00536793 0.000758636 -0.00997785 0.0127185 0.00755323 -0.00358875 0.00572643 0.0358208 0.0252666 0.0261791 -0.00325311 0.0591854
internal_weight=25844.4 20744.3 4711.59 16032.7 6883.94 9148.74 5100.1 3612.9 4081.09 3393.59 219.311 1487.2 1441.09 46.1062 630.493
internal_count=133602 96646 22934 73712 28833 44879 36956 17827 17510 16771 1056 19129 18601 528 5424
is_linear=0
shrinkage=0.05


Tree=53
num_leaves=16
num_cat=0
split_feature=2 1 1 3 1 3 1 3 3 3 5 1 1 2 2
split_gain=373.784 176.821 184.379 231.431 135.119 129.07 116.821 16.2679 47.8248 48.1009 12.8843 9.15844 10.4882 10.4001 0.0120242
threshold=3.8503349671125346 14.10012666465412 15.099843616247359 1.00007030468741 14.099845903280356 2.9999721473679828 14.590167205974801 1.00007030468741 1.9999784771843854 2.0001367691417618 71.500000000000014 22.210355568403195 14.520075325902956 40.860718618009265 6.0611173997456538
decision_type=2 2 2 2 2 2 2 2 2 2 2 2 2 2 2
left_child=1 4 6 -4 5 -1 -3 11 14 -10 -6 12 -2 -13 -9
right_child=7 2 3 -5 10 -7 -8 8 9 -11 -12 13 -14 -15 -16
leaf_value=-0.0027083131359503573 0.0099401794847685989 0.0062450601511899089 -0.0080219565222727114 0.0040465108968493063 -0.048378437084811016 -0.019595746057815007 0.037106028718533739 0.053658461427013526 -0.014940768782970064 0.027165239269863358 -0.0075080732054231061 0.0084124262902438365 0.026049442921863154 -0.076845386149219763 0.052633423812512681
leaf_weight=4078.4015756994486 147.71287375688553 714.44017142429948 6281.1400084495544 10807.56310313195 229.18713050708175 1565.8722862973809 537.24521607905626 37.049048826098442 75.287339173257351 684.53385725989938 21.054986819624901 127.95762919634581 319.76971317827702 3.6797912120819083 125.60110221803188
leaf_count=20328 1449 3419 28550 50973 1095 6872 2619 585 821 9259 100 1348 3481 29 2674
internal_value=5.54457e-05 -0.00145382 0.000967409 -0.000389386 -0.00898731 -0.00739334 0.0194911 0.024094 0.0282605 0.0229931 -0.0449397 0.0176789 0.0209593 0.00602913 0.0528669
internal_weight=25756.5 24234.9 18340.4 17088.7 5894.52 5644.27 1251.69 1521.59 922.471 759.821 250.242 599.12 467.483 131.637 162.65
internal_count=133602 113956 85561 79523 28395 27200 6038 19646 13339 10080 1195 6307 4930 1377 3259
is_linear=0
shrinkage=0.05


Tree=54
num_leaves=16
num_cat=0
split_feature=3 3 3 3 3 3 1 5 3 0 0 1 0 4 0
split_gain=200.048 532.061 251.814 1394.74 540.789 60.2814 49.9649 44.9935 43.7317 30.7986 11.4512 7.29502 6.25182 0.583189 0.0895661
threshold=9.9994156256975142 9.000304054078585 7.9999920423029671 7.0000764381187706 8.0000467969291389 10.015470520547924 140.01478320893185 13.500000000000002 11.880412499508468 285.91868535086513 755.55770868149455 23.982198772301004 89.89961959123751 1.0000000180025095e-35 129.90013228138884
decision_type=2 2 2 2 2 2 2 2 2 2 2 2 2 2 2
left_child=1 2 3 -1 -4 6 7 -2 12 -10 -8 14 -7 -13 -3
right_child=5 11 4 -5 -6 8 10 -9 9 -11 -12 13 -14 -15 -16
leaf_value=-3.0694687689348901e-05 -0.0078215999474722814 0.08691562360426823 -0.044319018258568661 0.10141096738960212 0.030088915037889477 -0.0030674746054427287 0.046849026636697155 -0.031626548935805486 -0.030665159649662294 0.028762028101662691 -0.0051497454562922026 0.056332307817162489 0.079169844588134988 0.071699425506777395 0.090440314018839785
leaf_weight=22758.03896920383 265.65024859458208 24.941671214997768 824.52774974703789 343.96684607118368 346.94030265510082 2.5588019490242031 28.94721844792366 785.23871269077063 45.515071757137775 41.847794592380524 16.693696781992912 6.4998721703886977 23.86829499900341 123.13394296914339 64.980415411293507
leaf_count=119598 1254 133 3675 1819 1749 13 121 3605 209 187 72 69 120 677 301
internal_value=5.3199e-05 0.00103375 0.000332884 0.00147967 -0.0222825 -0.0197901 -0.0233847 -0.025609 0.0148493 -0.00219887 0.0278299 0.0785197 0.0712072 0.0709289 0.0894627
internal_weight=25703.3 24493 24273.5 23102 1171.47 1210.32 1096.53 1050.89 113.79 87.3629 45.6409 219.556 26.4271 129.634 89.9221
internal_count=133602 128021 126841 121417 5424 5581 5052 4859 529 396 193 1180 133 746 434
is_linear=0
shrinkage=0.05


Tree=55
num_leaves=16
num_cat=0
split_feature=2 1 1 1 0 2 1 2 4 5 2 5 2 1 5
split_gain=351.093 155.73 135.32 191.739 156.709 112.001 104.175 65.0865 64.048 40.1197 21.8691 14.0969 11.6163 8.18981 7.24352
threshold=-5.0232118055555546 14.10012666465412 15.099843616247359 15.100019546061212 53.79073539444898 5.1031252029458889 14.099845903280356 -4.4729803240740731 1.0000000180025095e-35 68.500000000000014 -4.7976968288412056 71.500000000000014 40.860718618009265 9.5100506816796813 7.5000000000000009
decision_type=2 2 2 2 2 2 2 2 2 2 2 2 2 2 2
left_child=1 6 4 -4 -3 7 8 10 -1 -9 -2 -8 13 -7 -14
right_child=5 2 3 -5 -6 12 11 9 -10 -11 -12 -13 14 -15 -16
leaf_value=0.0015193412918723583 0.018403506173288918 0.043457489607738382 -0.033094740905855971 -0.00065210131785742873 0.0029523473370280293 0.0065389462149059024 -0.048819001004647922 0.0036199184238052701 -0.012416153911159505 0.017861879014993295 0.049948233613188113 -0.0027637570329817609 -0.039289457693450915 0.026826542914836989 0.010332462865839892
leaf_weight=1078.0109974145889 110.96718756854534 362.81857066601515 470.38693314045668 14318.447337336838 698.51489660143852 52.018739141523838 195.01720148324966 2973.8581540510058 3506.3816945850849 593.11262743920088 108.8284557312727 18.162606462836266 8.7361699789762479 1138.2489473633468 46.494574517011642
leaf_count=5147 528 1723 2216 66217 3330 535 948 15281 16978 3041 528 87 78 16526 439
internal_value=5.08637e-05 -0.00283535 -0.000446366 -0.001684 0.0167991 0.0118932 -0.0107281 0.00761526 -0.00913925 0.00598806 0.0340224 -0.0448952 0.0248997 0.0259399 0.00248347
internal_weight=25680 20647.7 15850.2 14788.8 1061.33 5032.26 4797.57 3786.77 4584.39 3566.97 219.796 213.18 1245.5 1190.27 55.2307
internal_count=133602 96646 73486 68433 5053 36956 23160 19378 22125 18322 1056 1035 17578 17061 517
is_linear=0
shrinkage=0.05


Tree=56
num_leaves=16
num_cat=0
split_feature=2 5 5 1 5 0 2 2 2 0 1 3 3 1 0
split_gain=319.184 157.275 265.729 165.401 108.442 78.0501 52.3292 25.8582 22.0643 18.2571 17.9797 12.289 15.861 13.5698 5.25535
threshold=1.0000000180025095e-35 19.500000000000004 20.500000000000004 30.560342328592526 17.500000000000004 150.01805382401542 6.0611173997456538 -11.174304635738213 0.56414930555555565 13.920570158655797 9.3413833672085822 9.9994156256975142 1.00007030468741 61.570898772921076 24.492786082281395
decision_type=2 2 2 2 2 2 2 2 2 2 2 2 2 2 2
left_child=1 4 7 -4 5 -1 8 -3 14 -10 -6 12 -8 -13 -2
right_child=6 2 3 -5 10 -7 11 -9 9 -11 -12 13 -14 -15 -16
leaf_value=0.00025538218895934824 0.065642534879626915 -0.043593528595090747 -0.0058790063696438424 0.006538039069373139 -0.023663168653501807 0.012439657914197048 0.018621880396672036 -0.023762046325904975 0.040949736673632386 0.0079222688296847459 0.0479419740618112 0.0083917040638294953 0.031281371667807888 -0.08304411417030283 0.028477198632722474
leaf_weight=4830.1746413782239 10.477091051638125 389.09331161528826 12173.173798084259 3439.707003891468 9.2729481980204564 1805.7230557724833 409.43579433858395 284.60161519050598 43.218712013214827 1314.439442306757 160.56326785683632 31.1295325756073 625.2795197032392 4.6659054681658736 103.2468591183424
leaf_count=22625 47 1795 58107 15358 43 8231 5060 1344 247 8546 761 409 10503 55 471
internal_value=4.84274e-05 -0.00180266 -0.00447006 -0.00314338 0.00458061 0.0035709 0.0168649 -0.0352157 0.0107457 0.00897364 0.0440324 0.0252756 0.026272 -0.00352688 0.0319011
internal_weight=25634.2 23092.3 16286.6 15612.9 6805.73 6635.9 2541.89 673.695 1471.38 1357.66 169.836 1070.51 1034.72 35.7954 113.724
internal_count=133602 108264 76604 73465 31660 30856 25338 3139 9311 8793 804 16027 15563 464 518
is_linear=0
shrinkage=0.05


Tree=57
num_leaves=16
num_cat=0
split_feature=4 3 3 3 3 3 3 0 0 0 0 1 3 3 3
split_gain=188.78 1032 170.236 2580.52 1255.4 493.468 1194.47 59.293 136.341 64.7359 17.2917 6.12301 3.07272 0.19486 0.160867
threshold=1.0000000180025095e-35 1.00007030468741 2.0001367691417618 2.9999721473679828 3.0000023189429501 1.9999784771843854 1.00007030468741 49.892028882551436 49.000638875890253 49.90054799292222 87.000226945016806 28.428307249440316 3.0000023189429501 2.0001367691417618 8.0000467969291389
decision_type=2 2 2 2 2 2 2 2 2 2 2 2 2 2 2
left_child=1 7 5 11 -5 6 -2 8 -1 -9 -7 -4 13 -3 -14
right_child=2 12 3 4 -6 10 -8 9 -10 -11 -12 -13 14 -15 -16
leaf_value=0.0041140222610564128 -0.0087802752490549786 0.054876969707422667 0.081648491412159949 -0.041693405090228147 0.0027805376614899006 -0.033932794781262633 0.058912854109192503 -0.05502985334321691 0.087463769004484271 -0.0038081280861435546 -0.024762645800470509 0.072556799295261917 0.062024239354429724 0.056805527977620909 0.057127640667932023
leaf_weight=1811.1556104272604 5475.2107317447662 372.81784747540951 728.07838335260749 1962.2037320956588 8293.0311542078853 929.21452512592077 739.71174346283078 62.878091782331467 50.429526083171368 3249.8284841701388 1150.6597829610109 248.3602399379015 290.53737387433648 201.9132441394031 17.80098744109273
leaf_count=8528 28456 4980 4048 9094 39085 4936 6814 293 241 15396 5908 1381 2112 2148 182
internal_value=4.6414e-05 0.00775786 -0.00234577 0.00166626 -0.00572896 -0.00777832 -0.000723312 -0.000768036 0.00637193 -0.00478036 -0.0288595 0.079336 0.0577148 0.0555545 0.0617415
internal_weight=25583.8 6057.36 19526.5 11231.7 10255.2 8294.8 6214.92 5174.29 1861.59 3312.71 2079.87 976.439 883.069 574.731 308.338
internal_count=133602 33880 99722 53608 48179 46114 35270 24458 8769 15689 10844 5429 9422 7128 2294
is_linear=0
shrinkage=0.05


Tree=58
num_leaves=16
num_cat=0
split_feature=2 3 3 3 2 3 3 3 1 3 3 4 2 1 2
split_gain=290.347 134.401 431.817 160.917 93.7916 62.2477 116.251 107.821 48.3384 43.7565 13.2549 35.6101 8.35659 5.40051 3.77494
threshold=-5.0232118055555546 9.9994156256975142 9.000304054078585 2.0001367691417618 5.1031252029458889 7.9999920423029671 7.0000764381187706 8.0000467969291389 140.01478320893185 10.015470520547924 1.00007030468741 1.0000000180025095e-35 7.9702360390038773 23.982198772301004 -19.490983796296295
decision_type=2 2 2 2 2 2 2 2 2 2 2 2 2 2 2
left_child=1 2 3 -1 5 6 -2 -7 9 -3 12 -12 -6 -4 -10
right_child=4 8 13 -5 10 7 -8 -9 14 -11 11 -13 -14 -15 -16
leaf_value=-0.0063270676152189023 0.007969137313603809 -0.02583661897320232 0.089768945314419896 0.002885252512001116 0.0073240647844922888 -0.056496764410008088 0.090318750223495156 0.0059657961910616472 0.053270646731064776 0.010674666840961779 0.052805570579809016 0.022562552347936256 0.021433737255159346 0.071391462146611143 0.021609665037493495
leaf_weight=10937.574661068618 3400.3134088292718 891.09552417695522 68.833934552967548 8366.1073014885187 158.81745722144842 101.95910683274269 43.403074041008949 214.29696530848742 14.47714191675186 90.382509216666222 116.16322962939739 600.47413689643145 309.32453753054142 95.35517542809248 26.922414138913155
leaf_count=54810 17700 3914 283 36623 1669 453 224 1001 58 375 2465 9536 3908 474 109
internal_value=4.82941e-05 -0.00257594 -0.00164773 -0.0023345 0.0109229 0.00705744 0.00900704 -0.0141718 -0.020242 -0.0224744 0.0231904 0.0274648 0.016647 0.079096 0.0326813
internal_weight=25435.5 20490.7 19467.9 19303.7 4944.75 3759.97 3443.72 316.256 1022.88 981.478 1184.78 716.637 468.142 164.189 41.3996
internal_count=133602 96646 92190 91433 36956 19378 17924 1454 4456 4289 17578 12001 5577 757 167
is_linear=0
shrinkage=0.05


Tree=59
num_leaves=16
num_cat=0
split_feature=4 3 3 3 3 3 3 0 1 0 5 1 3 3 3
split_gain=174.999 967.629 144.925 2384.58 1148.32 451.68 1116.44 54.5506 65.795 24.6212 16.5304 4.93902 2.53779 0.158526 0.137997
threshold=1.0000000180025095e-35 1.00007030468741 2.0001367691417618 2.9999721473679828 3.0000023189429501 1.9999784771843854 1.00007030468741 89.89961959123751 7.3900723787310891 89.900126469839748 42.500000000000007 28.428307249440316 3.0000023189429501 2.0001367691417618 8.0000467969291389
decision_type=2 2 2 2 2 2 2 2 2 2 2 2 2 2 2
left_child=1 7 5 11 -5 6 -2 8 -1 -9 -7 -4 13 -3 -14
right_child=2 12 3 4 -6 10 -8 9 -10 -11 -12 -13 14 -15 -16
leaf_value=-0.054451719492628316 -0.0082237035173740158 0.054634367314408766 0.079261439157683161 -0.040182868166398947 0.002517028768371616 -0.023015732937091554 0.058458543263639265 -0.044746398257984543 0.004480262740731494 -0.0061406460600019579 -0.031995294201960942 0.070972982459450898 0.061288774083893653 0.056419394490323627 0.056595680635229288
leaf_weight=48.104081064462662 5445.1784669458866 354.58909178897738 710.56684039160609 1944.31753654778 8278.6707046553493 998.058185108006 709.48984191566706 42.169036105275154 3070.5608880147338 2002.8001881539822 1053.5282098501921 240.59203103557229 277.1716241389513 191.58239511400461 16.601845651865005
leaf_count=219 28456 4980 4048 9094 39085 5225 6814 203 14551 9485 5619 1381 2112 2148 182
internal_value=4.66314e-05 0.00750569 -0.002264 0.00144132 -0.0056041 -0.0073094 -0.000536794 -0.000590249 0.00357126 -0.00693673 -0.0276269 0.0771649 0.0572762 0.0552605 0.0610236
internal_weight=25384 6003.58 19380.4 11174.1 10223 8206.25 6154.67 5163.63 3118.66 2044.97 2051.59 951.159 839.945 546.171 293.773
internal_count=133602 33880 99722 53608 48179 46114 35270 24458 14770 9688 10844 5429 9422 7128 2294
is_linear=0
shrinkage=0.05


Tree=60
num_leaves=16
num_cat=0
split_feature=3 3 3 3 3 3 3 3 1 1 0 1 0 4 4
split_gain=177.858 1240.3 488.942 1380.85 435.697 624.127 176.081 50.1303 18.2311 11.7982 10.1852 7.51416 5.40416 5.22449 4.13628
threshold=7.9999920423029671 7.0000764381187706 6.9999897041071204 6.0007950474366512 8.0000467969291389 9.9994156256975142 8.8742265484437333 10.015470520547924 27.020226363189774 34.909251478226636 69.801040906839262 21.914916707549136 990.22415683257123 1.0000000180025095e-35 1.0000000180025095e-35
decision_type=2 2 2 2 2 2 2 2 2 2 2 2 2 2 2
left_child=1 2 3 -1 9 6 -6 -7 13 10 -2 -4 -11 -3 -10
right_child=4 8 11 -5 5 7 -8 -9 14 12 -12 -13 -14 -15 -16
leaf_value=-0.00068788994636641764 -0.018315572295890856 0.061377969391104847 -0.059268211896247293 0.10173808398770079 0.083069408315325929 -0.021908897617934225 0.024297838308550951 0.013096840309146899 0.059700183786199283 -0.050751716019957906 -0.041118324183043412 -0.076336244347851509 -0.082366123471362795 0.11016557917862357 0.087617399318923928
leaf_weight=21722.161474511027 53.671245977282524 5.6802085675299159 183.92069394886494 334.11565107107162 200.74367246031761 1083.3286422118545 349.02222564816475 112.93508092314005 14.517808608710764 189.14454352855682 559.13570611178875 99.299448050558567 14.557973295450209 161.63677079603076 154.12400417029858
leaf_count=116574 246 46 811 1791 1103 5052 1826 529 117 795 2574 422 60 872 784
internal_value=4.84826e-05 0.00145951 2.5472e-05 0.000863692 -0.0124375 0.00166131 0.0457579 -0.0186041 0.0968158 -0.0425864 -0.0391212 -0.0652524 -0.0530111 0.108509 0.0852141
internal_weight=25238 22675.5 22339.5 22056.3 2562.54 1746.03 549.766 1196.26 335.959 816.509 612.807 283.22 203.703 167.317 168.642
internal_count=133602 121417 119598 118365 12185 8510 2929 5581 1819 3675 2820 1233 855 918 901
is_linear=0
shrinkage=0.05


Tree=61
num_leaves=16
num_cat=0
split_feature=2 1 1 1 1 1 3 2 2 3 2 5 2 1 1
split_gain=253.79 126.151 125.014 167.983 100.833 94.8287 94.2765 83.7639 57.0037 50.1934 19.3936 13.3541 12.951 11.8467 7.38077
threshold=-5.0232118055555546 14.10012666465412 15.099843616247359 15.100019546061212 14.590167205974801 14.099845903280356 4.9998844824361814 6.0611173997456538 -4.4729803240740731 7.9999920423029671 -4.7976968288412056 71.500000000000014 40.860718618009265 9.5100506816796813 12.870337524323146
decision_type=2 2 2 2 2 2 2 2 2 2 2 2 2 2 2
left_child=1 5 4 -4 -3 6 -1 8 10 -10 -2 -7 13 -9 -14
right_child=7 2 3 -5 -6 11 -8 12 9 -11 -12 -13 14 -15 -16
leaf_value=-0.0052886794261308842 0.017072506631473999 0.0033264707923390704 -0.031208445363608096 -0.00048116011347923643 0.034784603872323537 -0.046648217011784732 -0.026914177840449666 -0.0031211526762707116 0.0072573768909050818 -0.013775438967963015 0.046957396405107238 -0.001410616021209134 -0.057753234155934398 0.025618796392336714 0.0051438216999876918
leaf_weight=3920.514423198998 109.84937716275454 611.6044342443347 459.26314505934715 14116.304676197469 436.54781083762646 188.48543304949999 578.31974841654301 37.320292513817549 3349.3540201894939 309.90140075236559 107.32806596159935 17.859652251005173 5.1787628494203082 913.99313675239682 46.946806449443102
leaf_count=19601 528 2936 2216 66217 2117 948 2524 418 18379 1494 528 87 48 15092 469
internal_value=4.65137e-05 -0.00241147 -0.00024997 -0.00144935 0.0164286 -0.00958881 -0.00806861 0.0102861 0.00695323 0.00547611 0.0318415 -0.0427328 0.0231617 0.0244913 -0.00110511
internal_weight=25208.8 20328.9 15623.7 14575.6 1048.15 4705.18 4498.83 4879.87 3876.43 3659.26 217.177 206.345 1003.44 951.313 52.1256
internal_count=133602 96646 73486 68433 5053 23160 22125 36956 20929 19873 1056 1035 16027 15510 517
is_linear=0
shrinkage=0.05


Tree=62
num_leaves=16
num_cat=0
split_feature=2 1 3 3 3 3 3 3 2 2 3 2 3 1 1
split_gain=229.955 119.721 137.59 1681.31 542.54 85.3653 415.796 185.57 79.8799 54.4618 41.3971 17.4656 12.9904 13.9225 13.3356
threshold=-5.0232118055555546 23.982198772301004 3.9999396960457188 3.0000023189429501 4.0004450093452339 7.9999920423029671 7.0000764381187706 8.0000467969291389 4.1660994161900291 -4.4729803240740731 7.9999920423029671 -4.7976968288412056 9.9994156256975142 61.570898772921076 9.5100506816796813
decision_type=2 2 2 2 2 2 2 2 2 2 2 2 2 2 2
left_child=1 2 3 -1 -4 6 -3 -7 9 11 -11 -2 14 -14 -10
right_child=8 5 4 -5 -6 7 -8 -9 12 10 -12 -13 13 -15 -16
leaf_value=-0.0059463367567081709 0.01617554077107048 0.0036043755228050973 -0.04969798173140158 0.10091530795578772 -0.0028985043646392768 -0.043111236096782496 0.087912074676058646 0.0029342474436031257 -0.00069680388627247659 0.0060472326566852726 -0.014020475255010221 0.044500767582447726 0.0053738852406816136 -0.074159831245112218 0.022563924389587271
leaf_weight=9921.2735457569361 110.13609693944454 5163.01066301018 798.01541464030743 382.26435190439224 2765.0406983047724 296.52534841001034 150.50996119529009 834.92880826443434 64.980783522129059 3062.6316342689097 280.52844566851854 107.58331611007452 37.555491328239441 6.446990728378295 1190.5419269353151
leaf_count=50242 528 23758 3461 1640 12001 1213 650 3681 659 15495 1276 528 462 66 17942
internal_value=4.4189e-05 -0.00229356 -0.00491059 -0.00198174 -0.0133802 0.00333708 0.00599246 -0.0091331 0.0098136 0.00594133 0.00436333 0.0301721 0.0204242 -0.00627894 0.02136
internal_weight=25172 20311.6 13866.6 10303.5 3563.06 6444.97 5313.52 1131.45 4860.4 3560.88 3343.16 217.719 1299.53 44.0025 1255.52
internal_count=133602 96646 67344 51882 15462 29302 24408 4894 36956 17827 16771 1056 19129 528 18601
is_linear=0
shrinkage=0.05


Tree=63
num_leaves=15
num_cat=0
split_feature=2 3 3 3 3 3 5 5 3 3 0 2 0 4
split_gain=211.35 138.671 442.293 194.658 39.687 42.6004 30.5315 17.868 15.0842 17.6329 12.3719 8.1086 4.2751 0.831756
threshold=3.8503349671125346 9.9994156256975142 9.000304054078585 7.9999920423029671 10.015470520547924 11.880412499508468 19.500000000000004 72.500000000000014 9.9994156256975142 1.00007030468741 99.991144736527829 28.237736576292193 160.62376681568961 1.0000000180025095e-35
decision_type=2 2 2 2 2 2 2 2 2 2 2 2 2 2
left_child=1 2 3 -1 6 -6 -3 8 9 -2 -10 12 -9 -4
right_child=7 4 13 -5 5 -7 -8 11 10 -11 -12 -13 -14 -15
leaf_value=0.00022617027921819179 0.01475956618399301 -0.0087754930436498811 0.055499771942305071 -0.021412582687719679 0.071153570384438244 -0.0056002367659948767 -0.027037773476597301 -0.022625020232756941 -0.074274101781104176 0.02676245992354355 0.0024202742913832049 -0.11681894616724892 0.0073849310547806149 0.076814422599655388
leaf_weight=21353.271164532751 542.37950213626027 341.17668499052525 4.694507807493209 1092.4906755760312 23.072625197470188 83.514123186469078 695.23260748386383 21.752026621252298 6.0828161090612403 702.01935198158026 38.794417157769203 1.7177070304751385 26.115265257656574 182.8333273679018
leaf_count=103224 6184 1476 54 4791 97 351 3117 292 66 12245 457 20 382 846
internal_value=4.21611e-05 -0.00104627 -0.000188165 -0.000827041 -0.0180382 0.0110145 -0.021026 0.0193711 0.0205039 0.0215309 -0.00797515 -0.0100825 -0.0062523 0.0762808
internal_weight=25115.1 23776.3 22633.3 22445.8 1143 106.587 1036.41 1338.86 1289.28 1244.4 44.8772 49.585 47.8673 187.528
internal_count=133602 113956 108915 108015 5041 448 4593 19646 18952 18429 523 694 674 900
is_linear=0
shrinkage=0.05


Tree=64
num_leaves=16
num_cat=0
split_feature=2 4 3 3 3 3 2 0 2 3 2 2 1 0 3
split_gain=198.599 114.548 691.509 134.07 1875.78 327.242 68.6993 58.9657 46.5404 39.2984 15.7395 12.5614 10.6597 6.96958 1.54745
threshold=-5.0232118055555546 1.0000000180025095e-35 1.00007030468741 2.0001367691417618 2.9999721473679828 1.9999784771843854 6.0611173997456538 99.856908245497905 -4.4729803240740731 7.9999920423029671 -4.7976968288412056 40.860718618009265 9.5100506816796813 164.49319942911799 3.0000023189429501
decision_type=2 2 2 2 2 2 2 2 2 2 2 2 2 2 2
left_child=1 2 7 5 -5 -3 8 -1 10 -10 -2 12 -8 -13 -4
right_child=6 3 14 4 -6 -7 11 -9 9 -11 -12 13 -14 -15 -16
leaf_value=0.0020885688491738548 0.015372510502536374 -0.0030537210457958937 0.055516902977371788 0.07797845416524965 -0.0068204312710756308 -0.028647985247394515 -0.0037067170387714032 -0.010566941082118144 0.0064401116713230294 -0.012236307533580924 0.042239175549482123 0.0070183734003606835 0.023703920683346029 -0.037305576815289468 0.061083269399297958
leaf_weight=2636.7858549654484 110.35820464044809 4862.8712144047022 357.14377009123564 706.93941193819046 8413.3592511564493 1680.472171574831 36.990023452788591 1413.9742868095636 3340.9619943723083 307.59354219585657 107.72691356390715 39.145698182284832 862.49603960290551 11.466849505901335 191.9698022082448
leaf_count=11328 528 25776 4093 3113 36125 8698 418 6182 18379 1494 528 411 15092 106 1331
internal_value=4.08377e-05 -0.00212842 0.00480869 -0.00416561 -0.000247437 -0.00962688 0.00916668 -0.00232901 0.00620672 0.00486559 0.0286438 0.0212129 0.0225767 -0.00302372 0.0574629
internal_weight=25080.3 20263.5 4599.87 15663.6 9120.3 6543.34 4816.74 4050.76 3866.64 3648.56 218.085 950.099 899.486 50.6125 549.114
internal_count=133602 96646 22934 73712 39238 34474 36956 17510 20929 19873 1056 16027 15510 517 5424
is_linear=0
shrinkage=0.05


Tree=65
num_leaves=16
num_cat=0
split_feature=2 2 2 2 2 2 2 1 2 2 3 1 3 2 3
split_gain=183.995 212.389 133.447 107.522 105.211 301.536 112.685 106.932 88.1928 38.7252 12.5024 7.29008 9.14648 6.98298 3.73863
threshold=-12.058178185883802 -11.480081018518517 3.8503349671125346 -11.058582175925924 -12.397939726311073 -12.997229356693962 -12.5462678063432 45.843070269431607 -11.987926193718144 -11.615479512338814 9.9994156256975142 13.510154062264986 3.9999396960457188 -12.187708333333331 3.229083886650673
decision_type=2 2 2 2 2 2 2 2 2 2 2 2 2 2 2
left_child=4 8 3 -3 5 7 -7 -1 14 -10 -4 13 -13 -6 -2
right_child=1 2 10 -5 11 6 -8 -9 9 -11 -12 12 -14 -15 -16
leaf_value=-0.0068337907512853154 -0.007098236411501581 -0.016720931702726961 0.019088937019339381 0.0025519705050761404 -0.03693468461378998 0.052072831841597916 0.005681828963749495 0.0086536756154853133 0.064048352807497752 0.027406480637778164 -0.0074589389801720711 -0.01447047723496811 -0.026675325560167669 -0.017847184913846247 0.011910177711367089
leaf_weight=9272.5381384193897 69.24223393201828 777.2513465732336 1252.7077418901026 10498.694041036069 120.54781994968653 322.47078762203455 220.34264114499092 1266.7847478017211 214.66477809846401 108.57955525815487 45.97541494295001 463.46356444060802 229.53259880840778 79.527298778295517 41.29519210755825
leaf_count=44408 347 3696 19106 51105 596 1584 1056 5771 1056 528 540 2254 984 390 181
internal_value=4.12075e-05 0.00415815 0.00297153 0.00122349 -0.00443094 -0.00310051 0.0332415 -0.00497226 0.0385564 0.0517401 0.0181491 -0.0209402 -0.0185129 -0.0293476 3.03364e-06
internal_weight=24983.6 13008.4 12574.6 11275.9 11975.2 11082.1 542.813 10539.3 433.782 323.244 1298.68 893.071 692.996 200.075 110.537
internal_count=133602 76559 74447 54801 57043 52819 2640 50179 2112 1584 19646 4224 3238 986 528
is_linear=0
shrinkage=0.05


Tree=66
num_leaves=16
num_cat=0
split_feature=2 5 5 3 2 5 2 0 3 5 2 5 5 5 0
split_gain=168.575 123.997 240.529 99.5841 95.3343 93.9133 67.8752 56.7759 36.8193 16.226 13.919 12.6811 7.68791 6.10562 4.59206
threshold=-3.9280132528130074 19.500000000000004 20.500000000000004 9.9994156256975142 -3.4886426197409253 17.500000000000004 4.1660994161900291 150.01805382401542 1.00007030468741 72.500000000000014 -11.987926193718144 18.500000000000004 6.5000000000000009 70.500000000000014 79.001893609851138
decision_type=2 2 2 2 2 2 2 2 2 2 2 2 2 2 2
left_child=1 5 10 -4 12 7 8 -1 -6 -8 -3 -7 14 -14 -2
right_child=4 2 3 -5 6 11 9 -9 -10 -11 -12 -13 13 -15 -16
leaf_value=0.00021430217771889535 0.12611006270709876 -0.041353587053491341 -0.0020249545940841883 -0.022206961946771315 -0.002599705953927512 0.029186982196934524 0.019026796694648268 0.011157356572407094 0.008946640505653863 -0.011253897361475624 -0.026072127094110747 0.058188829424337001 0.045388749808662476 0.080392105830033547 0.066443357050863849
leaf_weight=4320.4273265004158 5.5960037335753423 355.79862409830093 13476.174168981612 640.26532147824764 1256.4724981486797 78.297856844961643 1173.8163028769195 1633.4190774224699 1532.6335333399475 45.973096210509539 256.38917718827724 72.678130112588406 78.258587419986725 14.816750846803187 7.6096924394369125
leaf_count=20647 28 1695 65034 2874 5777 363 18457 7593 8354 672 1245 363 392 73 35
internal_value=3.91318e-05 -0.00178752 -0.00427094 -0.00294033 0.00928674 0.00420403 0.00804762 0.00321649 0.00374509 0.0178855 -0.0349536 0.0431481 0.0560263 0.050961 0.0917275
internal_weight=24948.6 20833.4 14728.6 14116.4 4115.18 6104.82 4008.9 5953.85 2789.11 1219.79 612.188 150.976 106.281 93.0753 13.2057
internal_count=133602 99814 70848 67908 33788 28966 33260 28240 14131 19129 2940 726 528 465 63
is_linear=0
shrinkage=0.05


Tree=67
num_leaves=16
num_cat=0
split_feature=2 2 2 2 2 2 2 1 2 2 2 1 0 2 3
split_gain=158.957 279.035 143.138 192.699 101.936 287.907 192.983 86.1729 69.8331 50.2979 49.4435 15.9599 11.5265 10.6401 4.48673
threshold=-12.997229356693962 -12.5462678063432 -12.058178185883802 -11.480081018518517 -13.389912566315827 -13.973947365327396 -13.634534876628189 14.146632331434116 -12.879029313299528 -12.688208256122648 -12.463006115778796 24.251417996760285 118.78016835115399 -13.054270833333332 6.0007950474366512
decision_type=2 2 2 2 2 2 2 2 2 2 2 2 2 2 2
left_child=4 8 10 -4 5 7 -7 -1 14 -10 -3 13 -13 -6 -2
right_child=1 2 3 -5 11 6 -8 -9 9 -11 -12 12 -14 -15 -16
leaf_value=-0.017091136037983932 0.012863135215550596 0.017002916184230773 0.036584915464620386 0.0027331037838029368 -0.023630194540448249 0.07026209158196671 0.0088703577998097971 -0.0029974239644312648 0.090435908858979813 0.041956530531727411 -0.018357165050148026 0.0027320584500652315 -0.016087349487123568 -0.0043932285028553406 0.042223913310047725
leaf_weight=1268.2390054911375 94.566382568329573 109.7277812436223 434.98511188104749 12531.839409703389 788.06541357189417 208.54437506198883 331.4734226167202 7489.2388619482517 106.02693757042289 108.00224684923887 998.20098003745079 127.81624014675617 223.86864966154099 79.095010548830032 15.087701991200445
leaf_count=6332 464 528 2112 74447 3849 1056 1584 35399 528 528 4752 572 1000 387 64
internal_value=3.72027e-05 0.00345036 0.0023948 0.0038687 -0.00463592 -0.00285357 0.0325787 -0.00503844 0.0493492 0.0659725 -0.0148551 -0.0182319 -0.00924763 -0.0218756 0.016903
internal_weight=24914.8 14398.4 14074.8 12966.8 10516.3 9297.5 540.018 8757.48 323.683 214.029 1107.93 1218.85 351.685 867.16 109.654
internal_count=133602 83423 81839 76559 50179 44371 2640 41731 1584 1056 5280 5808 1572 4236 528
is_linear=0
shrinkage=0.05


Tree=68
num_leaves=16
num_cat=0
split_feature=4 3 3 3 3 3 3 0 0 0 0 1 3 3 3
split_gain=136.893 858.164 129.241 2714.92 1360.09 1001.66 2093.17 51.5673 121.014 59.9877 9.88112 3.67407 1.56717 0.116544 0.0896815
threshold=1.0000000180025095e-35 1.00007030468741 3.0000023189429501 3.9999396960457188 4.0004450093452339 2.9999721473679828 2.0001367691417618 49.892028882551436 49.000638875890253 49.90054799292222 452.18548616743408 27.621462880686476 3.0000023189429501 2.0001367691417618 8.0000467969291389
decision_type=2 2 2 2 2 2 2 2 2 2 2 2 2 2 2
left_child=1 7 5 11 -5 6 -2 8 -1 -9 -7 -4 13 -3 -14
right_child=2 12 3 4 -6 10 -8 9 -10 -11 -12 -13 14 -15 -16
leaf_value=0.0038971673084235896 -0.0066747314931411552 0.054169671751050953 0.09484297642669369 -0.052797284851280428 0.0033925552513041552 -0.037939490581165081 0.073711494798940055 -0.05325709527884951 0.082407311281985599 -0.0034680119155434059 -0.063191029310873933 0.087450483348710584 0.059736632570702941 0.055777183643518038 0.05566687933013819
leaf_weight=1796.4678111374378 8042.5178949087858 320.35665383003652 514.97105269134045 1308.2582129351795 6090.9094439446926 1871.2196127995849 900.47775987535715 61.656931504607201 50.461054183542728 3215.700715482235 39.56001752614975 249.51171720027924 248.33783844485879 173.98813159763813 14.316908609122036
leaf_count=8528 46114 4980 2708 5965 29141 8916 5429 293 241 15396 178 1271 2112 2148 182
internal_value=3.48329e-05 0.00670156 -0.0020269 0.00272581 -0.00654246 -0.00560165 0.00141943 -0.00063936 0.00604219 -0.00440469 -0.0384623 0.0924302 0.0563937 0.0547354 0.0595148
internal_weight=24898.7 5881.29 19017.4 8163.65 7399.17 10853.8 8943 5124.29 1846.93 3277.36 1910.78 764.483 757 494.345 262.655
internal_count=133602 33880 99722 39085 35106 60637 51543 24458 8769 15689 9094 3979 9422 7128 2294
is_linear=0
shrinkage=0.05


Tree=69
num_leaves=16
num_cat=0
split_feature=2 5 5 1 5 4 1 5 2 2 1 2 1 2 2
split_gain=144.726 120.118 209.415 120.524 82.6924 39.768 28.5279 23.9996 22.3005 20.0047 15.2383 12.177 15.5862 10.1951 4.49603
threshold=1.0000000180025095e-35 19.500000000000004 20.500000000000004 30.200097411913884 17.500000000000004 1.0000000180025095e-35 12.970105863145582 72.500000000000014 8.9638731391085802 -11.174304635738213 9.3413833672085822 15.586289843544437 9.0805252446865676 5.1031252029458889 22.825540411502917
decision_type=2 2 2 2 2 2 2 2 2 2 2 2 2 2 2
left_child=1 4 9 -4 5 -1 11 8 -8 -3 -6 13 -13 -2 -9
right_child=6 2 3 -5 10 -7 7 14 -10 -11 -12 12 -14 -15 -16
leaf_value=0.010577474236924782 -0.0044714195267380593 -0.039069448202499989 -0.0047726200640547771 0.0058835062971298825 -0.023420225404508457 0.0013766326417395142 0.011910693453799441 -0.01172425131250214 0.023896533383413202 -0.021256416824202085 0.043007214482097288 -0.15348325980153557 -0.022104173627909032 0.015450896830992501 -0.073338096330235455
leaf_weight=1540.6345684528351 236.02749520167708 369.52547641843557 11765.749422475696 3426.1583991385996 9.1375464349985105 4940.4838649481535 1340.9346200805157 66.806337982416153 546.13268038071692 274.84471090137959 156.48462639003992 2.6242144778370884 16.154392261058092 88.219420736655593 3.0981300845742217
leaf_count=7741 1323 1795 57803 15662 43 23115 11850 684 9964 1344 761 28 228 1213 48
internal_value=3.62237e-05 -0.00118586 -0.00355355 -0.00236939 0.0044553 0.00356378 0.0119824 0.0143138 0.0153795 -0.0314716 0.0393423 -0.00131816 -0.0404637 0.000948941 -0.0144549
internal_weight=24783 22483 15836.3 15191.9 6646.74 6481.12 2300 1956.97 1887.07 644.37 165.622 343.026 18.7786 324.247 69.9045
internal_count=133602 108264 76604 73465 31660 30856 25338 22546 21814 3139 804 2792 256 2536 732
is_linear=0
shrinkage=0.05


Tree=70
num_leaves=16
num_cat=0
split_feature=3 3 3 3 3 3 1 0 3 0 0 0 1 4 1
split_gain=131.749 414.006 188.853 1085 403.507 40.8358 40.6217 37.8545 36.6815 27.0878 10.1638 5.28798 4.15524 0.283884 0.0545034
threshold=9.9994156256975142 9.000304054078585 7.9999920423029671 7.0000764381187706 8.0000467969291389 10.015470520547924 140.01478320893185 1389.9450000000004 11.880412499508468 285.91868535086513 755.55770868149455 110.00001998413741 23.982198772301004 1.0000000180025095e-35 10.960649578764661
decision_type=2 2 2 2 2 2 2 2 2 2 2 2 2 2 2
left_child=1 2 3 -1 -4 6 7 -2 11 -10 -8 -7 14 -14 -3
right_child=5 12 4 -5 -6 8 10 -9 9 -11 -12 -13 13 -15 -16
leaf_value=-9.1110043819781178e-05 -0.023674169152268141 0.086534703901293267 -0.038993226115629567 0.092021183539256535 0.026463686056595326 0.03371945667164105 0.044748181962157622 0.019636945756203828 -0.02996835183221699 0.026035544250877243 -0.0042416195129009503 0.081547942145334659 0.054214531672322666 0.067026900296031922 0.080846665685317065
leaf_weight=21916.473785905167 963.70285124331713 4.4441992715001097 798.07837188988924 324.42751792818308 333.96156816184521 8.8290089666843432 28.927271880209446 53.236601151525974 45.088648706674576 41.430786065757275 16.699171669781208 16.729177262634039 4.5019548758864394 108.98520712181926 80.440210957080126
leaf_count=119598 4599 19 3675 1819 1749 44 121 260 209 187 72 89 69 677 415
internal_value=3.45931e-05 0.00084902 0.000238549 0.00125253 -0.0196829 -0.0163083 -0.0193361 -0.0214068 0.0123966 -0.00315027 0.026818 0.0650257 0.0727771 0.0665186 0.0811445
internal_weight=24746 23571.3 23372.9 22240.9 1132.04 1174.64 1062.57 1016.94 112.078 86.5194 45.6264 25.5582 198.372 113.487 84.8844
internal_count=133602 128021 126841 121417 5424 5581 5052 4859 529 396 193 133 1180 746 434
is_linear=0
shrinkage=0.05


Tree=71
num_leaves=16
num_cat=0
split_feature=2 2 2 1 3 1 1 0 2 3 3 3 3 3 3
split_gain=136.45 262.681 94.3915 89.2832 83.3099 69.5383 85.1938 81.6488 35.1276 33.1966 208.695 21.54 14.1087 11.3155 3.00544
threshold=-11.987926193718144 -11.615479512338814 3.8503349671125346 14.146632331434116 7.9999920423029671 15.099843616247359 15.100019546061212 55.97884243204809 -11.836502613668287 4.9998844824361814 4.0004450093452339 5.0001066880784402 1.0536477022599795 9.9994156256975142 3.0661020365069187
decision_type=2 2 2 2 2 2 2 2 2 2 2 2 2 2 2
left_child=3 8 4 9 -3 7 -7 -5 14 10 -1 -11 -10 -4 -2
right_child=1 2 13 5 -6 6 -8 -9 12 11 -12 -13 -14 -15 -16
leaf_value=-0.012861435002468648 0.031830549281622086 0.0026052675942448544 0.01679014024485859 0.039998068278223532 -0.012447430028546844 -0.029374392961080527 -0.0020115146301517236 0.00070212707250560621 0.10393909839717007 -0.048621216909849892 0.13062754368657994 -0.019309107332468146 0.065639107199219116 -0.0087064637651597734 0.048871470967332367
leaf_weight=1746.6852945312858 66.006397038698196 10305.924440000206 1183.7650453802198 208.91889436170459 1009.2081139646471 293.69622799009085 9047.6509377174079 359.92014669254422 36.902984708547592 95.369713887572289 25.713539317250252 182.81787870824337 69.012555040419102 45.176588825881481 42.555205389857292
leaf_count=8982 343 50763 19106 1017 4566 1466 42986 1766 165 413 112 829 363 540 185
internal_value=3.34007e-05 0.00363021 0.0026921 -0.00380332 0.0012627 -0.00183827 -0.00287182 0.0151344 0.0584973 -0.0133001 -0.0107797 -0.029358 0.0789836 0.0158529 0.0385104
internal_weight=24719.3 12758.6 12544.1 11960.8 11315.1 9910.19 9341.35 568.839 214.477 2050.59 1772.4 278.188 105.916 1228.94 108.562
internal_count=133602 76031 74975 57571 55329 47235 44452 2783 1056 10336 9094 1242 528 19646 528
is_linear=0
shrinkage=0.05


Tree=72
num_leaves=16
num_cat=0
split_feature=2 2 5 5 1 5 2 2 2 2 3 3 3 5 2
split_gain=125.095 252.215 121.904 227.881 164.637 97.5524 83.9962 252.161 62.2413 45.1728 12.3609 9.41425 18.6844 8.61223 6.73675
threshold=-12.997229356693962 -12.5462678063432 68.500000000000014 69.500000000000014 9.5100506816796813 72.500000000000014 -13.389912566315827 -13.973947365327396 -12.879029313299528 -12.688208256122648 6.0007950474366512 8.0000467969291389 9.9994156256975142 14.500000000000002 -14.518249506779727
decision_type=2 2 2 2 2 2 2 2 2 2 2 2 2 2 2
left_child=5 8 4 -4 -3 6 7 -1 13 -10 -8 14 -13 -2 -7
right_child=1 2 3 -5 -6 11 10 -9 9 -11 -12 12 -14 -15 -16
leaf_value=-0.0035148040954941159 0.041989931650374623 -0.01651118231863578 0.08817840518458353 0.0093079130205551905 0.0021282597841359597 -0.023991265037803265 -0.017896778567171551 0.032432874890556358 0.085891065510830755 0.03979674229540122 -0.0027074128745179782 0.054664622997710556 -0.023551942917748765 0.008485633600484311 -0.037578436577444294
leaf_weight=8264.0297352075577 24.84409062936902 1338.4089173302054 95.55691809207201 2202.8131766840816 10314.179087046534 335.21983924880624 983.33657708764076 518.44401032477617 105.17201138660312 107.46173512935638 155.06100690364838 10.5749419555068 27.465747877955437 84.133184000849724 125.33954248577356
leaf_count=39759 115 6886 683 12698 61572 1590 4813 2552 528 528 687 45 134 413 599
internal_value=3.15033e-05 0.00307228 0.0020631 0.012587 -1.26548e-05 -0.00413374 -0.00304915 -0.00139275 0.0468488 0.0625957 -0.0158278 -0.0257144 -0.0018085 0.0161238 -0.027689
internal_weight=24692 14272.6 13951 2298.37 11652.6 10419.5 9920.87 8782.47 321.611 212.634 1138.4 498.6 38.0407 108.977 460.559
internal_count=133602 83423 81839 13381 68458 50179 47811 42311 1584 1056 5500 2368 179 528 2189
is_linear=0
shrinkage=0.05


Tree=73
num_leaves=16
num_cat=0
split_feature=2 1 1 1 0 1 1 2 5 5 5 4 1 5 1
split_gain=119.971 92.4551 108.844 138.85 124.512 85.216 52.1139 45.5782 47.1112 106.071 72.0369 13.2641 15.6296 12.8587 2.98319
threshold=-5.0232118055555546 14.10012666465412 15.099843616247359 15.100019546061212 53.79073539444898 14.099845903280356 7.3900723787310891 6.0611173997456538 68.500000000000014 42.500000000000007 72.500000000000014 1.0000000180025095e-35 13.070266685743965 71.500000000000014 82.551981721724829
decision_type=2 2 2 2 2 2 2 2 2 2 2 2 2 2 2
left_child=1 5 4 -4 -3 6 -1 8 9 -2 -10 14 -13 -7 -9
right_child=7 2 3 -5 -6 13 -8 11 10 -11 -12 12 -14 -15 -16
leaf_value=-0.029788539928403357 0.0094533482513625144 0.039701877347851543 -0.028430850820992917 -4.984264447070536e-05 0.0032756534936214119 -0.043938337661737832 -0.0051666690014960034 0.027237697945906303 0.027982582704145328 -0.0094170658438278709 -0.0087498007681595848 -0.014236643294160946 0.015771035638625239 0.00093671798080549996 -0.019862157127705005
leaf_weight=226.55494037270546 1989.0507048666477 358.01262708380818 444.74271490424871 13900.137085899711 680.53553472086787 180.42710699886084 4180.2189808413386 272.22306853532791 455.39141757413745 1190.3472757935524 188.81524807959795 47.18129095248878 540.47639673948288 17.512912511825562 3.4039129447191945
leaf_count=1141 10867 1723 2216 66217 3330 948 20984 5160 2543 6538 981 704 10099 87 64
internal_value=2.96559e-05 -0.00165859 0.000201889 -0.000929756 0.0158327 -0.00787406 -0.00643249 0.00722949 0.00488663 0.00238838 0.0172164 0.0176063 0.0133618 -0.039968 0.026656
internal_weight=24675 19988.1 15383.4 14344.9 1038.55 4604.71 4406.77 4686.89 3823.6 3179.4 644.207 863.285 587.658 197.94 275.627
internal_count=133602 96646 73486 68433 5053 23160 22125 36956 20929 17405 3524 16027 10803 1035 5224
is_linear=0
shrinkage=0.05


Tree=74
num_leaves=16
num_cat=0
split_feature=3 3 4 3 0 1 5 5 4 1 5 4 3 1 1
split_gain=121.834 1206.71 580.646 478.727 104.59 88.3345 75.5385 37.9926 37.3961 23.7054 20.0885 1.4667 0.465275 0.264403 0.00335332
threshold=1.00007030468741 1.9999784771843854 1.0000000180025095e-35 2.0001367691417618 89.89961959123751 7.3900723787310891 4.5000000000000009 70.500000000000014 1.0000000180025095e-35 179.96659140238188 19.500000000000004 1.0000000180025095e-35 3.0000023189429501 27.621462880686476 14.10012666465412
decision_type=2 2 2 2 2 2 2 2 2 2 2 2 2 2 2
left_child=4 11 12 -4 5 7 -7 -1 9 -6 -10 14 -3 -13 -2
right_child=1 2 3 -5 8 6 -8 -9 10 -11 -12 13 -14 -15 -16
leaf_value=-0.043657817799720749 0.054265228240237384 0.055456989110568136 -0.025417852730047277 0.0013406471560088546 -0.0073653146876324523 0.043907008751256582 -0.00028785486207328948 0.030051608246464103 -0.0082621424868837539 0.046340616705096135 -0.021228386985775269 0.058595900649501258 0.058887992796918601 0.056002519390722254 0.053850473127000413
leaf_weight=157.07923107594252 61.103264089673758 164.44951066747308 1976.1626863181591 10841.670939454809 1998.8181301914155 98.097933817654848 6718.4993498809636 19.671402245759964 424.86299782246351 20.760119698941708 1006.0870973393321 549.98888093791902 247.56182163953781 119.6658587064594 240.73965091444552
leaf_count=791 914 2148 10844 53608 9603 466 34208 96 2211 85 5454 5406 2294 1408 4066
internal_value=2.80228e-05 0.00304279 -0.000906788 -0.00278479 -0.00407139 -0.000556721 0.000348155 -0.0354544 -0.0111947 -0.00681325 -0.0173786 0.0568281 0.0575185 0.0581325 0.0539344
internal_weight=24645.2 14201.3 13229.8 12817.8 10443.9 6993.35 6816.6 176.751 3450.53 2019.58 1430.95 971.498 412.011 669.655 301.843
internal_count=133602 80688 68894 64452 52914 35561 34674 887 17353 9688 7665 11794 4442 6814 4980
is_linear=0
shrinkage=0.05


Tree=75
num_leaves=16
num_cat=0
split_feature=3 3 3 3 3 3 3 5 5 0 0 0 2 0 2
split_gain=116.882 384.458 168.917 989.766 364.279 36.5044 33.4145 32.2432 45.2126 24.3497 19.9691 5.13506 2.38542 0.459266 0.0546223
threshold=9.9994156256975142 9.000304054078585 7.9999920423029671 7.0000764381187706 8.0000467969291389 10.015470520547924 11.880412499508468 13.500000000000002 8.5000000000000018 285.91868535086513 159.90069539935232 110.00001998413741 1.9626297871594764 252.51146623455983 5.1031252029458889
decision_type=2 2 2 2 2 2 2 2 2 2 2 2 2 2 2
left_child=1 2 3 -1 -4 7 11 8 -2 -8 -9 -7 13 -3 -14
right_child=5 12 4 -5 -6 6 9 10 -10 -11 -12 -13 14 -15 -16
leaf_value=-0.00010178724931201998 -0.0077709266765876852 0.075250368911359222 -0.0372178503422275 0.088804705465624079 0.025270942608285177 0.031739962332668084 -0.028445526988380099 -0.035139605350135557 0.092176771266375176 0.02472008761583621 -0.017993439806882436 0.079145574509650318 0.058389714393595193 0.06994289495183767 0.052974610809767536
leaf_weight=21757.031151974574 258.02423845976591 105.29960612952709 788.32122668623924 317.61390451714396 331.20997059345245 8.7871452793478984 44.951299659907818 248.51726277172565 11.833935685455797 41.344935469329357 536.18089216202497 16.325941413640976 7.3627467229962376 66.500613458454609 12.671594087034462
leaf_count=119598 1242 505 3675 1819 1749 44 209 1211 54 187 2545 89 61 356 258
internal_value=2.92137e-05 0.000799523 0.000216493 0.00117742 -0.0187307 -0.015421 0.0117981 -0.0182966 -0.00338798 -0.00297363 -0.0234237 0.0625582 0.071292 0.0731959 0.0549647
internal_weight=24552 23386 23194.2 22074.6 1119.53 1165.97 111.409 1054.56 269.858 86.2962 784.698 25.1131 191.835 171.8 20.0343
internal_count=133602 128021 126841 121417 5424 5581 529 5052 1296 396 3756 133 1180 861 319
is_linear=0
shrinkage=0.05


Tree=76
num_leaves=16
num_cat=0
split_feature=3 3 3 3 3 3 3 4 4 1 0 0 0 1 1
split_gain=113.374 2470.74 1297.34 2432.41 1036.06 1988.14 1027.09 46.4007 33.3933 30.7771 15.7633 11.9846 9.11959 3.12548 0.00690007
threshold=3.9999396960457188 3.0000023189429501 4.0004450093452339 4.9998844824361814 2.9999721473679828 2.0001367691417618 5.0001066880784402 1.0000000180025095e-35 1.0000000180025095e-35 28.810741136756768 29.991571209709956 150.01805382401542 452.18548616743408 28.180018517551936 25.630536201671301
decision_type=2 2 2 2 2 2 2 2 2 2 2 2 2 2 2
left_child=1 4 9 7 5 -1 -5 -4 14 10 -2 -11 -6 -10 -3
right_child=2 8 3 6 12 -7 -8 -9 13 11 -12 -13 -14 -15 -16
leaf_value=-0.0026709394943521467 -0.031936967327376213 0.057760847314759861 0.059477707979129824 -0.051542943482556329 -0.036423498431424936 0.069519757823831588 0.0042798896654082739 0.10561751574040788 0.09114717196760222 -0.078324898082744454 -0.049286872235892148 -0.057115360746526893 -0.060826502336256763 0.084193108916647996 0.058593351529969279
leaf_weight=13314.21746748127 154.56297348439693 51.48487002402544 60.72952214628458 1005.7024986073375 1845.8767870999873 1027.3177081402391 4560.7118766773492 530.31109385192394 515.22603686153889 108.93985382467508 855.7134468331933 171.38854254037142 39.095877707004547 235.39872116968036 48.183557957410812
leaf_count=75552 740 526 526 4406 8916 7577 22753 2786 2753 462 4011 752 178 1226 438
internal_value=2.83297e-05 0.00227346 -0.00511927 0.00443441 -0.00208017 0.00250025 -0.00580581 0.100877 0.0853557 -0.0506997 -0.0466325 -0.0653577 -0.0369296 0.0889664 0.0581633
internal_weight=24524.9 17076.8 7448.06 6157.45 16226.5 14341.5 5566.41 591.041 850.293 1290.6 1010.28 280.328 1884.97 750.625 99.6684
internal_count=133602 97166 36436 30471 92223 83129 27159 3312 4943 5965 4751 1214 9094 3979 964
is_linear=0
shrinkage=0.05


Tree=77
num_leaves=16
num_cat=0
split_feature=3 3 3 3 3 3 3 2 1 1 2 2 2 0 2
split_gain=109.576 905.952 444.905 1231.13 307.475 526.749 126.1 21.7546 13.261 12.9052 12.2589 11.5599 10.0447 8.88541 2.49913
threshold=7.9999920423029671 7.0000764381187706 6.9999897041071204 6.0007950474366512 8.0000467969291389 8.8742265484437333 9.000304054078585 -10.731469147436741 23.982198772301004 26.342780418480316 3.6136179567440889 0.91971643518518531 -13.973947365327396 69.801040906839262 1.9626297871594764
decision_type=2 2 2 2 2 2 2 2 2 2 2 2 2 2 2
left_child=1 2 3 -1 7 8 -7 12 -6 11 -4 -3 -2 -9 -11
right_child=4 9 10 -5 5 6 -8 13 -10 14 -12 -13 -14 -15 -16
leaf_value=-0.00073735526405725434 -0.034286233994174499 0.10025018885371449 -0.061328856794165644 0.097576164805826412 0.09638924327859151 -0.0532351007193725 -0.0032451592027231192 -0.017395028870165943 0.069514572050043785 0.077177221727722845 -0.13682807416297296 0.056144647867456668 -0.018853849322962732 -0.049064789948559166 0.053037790302459711
leaf_weight=21053.120679486543 328.37325456738472 143.47498314082623 273.39981269091368 323.3222325257957 77.586207546293736 139.19033237919211 1346.5923871546984 24.09579337015748 112.40000931173563 140.08094149082899 5.4844257831573477 16.572163213044405 155.31150206923485 273.93752445280552 11.610683478415011
leaf_count=116574 1465 590 1155 1791 392 646 6761 123 711 661 78 312 698 1389 256
internal_value=2.92062e-05 0.00114935 -6.89349e-05 0.000749653 -0.00998359 0.00209587 -0.00792829 -0.0358783 0.0804896 0.0857792 -0.0628136 0.0956833 -0.0293309 -0.0465043 0.0753296
internal_weight=24424.6 21967.1 21655.3 21376.4 2457.49 1675.77 1485.78 781.718 189.986 311.739 278.884 160.047 483.685 298.033 151.692
internal_count=133602 121417 119598 118365 12185 8510 7407 3675 1103 1819 1233 902 2163 1512 917
is_linear=0
shrinkage=0.05


Tree=78
num_leaves=16
num_cat=0
split_feature=5 5 5 5 5 1 5 5 5 1 5 0 1 3 1
split_gain=108.582 533.45 149.417 436.21 180.148 110.269 84.2663 191.205 85.1817 79.2704 74.5101 49.5855 24.8979 18.0427 15.4962
threshold=41.500000000000007 39.500000000000007 68.500000000000014 69.500000000000014 72.500000000000014 9.5100506816796813 19.500000000000004 20.500000000000004 17.500000000000004 51.727418266332386 40.500000000000007 26.197934892179244 23.360521222070535 1.0136820923999696 32.26104018412498
decision_type=2 2 2 2 2 2 2 2 2 2 2 2 2 2 2
left_child=1 6 5 13 -5 11 8 -8 -1 -7 12 -2 -3 -4 -12
right_child=2 10 3 4 -6 9 7 -9 -10 -11 14 -13 -14 -15 -16
leaf_value=0.0039120331394592728 -0.0049616995779296494 0.067331584699191094 0.11015376000456363 0.0093567242983153553 -0.014427457682173525 -0.0065989889709015814 -0.028497819822741816 0.00081953814704631271 0.038095461411008003 0.008924672528290694 0.10503877624341043 -0.033101253285779786 0.031961170202271717 0.074637867244537123 0.072449081522031583
leaf_weight=7026.8255905788392 221.5598063133657 76.909778853878379 56.426342245191336 2492.9946055412292 1169.6938241161406 7525.5888368524611 676.66473000496626 3122.5377162005752 187.0972436349839 923.24933763407171 81.581879599019885 533.56852203980088 140.90736836567521 97.637059522792697 65.972408359870315
leaf_count=38170 1187 509 310 13829 6132 41743 3635 16994 1094 4738 563 2812 781 692 413
internal_value=2.84474e-05 0.00359654 -0.00308962 0.00522789 0.00176115 -0.00653878 0.00162463 -0.00440209 0.0047986 -0.00490264 0.0630343 -0.0248449 0.0444502 0.0876457 0.0904677
internal_weight=24399.2 11378.5 13020.7 3816.75 3662.69 9203.97 11013.1 3799.2 7213.92 8448.84 365.371 755.128 217.817 154.063 147.554
internal_count=133602 62159 71443 20963 19961 50480 59893 20629 39264 46481 2266 3999 1290 1002 976
is_linear=0
shrinkage=0.05


Tree=79
num_leaves=16
num_cat=0
split_feature=2 2 5 5 1 5 2 2 2 0 3 2 0 5 1
split_gain=108.455 229.81 104.443 156.624 144.358 87.3313 71.9209 202.258 30.1534 14.5013 11.5151 10.2237 8.30121 2.44811 0.371701
threshold=-11.987926193718144 -11.615479512338814 68.500000000000014 69.500000000000014 9.5100506816796813 72.500000000000014 -12.397939726311073 -12.997229356693962 -11.836502613668287 29.000085587152057 1.0536477022599795 -12.058178185883802 214.53069415243854 64.500000000000014 15.200040592780576
decision_type=2 2 2 2 2 2 2 2 2 2 2 2 2 2 2
left_child=5 8 4 -4 -3 6 7 -1 13 14 -10 -8 -11 -2 -7
right_child=1 2 3 -5 -6 9 11 -9 10 12 -12 -13 -14 -15 -16
leaf_value=-0.0028596757673526462 0.040505567351301904 -0.015822789673997924 0.080519406385095846 0.0098625586752137534 0.0024898758970134495 -0.069390232545353245 -0.017629892931632019 0.029380673312896073 0.095950608681507399 -0.025305800240263434 0.061453667072607167 -0.00084339595093654786 -0.011793068324037714 0.022909633654460158 -0.055859579951609332
leaf_weight=9804.8227123096585 81.349630378186703 1220.628710642457 81.684594856575131 1969.3249226287007 9092.600937731564 12.061658024787905 826.68615289404988 511.85439901798964 37.883322566747665 371.23739363625646 66.928079344332218 101.88308512419462 163.80743001401424 26.112370979040861 8.7634857594966871
leaf_count=47811 404 6399 636 11676 56264 62 4022 2532 165 1837 363 494 771 124 42
internal_value=2.68146e-05 0.0032574 0.0023718 0.0126766 0.000322469 -0.00341604 -0.00245973 -0.00126009 0.0548408 -0.022762 0.0739223 -0.0157881 -0.0211688 0.0362299 -0.0636964
internal_weight=24377.6 12576.5 12364.2 2051.01 10313.2 11801.1 11245.2 10316.7 212.273 555.87 104.811 928.569 535.045 107.462 20.8251
internal_count=133602 76031 74975 12312 62663 57571 54859 50343 1056 2712 528 4516 2608 528 104
is_linear=0
shrinkage=0.05


Tree=80
num_leaves=16
num_cat=0
split_feature=3 3 3 3 3 3 3 4 4 1 0 0 5 1 1
split_gain=107.454 2261.53 1170.07 2207.85 941.69 1848.2 921.128 36.1273 26.5961 25.8474 14.2751 10.857 8.59641 2.58334 0.00517562
threshold=3.9999396960457188 3.0000023189429501 4.0004450093452339 4.9998844824361814 2.9999721473679828 2.0001367691417618 5.0001066880784402 1.0000000180025095e-35 1.0000000180025095e-35 28.810741136756768 29.991571209709956 116.0320440676898 53.500000000000007 28.180018517551936 24.251417996760285
decision_type=2 2 2 2 2 2 2 2 2 2 2 2 2 2 2
left_child=1 4 9 7 5 -1 -5 -4 14 10 -2 -11 -6 -10 -3
right_child=2 8 3 6 12 -7 -8 -9 13 11 -12 -13 -14 -15 -16
leaf_value=-0.0024815298681630394 -0.030744613432154289 0.057312747315767215 0.05891675783777809 -0.049223277768807666 -0.037891106035430527 0.068293619900146027 0.0038669220266004051 0.10046172546474078 0.087768416428090454 -0.07921795910572535 -0.047341701372566852 -0.056361318822952977 -0.030794012965754243 0.081383205496852296 0.058050454195069906
leaf_weight=13284.047063650563 153.11604720726609 47.654562421143055 58.083600524812937 996.68304472789168 1200.5126860402524 991.24784304015338 4532.3451814521104 528.13551832735538 507.34333128109574 68.859917733818293 841.9512699469924 211.62501079961658 661.9309557043016 230.31702830642462 47.448958102613688
leaf_count=75552 740 510 526 4406 5845 7577 22753 2786 2753 294 4011 920 3249 1226 454
internal_value=2.51876e-05 0.00221662 -0.00500671 0.00407927 -0.00192971 0.00243295 -0.00570331 0.0963454 0.0825664 -0.0485667 -0.0447878 -0.0619727 -0.0353687 0.0857748 0.0576808
internal_weight=24361.3 16970.5 7390.8 6115.25 16137.7 14275.3 5529.03 586.219 832.764 1275.55 995.067 280.485 1862.44 737.66 95.1035
internal_count=133602 97166 36436 30471 92223 83129 27159 3312 4943 5965 4751 1214 9094 3979 964
is_linear=0
shrinkage=0.05


Tree=81
num_leaves=16
num_cat=0
split_feature=3 3 3 3 3 1 0 1 5 3 2 1 1 2 2
split_gain=110.204 354.808 145.676 824.031 298.52 36.4181 30.3075 18.3993 17.9629 27.9779 16.0196 10.9003 2.86239 1.40412 0.539401
threshold=9.9994156256975142 9.000304054078585 7.9999920423029671 7.0000764381187706 8.0000467969291389 29.490081319253317 124.99050503902224 179.96659140238188 19.500000000000004 10.015470520547924 -16.370162037037034 31.481485425818082 23.982198772301004 1.9626297871594764 1.9626297871594764
decision_type=2 2 2 2 2 2 2 2 2 2 2 2 2 2 2
left_child=1 2 3 -1 -4 8 11 -8 10 -10 -2 -7 13 -3 -14
right_child=5 12 4 -5 -6 6 7 -9 9 -11 -12 -13 14 -15 -16
leaf_value=-3.871338505255315e-05 0.012617764591551828 0.07881460773083121 -0.034423779112738417 0.082655558015144182 0.022704402969607716 0.021887207020501814 -0.0038058951522999362 0.039136715113016224 -0.034791146440366592 0.011148228847253076 -0.019945286305866505 -0.04035143908526781 0.065566087447763488 0.055256639011562886 0.05431299538864709
leaf_weight=21507.839356558397 50.256812572479248 74.011413343250751 773.82822886481881 305.53333502821624 324.59046349674463 7.7764331623911849 472.53862449526787 26.333930633962154 340.63029462471604 36.714793834835291 152.00795623660088 73.777423478662968 92.025816023349762 6.9161585718393317 12.042501516640185
leaf_count=119598 231 325 3675 1819 1749 36 2150 110 1786 187 754 327 536 109 210
internal_value=2.6473e-05 0.000781758 0.000224903 0.00111956 -0.017542 -0.0150116 -0.00615863 -0.00153909 -0.023877 -0.0303214 -0.0118543 -0.0344168 0.0697485 0.0768013 0.0642639
internal_weight=24256.8 23096.8 22911.8 21813.4 1098.42 1160.04 580.426 498.873 579.61 377.345 202.265 81.5539 184.996 80.9276 104.068
internal_count=133602 128021 126841 121417 5424 5581 2623 2260 2958 1973 985 363 1180 434 746
is_linear=0
shrinkage=0.05


Tree=82
num_leaves=16
num_cat=0
split_feature=4 3 5 5 5 5 5 3 0 0 0 3 3 3 3
split_gain=103.095 708.277 100.309 158.442 258.024 136.594 230.219 62.5549 48.4076 57.007 51.2793 30.044 0.743846 0.0768376 0.021822
threshold=1.0000000180025095e-35 1.00007030468741 42.500000000000007 43.500000000000007 48.500000000000007 39.500000000000007 41.500000000000007 3.0000023189429501 59.89968487343031 59.139424158840576 59.900247528288148 1.9999784771843854 3.0000023189429501 6.9523765562753592 2.0001367691417618
decision_type=2 2 2 2 2 2 2 2 2 2 2 2 2 2 2
left_child=1 8 5 11 -5 7 -7 -2 9 -1 -10 -4 14 -14 -3
right_child=2 12 3 4 -6 6 -8 -9 10 -11 -12 -13 13 -15 -16
leaf_value=0.0041438821293819364 -0.0039285930045828768 0.053738931571516026 -0.0093565080291609145 0.030949534482175287 -0.0051665115868609508 0.058138624484375026 0.0043358100275284056 0.0048761708816065473 -0.046793544819654045 0.071023906548761326 -0.0036414424897568175 -0.025738870730795879 0.057905129261981075 0.054903573109979224 0.054500313539979417
leaf_weight=2215.5571420826018 4766.046388996765 288.26095718704164 390.29275934770703 530.27530831098557 7337.9341674577445 277.08134523779154 703.98301013559103 3497.7319420389831 70.599343288689852 32.327049609273672 2771.9982205964625 989.11691748164594 194.10425182059407 23.952769184485078 139.72450174205005
leaf_count=10595 27147 4980 2326 2934 39563 1587 3833 17041 333 166 13364 5291 1942 352 2148
internal_value=2.57045e-05 0.0058816 -0.00179084 -0.00547279 -0.00273248 0.00189221 0.0195313 -0.000201883 -0.000377305 0.00510569 -0.00471318 -0.0211036 0.0551985 0.0575754 0.0539875
internal_weight=24229 5736.52 18492.5 9247.62 7868.21 9244.84 981.064 8263.78 5090.48 2247.88 2842.6 1379.41 646.042 218.057 427.985
internal_count=133602 33880 99722 50114 42497 49608 5420 44188 24458 10761 13697 7617 9422 2294 7128
is_linear=0
shrinkage=0.05


Tree=83
num_leaves=16
num_cat=0
split_feature=3 3 3 3 3 3 5 5 0 0 0 0 2 0 2
split_gain=101.308 329.637 153.004 436.489 30.5462 30.4627 27.1796 40.4665 21.5102 17.294 17.0865 5.26974 1.57011 0.306532 0.0380404
threshold=9.9994156256975142 9.000304054078585 8.8742265484437333 8.0000467969291389 10.015470520547924 11.880412499508468 13.500000000000002 8.5000000000000018 285.91868535086513 63.231363433816391 159.90069539935232 89.900126469839748 1.9626297871594764 252.51146623455983 5.1031252029458889
decision_type=2 2 2 2 2 2 2 2 2 2 2 2 2 2 2
left_child=1 2 3 -1 6 11 7 -2 -7 -4 -8 -6 13 -3 -14
right_child=4 12 9 -5 5 8 10 -9 -10 -11 -12 -13 14 -15 -16
leaf_value=-8.3038158606593286e-05 -0.0075691937308183417 0.071689766058904328 -0.1200075335428801 0.077460608838623338 -0.006385353506179213 -0.027429640706708398 -0.032814019689898069 0.086810191797338704 0.022603638883219229 -0.047464532804145441 -0.016811498202166389 0.067772510037014774 0.057388233049125437 0.067199369566155479 0.052632121103090339
leaf_weight=22527.150033613667 257.69585516303778 98.99027319252491 8.7678251862525922 182.9505332801491 2.6901476010680225 44.856147654354572 243.36996614187956 11.881087921559809 41.223607588559389 130.46770757809281 530.23704031482339 21.879592996090651 6.6863947287201908 61.690336592495441 11.324895346537231
leaf_count=125092 1242 505 41 1103 16 209 1211 54 187 605 2545 117 61 356 258
internal_value=2.58816e-05 0.000750302 0.000221278 0.000541647 -0.014432 0.0105475 -0.0170815 -0.0034096 -0.0034687 -0.0520327 -0.0218458 0.0596529 0.0683966 0.0699658 0.0543977
internal_weight=24181.9 23028 22849.3 22710.1 1153.83 110.649 1043.18 269.577 86.0798 139.236 773.607 24.5697 178.692 160.681 18.0113
internal_count=133602 128021 126841 126195 5581 529 5052 1296 396 646 3756 133 1180 861 319
is_linear=0
shrinkage=0.05


Tree=84
num_leaves=16
num_cat=0
split_feature=3 3 3 3 3 3 3 4 1 4 0 0 0 1 1
split_gain=101.527 2073.43 1060.14 2011.19 850.031 1721.16 832.583 28.1728 21.8931 21.2203 13.3954 10.0966 8.3198 2.15738 0.0036803
threshold=3.9999396960457188 3.0000023189429501 4.0004450093452339 4.9998844824361814 2.9999721473679828 2.0001367691417618 5.0001066880784402 1.0000000180025095e-35 28.810741136756768 1.0000000180025095e-35 29.991571209709956 150.01805382401542 452.18548616743408 27.621462880686476 24.251417996760285
decision_type=2 2 2 2 2 2 2 2 2 2 2 2 2 2 2
left_child=1 4 8 7 5 -1 -5 -4 10 14 -2 -10 -6 -11 -3
right_child=2 9 3 6 12 -7 -8 -9 11 13 -12 -13 -14 -15 -16
leaf_value=-0.0023072166574199179 -0.02941263113773537 0.056533508643265243 0.057955306876594476 -0.047119378919596389 -0.033271163581592149 0.067283737342147293 0.0035866107232564275 0.096066772739384659 -0.07085170449409027 0.084846168003455069 -0.045575819645020436 -0.051371384459649144 -0.056822477705103486 0.079006300636357649 0.057183064705632815
leaf_weight=13251.596067024395 151.6243104711175 43.665387444198132 53.435020154342055 987.9214602895081 1801.5125215686858 952.35224650613964 4484.0536061674356 524.06822583824396 108.64176751673222 490.4493415132165 829.27655391395092 171.54074724018574 38.296402633190155 233.41158163174987 43.561438269913197
leaf_count=75552 740 510 526 4406 8916 7577 22753 2786 462 2708 4011 752 178 1271 454
internal_value=2.53501e-05 0.00215975 -0.00489561 0.0037978 -0.00178331 0.00235875 -0.00556795 0.0925404 -0.0465983 0.0801557 -0.0430774 -0.0589249 -0.0337614 0.0829631 0.0568579
internal_weight=24165.4 16854.8 7310.56 6049.48 16043.8 14203.9 5471.98 577.503 1261.08 811.088 980.901 280.183 1839.81 723.861 87.2268
internal_count=133602 97166 36436 30471 92223 83129 27159 3312 5965 4943 4751 1214 9094 3979 964
is_linear=0
shrinkage=0.05


Tree=85
num_leaves=16
num_cat=0
split_feature=3 3 3 3 3 3 3 2 4 2 5 2 0 5 2
split_gain=102.119 1790.78 915.434 1117.26 813.871 1801.94 368.47 49.2376 24.8302 20.4401 13.2339 11.3118 11.2682 8.56629 0.239633
threshold=5.9999363954162233 5.0001066880784402 6.0007950474366512 6.9999897041071204 4.9998844824361814 4.0004450093452339 7.0000764381187706 1.9626297871594764 1.0000000180025095e-35 0.91971643518518531 48.500000000000007 1.9626297871594764 49.892028882551436 12.500000000000002 3.1878455316466447
decision_type=2 2 2 2 2 2 2 2 2 2 2 2 2 2 2
left_child=1 4 10 9 5 -1 -5 8 -3 -4 12 -12 -2 -6 -9
right_child=2 7 3 6 13 -7 -8 14 -10 -11 11 -13 -14 -15 -16
leaf_value=-0.0011754159058221761 -0.030102251822247496 0.05951754801840229 0.097519103454760961 -0.060417172149630216 -0.036581638382633869 0.089139854037448174 0.00022965180059566614 0.063219888120782081 0.11083807710908083 0.055999578318940695 -0.064037894690942829 -0.13722850121763183 -0.054620447070792166 -0.047724834144245699 0.053908219770860258
leaf_weight=18024.396913852543 53.03349057585001 25.209587685763836 284.95801945030689 276.0292094424367 223.48665248602629 569.73500085994601 2703.0141073185951 8.2269409224390966 362.12783646583557 33.084263494238257 288.29659497737885 5.3776032961904994 402.67658151686192 755.53015482798219 43.138516508042812
leaf_count=103131 228 191 1228 1233 1002 3312 14004 51 1490 563 1204 65 1774 3404 722
internal_value=2.68181e-05 0.00149164 -0.00721747 0.00412043 -0.000747612 0.0015919 -0.0053897 0.101398 0.107498 0.0932 -0.0571011 -0.0653781 -0.0517671 -0.0451811 0.0553996
internal_weight=24058.3 20011.9 4046.47 3297.09 19573.1 18594.1 2979.04 438.703 387.337 318.042 749.384 293.674 455.71 979.017 51.3655
internal_count=133602 113303 20299 17028 110849 106443 15237 2454 1681 1791 3271 1269 2002 4406 773
is_linear=0
shrinkage=0.05


Tree=86
num_leaves=16
num_cat=0
split_feature=3 3 3 3 3 3 3 2 2 1 1 0 2 2 2
split_gain=100.651 755.007 373.307 1007.57 246.396 440.681 107.148 20.566 9.16003 8.31568 8.24792 8.12234 7.0003 6.68404 1.46312
threshold=7.9999920423029671 7.0000764381187706 6.9999897041071204 6.0007950474366512 8.0000467969291389 8.8742265484437333 9.000304054078585 -10.731469147436741 -13.973947365327396 27.020226363189774 23.982198772301004 69.801040906839262 0.91971643518518531 3.6136179567440889 1.9626297871594764
decision_type=2 2 2 2 2 2 2 2 2 2 2 2 2 2 2
left_child=1 2 3 -1 7 10 -7 8 -2 12 -6 -9 -3 -4 -11
right_child=4 9 13 -5 5 6 -8 11 -10 14 -12 -13 -14 -15 -16
leaf_value=-0.00059283007638596822 -0.031428146433124554 0.091425567947794287 -0.056919344573558864 0.089596102124373328 0.088125765692728314 -0.049392291856428655 -0.0033704575660171141 -0.015539538837668633 -0.016546366590192738 0.072693061770560632 0.066339595018174963 -0.045962245231104079 0.055428166863727507 -0.10865276581594324 0.052637403947568086
leaf_weight=20731.447812935337 320.77389654517174 143.39084874838591 266.2264417335391 314.37131579220295 75.582140820100904 139.85846710950136 1321.348316764459 23.885627016425133 152.58845011889935 129.51965992152691 102.16714178025723 269.26462454721332 14.909952824935315 6.3935688547790042 9.7805267684161645
leaf_count=116574 1465 597 1155 1791 392 646 6761 123 698 654 711 1389 321 78 247
internal_value=2.57194e-05 0.00110539 1.31835e-06 0.000754364 -0.00967641 0.00126726 -0.00777541 -0.0330762 -0.026631 0.0801947 0.0756035 -0.0434834 0.0880351 -0.0581326 0.0712849
internal_weight=24021.5 21616 21318.4 21045.8 2405.47 1638.96 1461.21 766.513 473.362 297.601 177.749 293.15 158.301 272.62 139.3
internal_count=133602 121417 119598 118365 12185 8510 7407 3675 2163 1819 1103 1512 918 1233 901
is_linear=0
shrinkage=0.05


Tree=87
num_leaves=16
num_cat=0
split_feature=3 3 3 3 3 3 3 2 2 1 4 5 5 5 2
split_gain=101.08 1915.97 954.358 1697 776.09 1609.94 687.072 22.6686 20.4962 18.4761 17.3954 13.1825 7.93258 7.56517 0.124342
threshold=3.9999396960457188 3.0000023189429501 4.0004450093452339 4.9998844824361814 2.9999721473679828 2.0001367691417618 5.0001066880784402 1.9626297871594764 1.9626297871594764 28.810741136756768 1.0000000180025095e-35 6.5000000000000009 53.500000000000007 56.500000000000007 3.1878455316466447
decision_type=2 2 2 2 2 2 2 2 2 2 2 2 2 2 2
left_child=1 4 9 7 5 -1 -5 -4 10 11 -3 -2 -6 -11 -10
right_child=2 8 3 6 12 -7 -8 -9 14 13 -12 -13 -14 -15 -16
leaf_value=-0.0021055021052521434 -0.020277651034090047 0.05716626404825597 0.089368969177104463 -0.043324226858674431 -0.034798656881560017 0.066278914519996332 0.0031319310529732526 0.053683254202482461 0.058644028625840651 -0.061324877657068622 0.083242668701166755 -0.043058894386844376 -0.027901259402805037 -0.043223923743445802 0.052786950321560146
leaf_weight=13239.237856304273 68.330721464008093 71.000058382749557 511.0093262270093 969.51082554459572 1173.0926869623363 920.50753725506365 4444.464224377647 48.746833121404052 10.479056067764757 197.93559523299336 644.60787378251553 898.43505465239286 646.63275898993015 81.488271974027157 66.980371650308371
leaf_count=75552 330 653 2307 4406 5845 7577 22753 1005 86 851 2707 4421 3249 363 1497
internal_value=2.53779e-05 0.00215465 -0.00492112 0.00338176 -0.00161012 0.00234008 -0.00518723 0.0862612 0.0780109 -0.0447218 0.0806555 -0.0414487 -0.0323477 -0.0560461 0.0535793
internal_weight=23992.5 16772.5 7219.92 5973.73 15979.5 14159.7 5413.98 559.756 793.067 1246.19 715.608 966.766 1819.73 279.424 77.4594
internal_count=133602 97166 36436 30471 92223 83129 27159 3312 4943 5965 3360 4751 9094 1214 1583
is_linear=0
shrinkage=0.05


Tree=88
num_leaves=16
num_cat=0
split_feature=3 3 3 3 3 3 3 2 1 1 2 0 2 1 2
split_gain=101.457 1614.81 825.605 937.86 676.761 1523.79 308.187 37.8848 33.2025 31.426 13.6389 17.9908 12.5931 6.2243 1.37151
threshold=5.9999363954162233 5.0001066880784402 6.0007950474366512 6.9999897041071204 4.9998844824361814 4.0004450093452339 7.0000764381187706 1.3435045286122811 77.596217139483642 28.180018517551936 -13.809092574370785 51.80175910310988 0.91971643518518531 16.789840014494299 1.9626297871594764
decision_type=2 2 2 2 2 2 2 2 2 2 2 2 2 2 2
left_child=1 4 10 12 5 -1 -5 9 -6 -3 13 -12 -4 -2 -9
right_child=2 7 3 6 8 -7 -8 14 -10 -11 11 -13 -14 -15 -16
leaf_value=-0.0010351105202061502 -0.051218748467797538 0.11505322076572005 0.089772652319078924 -0.056024859860140941 -0.043453485424664817 0.083473963239645649 5.7386996554519477e-05 0.079157869442580436 0.0045832614401204053 0.086193913854745396 -0.026369437094202003 -0.053597959595142623 0.055319490971674434 -0.067095231399860455 0.055101394335869053
leaf_weight=17928.150433057919 85.010249078273773 210.78253293037415 279.59813069552183 269.55444451421499 922.4802365526557 549.76163943856955 2685.3081026077271 6.7396309822797766 37.431604467332363 170.74501919746399 72.920645028352737 360.97653167322278 29.302007261663675 225.46205784380436 49.005086023360491
leaf_count=103131 370 888 1228 1233 4250 3312 14004 31 156 762 330 1636 563 935 773
internal_value=2.6941e-05 0.0014904 -0.00722991 0.00360737 -0.000647205 0.00147923 -0.00505866 0.0965123 -0.0415803 0.102138 -0.054747 -0.0490219 0.0865045 -0.0627481 0.0580099
internal_weight=23883.2 19875.1 4008.13 3263.76 19437.8 18477.9 2954.86 437.272 959.912 381.528 744.369 433.897 308.9 310.472 55.7447
internal_count=133602 113303 20299 17028 110849 106443 15237 2454 4406 1650 3271 1966 1791 1305 804
is_linear=0
shrinkage=0.05


Tree=89
num_leaves=16
num_cat=0
split_feature=3 3 3 3 3 3 3 2 1 5 2 4 5 2 2
split_gain=96.9772 1771.84 864.423 1440.47 708.36 1507.87 572.277 16.6351 16.2495 14.9558 14.607 13.9997 7.31629 4.97989 0.105764
threshold=3.9999396960457188 3.0000023189429501 4.0004450093452339 4.9998844824361814 2.9999721473679828 2.0001367691417618 5.0001066880784402 1.9626297871594764 23.249919734517359 6.5000000000000009 1.9626297871594764 1.0000000180025095e-35 54.500000000000007 -9.0282882898124175 3.1878455316466447
decision_type=2 2 2 2 2 2 2 2 2 2 2 2 2 2 2
left_child=1 4 8 10 5 -1 -5 11 9 -2 -4 -3 -6 -10 -9
right_child=2 7 3 6 12 -7 -8 14 13 -11 -12 -13 -14 -15 -16
leaf_value=-0.0019499347445693744 -0.013160542971829253 0.056775946609174649 0.083540485503835082 -0.039936045149615094 -0.033370841022456799 0.065331456959540235 0.0028375980917763662 0.058164497546271392 -0.054636539022656666 -0.040678237449079807 0.053235352663712793 0.080642485724683868 -0.026700361356925412 -0.042483088342600984 0.052648477123580999
leaf_weight=13229.686991047114 52.763308428227901 68.051670879125595 494.59791075438261 949.73620798811316 1165.2174875698984 888.68761610239744 4426.9910519383848 10.056989900767801 290.27068963646889 769.39030219614506 43.238223753869534 632.82880732417107 635.13853032886982 118.7765414044261 63.939787557348609
leaf_count=75552 258 653 2307 4406 5871 7577 22753 86 1223 3873 1005 2707 3223 611 1497
internal_value=2.61854e-05 0.00211263 -0.00484807 0.00308629 -0.0014813 0.00228512 -0.00471787 0.0759448 -0.0429639 -0.0389122 0.0811042 0.0783252 -0.0310176 -0.0511075 0.0533982
internal_weight=23839.4 16693.6 7145.76 5914.56 15918.7 14118.4 5376.73 774.877 1231.2 822.154 537.836 700.88 1800.36 409.047 73.9968
internal_count=133602 97166 36436 30471 92223 83129 27159 4943 5965 4131 3312 3360 9094 1834 1583
is_linear=0
shrinkage=0.05


Tree=90
num_leaves=16
num_cat=0
split_feature=3 3 3 3 3 3 3 2 5 2 1 1 1 2 2
split_gain=97.3879 692.513 315.865 844.961 224.504 409.115 96.3935 18.9423 12.8318 11.5213 6.52386 6.46458 5.65714 5.44839 1.18559
threshold=7.9999920423029671 7.0000764381187706 6.9999897041071204 6.0007950474366512 8.0000467969291389 8.8742265484437333 9.000304054078585 -11.331174768518517 68.500000000000014 -13.973947365327396 23.982198772301004 27.020226363189774 21.914916707549136 1.9626297871594764 1.9626297871594764
decision_type=2 2 2 2 2 2 2 2 2 2 2 2 2 2 2
left_child=1 2 3 -1 7 10 -7 9 -9 -2 -6 13 -4 -3 -13
right_child=4 11 12 -5 5 6 -8 8 -10 -11 -12 14 -14 -15 -16
leaf_value=-0.00049169655980047921 -0.030418085791856071 0.087445650485292348 -0.048600818136435013 0.083569320953936391 0.084893169405684837 -0.047103162730738696 -0.0035020306044097243 -0.046682433416080978 -0.022284501777073938 -0.012619889371286594 0.065261017377855349 0.071016314351851725 -0.06377011843058647 0.052905964192123595 0.052491542271853743
leaf_weight=20472.241955824196 318.08790844678879 143.40750260651112 169.59250576794147 303.37207687087357 74.30315943621099 140.2088713273406 1321.8289945051074 246.37352481111884 68.980727549642324 127.32137680053711 98.298282016068697 125.5094831250608 96.397116743028164 12.405145693570374 9.2753955833613855
leaf_count=116574 1465 606 811 1791 392 646 6761 1254 373 583 711 654 422 312 247
internal_value=2.79098e-05 0.00110132 4.2624e-05 0.000735789 -0.00953135 0.000911216 -0.00768336 -0.0319691 -0.0413456 -0.0253304 0.0737125 0.0777597 -0.0540983 0.0846957 0.0697415
internal_weight=23727.6 21332.2 21041.6 20775.6 2395.4 1634.64 1462.04 760.764 315.354 445.409 172.601 290.598 265.99 155.813 134.785
internal_count=133602 121417 119598 118365 12185 8510 7407 3675 1627 2048 1103 1819 1233 918 901
is_linear=0
shrinkage=0.05


Tree=91
num_leaves=16
num_cat=0
split_feature=3 3 3 3 3 3 3 1 2 1 2 0 5 2 2
split_gain=99.8306 1463.04 746.3 795.687 563.693 1300.16 258.914 31.1281 29.3558 23.05 13.0276 18.8411 9.38122 7.97363 0.17215
threshold=5.9999363954162233 5.0001066880784402 6.0007950474366512 6.9999897041071204 4.9998844824361814 4.0004450093452339 7.0000764381187706 77.596217139483642 1.9626297871594764 28.180018517551936 -12.879029313299528 51.80175910310988 48.500000000000007 1.3435045286122811 3.1878455316466447
decision_type=2 2 2 2 2 2 2 2 2 2 2 2 2 2 2
left_child=1 4 10 13 5 -1 -5 -6 9 -3 12 -12 -2 -4 -10
right_child=2 8 3 6 7 -7 -8 -9 14 -11 11 -13 -14 -15 -16
leaf_value=-0.00091147212478153773 -0.052757491427140736 0.10764945414671903 0.083622658665603922 -0.052144236779687214 -0.040182498141848461 0.078847175018979407 -7.7945544402601124e-05 0.0063839925270541796 0.061703897444908243 0.083087278547460369 -0.021441552583364741 -0.051127152943482405 -0.06909313004849639 0.053918908240788155 0.053496553145120744
leaf_weight=17832.417114214972 221.83046959340572 216.01893196254969 272.29216723144054 262.25299995392561 902.32276248931885 526.02480683103204 2666.7100338656455 37.374193787574768 7.6372071206569663 171.22708867490292 64.749366600066423 306.31745099648833 145.55537764728069 24.637223809957504 39.096449427306652
leaf_count=103131 938 903 1235 1233 4250 3312 14004 156 51 778 296 1413 624 556 722
internal_value=2.75366e-05 0.00148219 -0.00721284 0.00316668 -0.000559493 0.00137385 -0.00473985 -0.0383304 0.0922713 0.0967889 -0.0525552 -0.0459472 -0.0592295 0.081158 0.0548378
internal_weight=23696.5 19732.1 3964.35 3225.89 19298.1 18358.4 2928.96 939.697 433.98 387.246 738.453 371.067 367.386 296.929 46.7337
internal_count=133602 113303 20299 17028 110849 106443 15237 4406 2454 1681 3271 1709 1562 1791 773
is_linear=0
shrinkage=0.05


Tree=92
num_leaves=16
num_cat=0
split_feature=3 3 3 3 3 3 3 1 5 2 4 2 1 2 2
split_gain=95.1867 1641.72 780.292 1235.86 646.567 1413.16 473.995 14.1605 14.003 13.5772 11.3383 9.60541 6.99986 4.89949 0.0901245
threshold=3.9999396960457188 3.0000023189429501 4.0004450093452339 4.9998844824361814 2.9999721473679828 2.0001367691417618 5.0001066880784402 23.249919734517359 6.5000000000000009 1.9626297871594764 1.0000000180025095e-35 1.9626297871594764 104.39500000000002 -9.0282882898124175 3.1878455316466447
decision_type=2 2 2 2 2 2 2 2 2 2 2 2 2 2 2
left_child=1 4 7 11 5 -1 -5 8 -2 10 -3 -4 -6 -9 -11
right_child=2 9 3 6 12 -7 -8 13 -10 14 -12 -13 -14 -15 -16
leaf_value=-0.0017837227359634095 -0.012493731848170687 0.056411705214502186 0.078832900322804295 -0.036830836593103322 -0.029432044423551754 0.064452398227313551 0.0024867267305189473 -0.052439921344709567 -0.039193424555837783 0.05771787532602736 0.078328433303790801 0.052854916417980027 -0.063431152931332849 -0.040357932446289324 0.052518056041951422
leaf_weight=13219.463736869395 52.511443510651588 65.220937043428421 474.34869710728526 929.34030881524086 1765.8079929538071 857.50861170887947 4376.090690696612 287.00533428788185 757.55038625746965 9.6503318250179273 619.83712311089039 38.468926275148988 15.269809342920778 118.57805754989386 61.050036676228046
leaf_count=75552 258 653 2307 4406 9030 7577 22753 1223 3873 86 2707 1005 64 611 1497
internal_value=2.70717e-05 0.00209115 -0.00484822 0.00276394 -0.00134009 0.0022511 -0.00440044 -0.0412811 -0.0374626 0.0740889 0.0762419 0.0768842 -0.0297235 -0.0489076 0.0532278
internal_weight=23647.7 16613.8 7033.89 5818.25 15858.1 14077 5305.43 1215.65 810.062 755.758 685.058 512.818 1781.08 405.583 70.7004
internal_count=133602 97166 36436 30471 92223 83129 27159 5965 4131 4943 3360 3312 9094 1834 1583
is_linear=0
shrinkage=0.05


Tree=93
num_leaves=16
num_cat=0
split_feature=3 3 3 3 3 1 0 1 5 3 1 1 1 4 1
split_gain=95.6101 306.286 123.453 639.357 214.725 32.6484 26.4774 16.6158 15.4231 23.7788 9.97686 8.30195 1.9442 0.120159 0.0290575
threshold=9.9994156256975142 9.000304054078585 7.9999920423029671 7.0000764381187706 8.0000467969291389 29.490081319253317 124.99050503902224 179.96659140238188 19.500000000000004 10.015470520547924 31.481485425818082 17.631706573720034 23.982198772301004 1.0000000180025095e-35 14.10012666465412
decision_type=2 2 2 2 2 2 2 2 2 2 2 2 2 2 2
left_child=1 2 3 -1 -4 8 10 -8 11 -10 -7 -2 14 -14 -3
right_child=5 12 4 -5 -6 6 7 -9 9 -11 -12 -13 13 -15 -16
leaf_value=5.7966306226885219e-05 0.0010360650121131931 0.075411004487903499 -0.030764060235209098 0.075661768094339873 0.018778973176558827 0.021714257013814194 -0.0035067033390258733 0.037372420403899154 -0.03279658363798342 0.0096400934913544629 -0.037949506835247747 -0.019673937136736128 0.052886614843085357 0.062711883825483122 0.072661203941469396
leaf_weight=20867.761390674859 80.620011866092682 11.256967008113859 754.19020204246044 283.43622697889805 308.02719970047474 7.750849984586238 471.19581854715943 26.241984374821186 332.76702774316072 36.645283244550228 72.978044927120209 121.04542915895581 3.2202767692506304 92.357620563358068 65.552161935716867
leaf_count=119598 384 57 3675 1819 1749 36 2150 110 1786 187 327 601 69 677 377
internal_value=2.89168e-05 0.000750995 0.000235776 0.00107109 -0.0163973 -0.0140362 -0.00566064 -0.00135015 -0.0225158 -0.0285869 -0.0322211 -0.0113947 0.0671409 0.0623808 0.0730642
internal_weight=23535 22385.8 22213.4 21151.2 1062.22 1149.24 578.167 497.438 571.078 369.412 80.7289 201.665 172.387 95.5779 76.8091
internal_count=133602 128021 126841 121417 5424 5581 2623 2260 2958 1973 363 985 1180 746 434
is_linear=0
shrinkage=0.05


Tree=94
num_leaves=16
num_cat=0
split_feature=3 3 3 3 3 3 3 1 1 5 0 1 4 0 4
split_gain=94.1798 1331.63 680.285 734.997 469.798 1117.92 237.518 29.158 14.072 12.2802 8.99877 6.39536 5.93563 5.39837 3.18501
threshold=5.9999363954162233 5.0001066880784402 6.0007950474366512 6.9999897041071204 4.9998844824361814 4.0004450093452339 7.0000764381187706 77.596217139483642 28.180018517551936 48.500000000000007 49.892028882551436 28.180018517551936 1.0000000180025095e-35 51.80175910310988 1.0000000180025095e-35
decision_type=2 2 2 2 2 2 2 2 2 2 2 2 2 2 2
left_child=1 4 9 11 5 -1 -5 -6 12 10 -2 -4 -3 -11 -10
right_child=2 8 3 6 7 -7 -8 -9 14 13 -12 -13 -14 -15 -16
leaf_value=-0.000826602295673436 -0.025820277431968755 0.057294758105846694 0.08538130583701771 -0.050406948980293957 -0.037211548385416571 0.075007629198176717 -0.0001848920282496617 0.0079161879277942424 0.056318377593722206 -0.042812319956137504 -0.0479263586607079 0.070432192920143341 0.097973647007369713 -0.06161999501767268 0.080111127326127157
leaf_weight=17739.367967807688 52.118433848023415 9.3226224631071073 162.30145351029932 258.48100209981203 882.09369426965714 499.67158176191151 2639.0628503728658 37.307888969779015 15.343040654435752 45.371607325971127 394.48295272514224 127.94263066165149 235.37867799028754 239.81847830489278 168.95698115602136
leaf_count=103131 228 104 964 1233 4250 3312 14004 156 174 200 1774 827 1272 1069 904
internal_value=2.8128e-05 0.00144386 -0.00704675 0.00293357 -0.000506981 0.00125093 -0.00466505 -0.0353803 0.0885649 -0.0505225 -0.0453466 0.0787916 0.0964239 -0.0586278 0.0781304
internal_weight=23507 19587.4 3919.58 3187.79 19158.4 18239 2897.54 919.402 429.001 731.791 446.601 290.244 244.701 285.19 184.3
internal_count=133602 113303 20299 17028 110849 106443 15237 4406 2454 3271 2002 1791 1376 1269 1078
is_linear=0
shrinkage=0.05


Tree=95
num_leaves=16
num_cat=0
split_feature=3 3 3 3 3 3 3 0 0 2 5 4 0 2 2
split_gain=90.664 1524.4 708.211 1064.6 589.949 1325.98 395.587 16.8975 26.9167 11.1079 9.42825 9.21078 7.56829 6.40728 0.0767208
threshold=3.9999396960457188 3.0000023189429501 4.0004450093452339 4.9998844824361814 2.9999721473679828 2.0001367691417618 5.0001066880784402 29.991571209709956 28.184031882493212 1.9626297871594764 15.500000000000002 1.0000000180025095e-35 452.18548616743408 1.9626297871594764 3.1878455316466447
decision_type=2 2 2 2 2 2 2 2 2 2 2 2 2 2 2
left_child=1 4 7 13 5 -1 -5 8 -2 11 -9 -3 -6 -4 -11
right_child=2 9 3 6 12 -7 -8 10 -10 14 -12 -13 -14 -15 -16
leaf_value=-0.0016571202216504929 -0.047515530429164704 0.056065376053365118 0.074947507115367185 -0.034002566702049077 -0.028023772068499556 0.063623108667801215 0.0022824105587801731 -0.034227264107264607 -0.0047394896043875343 0.057294167084205087 -0.044838206584537799 0.07623232801706975 -0.050913502896032282 0.052526471567971279 0.05239278974383025
leaf_weight=13211.663909494877 66.667670369148254 62.456269327551126 451.38865602388978 909.10342621058226 1725.6993119567633 826.54484715685248 4323.3685054201633 288.49851383268833 82.020445510745049 9.2520262002944929 763.02280547469854 605.702676653862 36.88424126803875 34.284327724948525 58.250594029203057
leaf_count=75552 345 653 2307 4406 8916 7577 22753 1382 415 86 3823 2707 178 1005 1497
internal_value=2.8005e-05 0.00203873 -0.00477808 0.00255103 -0.00123693 0.00218646 -0.00402184 -0.0396961 -0.0239191 0.0723944 -0.041927 0.0743472 -0.0285028 0.0733648 0.0530646
internal_weight=23454.8 16536.5 6918.35 5718.14 15800.8 14038.2 5232.47 1200.21 148.688 735.662 1051.52 668.159 1762.58 485.673 67.5026
internal_count=133602 97166 36436 30471 92223 83129 27159 5965 760 4943 5205 3360 9094 3312 1583
is_linear=0
shrinkage=0.05


Tree=96
num_leaves=16
num_cat=0
split_feature=3 3 3 3 3 3 3 1 2 1 2 0 5 1 2
split_gain=88.4204 1218.86 620.538 680.703 391.663 967.333 218.083 27.2799 17.8942 13.2737 12.9188 16.5127 8.69752 5.11665 0.112315
threshold=5.9999363954162233 5.0001066880784402 6.0007950474366512 6.9999897041071204 4.9998844824361814 4.0004450093452339 7.0000764381187706 77.596217139483642 1.9626297871594764 28.180018517551936 -12.879029313299528 49.892028882551436 48.500000000000007 28.180018517551936 3.1878455316466447
decision_type=2 2 2 2 2 2 2 2 2 2 2 2 2 2 2
left_child=1 4 10 13 5 -1 -5 -6 9 -3 12 -12 -2 -4 -10
right_child=2 8 3 6 7 -7 -8 -9 14 -11 11 -13 -14 -15 -16
leaf_value=-0.00074673323181333314 -0.049056536000020003 0.096985611609530786 0.082619857405130281 -0.048741708991900327 -0.034473386657826878 0.071798113737772756 -0.00028972283857869283 0.0092365793493431204 0.060010708003163771 0.078134243543046489 -0.014061315892362054 -0.046016525982890272 -0.064992131338189305 0.069068416401604771 0.053022609106772867
leaf_weight=17646.908482453786 217.5777597874403 216.43025317788124 159.19611637480557 254.64548549056053 862.07072384655476 471.80391513742507 2639.5649341642857 37.238185867667198 6.9050329625606528 164.23923564702272 46.277982249855995 319.78006315976381 141.18655999004841 123.84152420982718 34.370210260152817
leaf_count=103131 938 903 964 1233 4250 3312 14004 156 51 778 206 1503 624 827 722
internal_value=2.98532e-05 0.00140858 -0.00683889 0.00268462 -0.000456275 0.00114231 -0.00455274 -0.0326635 0.0854617 0.0888522 -0.048585 -0.0419767 -0.0553278 0.0766905 0.0541917
internal_weight=23342 19440 3902.07 3177.25 19018 18118.7 2894.21 899.309 421.945 380.669 724.822 366.058 358.764 283.038 41.2752
internal_count=133602 113303 20299 17028 110849 106443 15237 4406 2454 1681 3271 1709 1562 1791 773
is_linear=0
shrinkage=0.05


Tree=97
num_leaves=16
num_cat=0
split_feature=3 3 3 3 3 3 5 5 0 0 0 0 2 0 2
split_gain=87.9789 286.078 119.987 338.773 26.38 28.0626 23.8943 36.4156 19.2792 14.8612 14.7088 5.17256 1.05801 0.201545 0.0261193
threshold=9.9994156256975142 9.000304054078585 8.8742265484437333 8.0000467969291389 10.015470520547924 11.880412499508468 13.500000000000002 8.5000000000000018 285.91868535086513 99.000367664086113 159.90069539935232 110.00001998413741 1.9626297871594764 252.51146623455983 5.1031252029458889
decision_type=2 2 2 2 2 2 2 2 2 2 2 2 2 2 2
left_child=1 2 3 -1 6 11 7 -2 -7 -4 -8 -6 13 -3 -14
right_child=4 12 9 -5 5 8 10 -9 -10 -11 -12 -13 14 -15 -16
leaf_value=-1.5466970209734723e-05 -0.0071095728395988884 0.068782440136651191 -0.063850358856556363 0.071664992628562199 0.026587527810599317 -0.026301529820212052 -0.030767244170796404 0.082424164614947351 0.021104653297160533 -0.03114447131460224 -0.015805276355425741 0.07479632755879681 0.056478534874678327 0.065013373591620433 0.052325821097911299
leaf_weight=21672.041927080601 257.18190046399832 92.881119661033154 63.10023457929492 166.0972406193614 8.7008652724325675 44.789416052401066 238.91692388802767 11.881420757621525 41.151232361793518 77.259602345526218 525.69097162038088 15.433716312050818 6.0533123463392284 57.380577739328146 10.111461266875265
leaf_count=125092 1242 505 286 1103 44 209 1211 54 187 360 2545 89 61 356 258
internal_value=2.96526e-05 0.000728069 0.000233545 0.000529723 -0.0134929 0.0097767 -0.0159709 -0.0031559 -0.00360188 -0.0458477 -0.0204804 0.0574164 0.0660356 0.0673431 0.0538809
internal_weight=23288.7 22144.9 21978.5 21838.1 1143.75 110.075 1033.67 269.063 85.9406 140.36 764.608 24.1346 166.426 150.262 16.1648
internal_count=133602 128021 126841 126195 5581 529 5052 1296 396 646 3756 133 1180 861 319
is_linear=0
shrinkage=0.05


Tree=98
num_leaves=15
num_cat=0
split_feature=4 3 4 3 3 3 0 5 1 5 0 3 3 3
split_gain=87.512 547.457 75.0326 72.9312 1395.86 617.879 46.1982 53.759 24.3689 9.10421 5.61968 0.068987 0.012321 0.0072996
threshold=1.0000000180025095e-35 1.00007030468741 2.5000000000000004 3.9999396960457188 3.0000023189429501 4.0004450093452339 179.80029184724199 68.500000000000014 104.39500000000002 4.5000000000000009 214.53069415243854 3.0000023189429501 6.0007950474366512 2.0001367691417618
decision_type=2 2 2 2 2 2 2 2 2 2 2 2 2 2
left_child=1 6 3 4 -2 -5 7 -1 -8 -4 -11 13 -13 -3
right_child=2 11 9 5 -6 -7 8 -9 -10 10 -12 12 -14 -15
leaf_value=-0.00010115386783486351 -0.0033323464542372875 0.053600289529825318 0.044850822608228931 -0.038185873161638559 0.072557825524992112 0.0015947576666124294 -0.014172975575812137 0.01492607092795295 0.019582680013020586 -0.033582266161207942 0.00089809823795724034 0.054954991351837339 0.053802103919487948 0.053104395844185373
leaf_weight=3653.4930643215775 10063.911573305726 278.92422907799482 3.9593348726630202 1184.5362530872226 644.73068686202168 5547.5835738200694 651.90782378613949 710.97938353940845 58.243551455438137 209.84095046669245 12.522201523184775 121.32467643916607 28.646388558670878 101.11127298511565
leaf_count=17672 59382 4980 20 5965 3979 29141 3097 3439 250 1168 67 1768 526 2148
internal_value=2.88921e-05 0.00547265 -0.00169806 -0.00132687 0.00123674 -0.00540476 0.000422426 0.0023468 -0.0114045 -0.0303024 -0.0316405 0.0538267 0.0547348 0.0534684
internal_weight=23271.7 5604.63 17667.1 17440.8 10708.6 6732.12 5074.62 4364.47 710.151 226.322 222.363 530.007 149.971 380.036
internal_count=133602 33880 99722 98467 63361 35106 24458 21111 3347 1255 1235 9422 2294 7128
is_linear=0
shrinkage=0.05


Tree=99
num_leaves=16
num_cat=0
split_feature=3 3 3 3 3 3 3 2 5 2 5 1 1 2 2
split_gain=86.8487 591.339 226.273 613.559 185.64 347.908 82.3852 17.3963 11.5023 11.4377 5.48574 4.27147 4.20694 3.46513 0.777364
threshold=7.9999920423029671 7.0000764381187706 6.9999897041071204 6.0007950474366512 8.0000467969291389 8.8742265484437333 9.000304054078585 -11.397199074074072 68.500000000000014 -13.973947365327396 68.500000000000014 27.020226363189774 23.982198772301004 1.9626297871594764 1.9626297871594764
decision_type=2 2 2 2 2 2 2 2 2 2 2 2 2 2 2
left_child=1 2 3 -1 7 12 -7 9 -9 -2 -4 13 -6 -3 -13
right_child=4 11 10 -5 5 6 -8 8 -10 -11 -12 14 -14 -15 -16
leaf_value=-0.00035244916975634707 -0.028213801372237463 0.081741532939709191 -0.05029170583737802 0.074823817981363769 0.079395180041190269 -0.043663525282029159 -0.0033332858755268143 -0.043649474918829541 -0.020503605857624962 -0.010105662792299328 -0.029849482083072074 0.068128610159342337 0.06310470181692536 0.052555602493789322 0.052180263284192334
leaf_weight=20054.983564419672 312.0134055018425 138.74375252425671 211.90006194263697 275.13923074491322 71.112468935549259 140.30940180644393 1298.5609965119511 246.05586756765842 68.651461392641068 121.0287304520607 38.832847163081169 117.01547396928072 89.522967800498009 10.974208477884529 8.1744647324085218
leaf_count=116574 1465 606 1034 1791 392 646 6761 1274 375 561 199 654 711 312 247
internal_value=2.95495e-05 0.00105578 8.27298e-05 0.000664954 -0.00908872 0.000525431 -0.00726603 -0.0296543 -0.0386003 -0.0231529 -0.0471257 0.073903 0.0703164 0.0796022 0.0670872
internal_weight=23203 20855.8 20580.9 20330.1 2347.26 1599.51 1438.87 747.749 314.707 433.042 250.733 274.908 160.635 149.718 125.19
internal_count=133602 121417 119598 118365 12185 8510 7407 3675 1649 2026 1233 1819 1103 918 901
is_linear=0
shrinkage=0.05


Tree=100
num_leaves=16
num_cat=0
split_feature=3 3 3 3 3 3 3 1 5 1 5 0 4 1 4
split_gain=86.0167 1116.36 562.099 586.682 359.971 897.961 183.804 25.0763 11.4469 8.5362 8.33537 4.80802 3.56475 3.47125 2.06377
threshold=5.9999363954162233 5.0001066880784402 6.0007950474366512 6.9999897041071204 4.9998844824361814 4.0004450093452339 7.0000764381187706 77.596217139483642 48.500000000000007 28.180018517551936 43.500000000000007 51.80175910310988 1.0000000180025095e-35 28.180018517551936 1.0000000180025095e-35
decision_type=2 2 2 2 2 2 2 2 2 2 2 2 2 2 2
left_child=1 4 8 13 5 -1 -5 -6 10 12 -2 -10 -3 -4 -11
right_child=2 9 3 6 7 -7 -8 -9 11 14 -12 -13 -14 -15 -16
leaf_value=-0.00065579251639657902 -0.043134147212208797 0.055927030272180579 0.078124159745143307 -0.045524377061090283 -0.033195077003027471 0.070423603692861311 -0.00036513817666310026 0.0087063328781381739 -0.03957228789179372 0.0552274860387197 -0.0086233789096354218 -0.057533458438570911 0.089903859331902786 0.066619418273181227 0.07578249803508183
leaf_weight=17577.420975061134 421.10703680291772 7.9862920194864264 152.39630754478276 246.68153028935194 852.34052995592356 455.85825670417398 2602.185670895502 37.267555497586727 44.334419943392277 13.212330244481562 18.255161583423615 233.48213773965836 231.29999721422791 115.07200048491359 161.19707541912794
leaf_count=103131 1919 104 964 1233 4250 3312 14004 156 200 174 83 1069 1272 827 904
internal_value=2.92069e-05 0.00138566 -0.00681288 0.00237191 -0.000390691 0.001141 -0.00427545 -0.0314397 -0.0467233 0.0826381 -0.0417003 -0.0546672 0.0887699 0.0731745 0.0742254
internal_weight=23170.1 19336.6 3833.51 3116.34 18922.9 18033.3 2848.87 889.608 717.179 413.696 439.362 277.817 239.286 267.468 174.409
internal_count=133602 113303 20299 17028 110849 106443 15237 4406 3271 2454 2002 1269 1376 1791 1078
is_linear=0
shrinkage=0.05


Tree=101
num_leaves=16
num_cat=0
split_feature=2 2 2 2 2 2 2 5 2 2 2 1 0 1 1
split_gain=83.968 219.508 108.503 189.26 86.1714 205.251 83.1694 65.2512 55.9464 30.5053 17.9978 9.16868 8.36404 6.94299 4.62427
threshold=-9.0282882898124175 -8.5055208333333319 -9.4291782407407396 -9.9521817129629611 -8.0911805555555532 -7.4907696759259244 -9.5222989589322005 72.500000000000014 -8.9123185758075962 -8.665496302878994 -8.3431228797489805 10.470487896519392 49.892028882551436 11.730009521970127 9.2601407667885081
decision_type=2 2 2 2 2 2 2 2 2 2 2 2 2 2 2
left_child=2 8 3 7 10 -6 -5 -1 12 -10 -3 14 -2 -13 -4
right_child=1 4 11 6 5 -7 -8 -9 9 -11 -12 13 -14 -15 -16
leaf_value=-0.0014094089531657295 0.037666692838970749 -0.0015337112129179984 -0.029477693464600885 0.057325016982426071 0.039055982736540401 0.0020817481207390499 0.0017988225823642502 -0.017909815547166578 0.082748984782521559 0.042887443272828056 -0.01896358327190557 0.012728788852530393 0.0066032508327139097 -0.019747607510241343 -0.055479421489410811
leaf_weight=12785.964713476598 31.514528874307871 206.93043703585863 77.691979590803385 194.83716666325927 395.81267630681396 7257.2567958133295 103.13699486479163 628.61179388687015 93.513299766927958 98.606838155537844 520.9932365603745 16.911606069654226 69.369372345507145 612.22319013252854 21.924766458570957
leaf_count=65896 164 1056 414 1056 2112 51742 529 3291 528 528 2640 91 364 3072 119
internal_value=2.92431e-05 0.00391764 -0.00230628 -0.00130715 0.00243042 0.00399404 0.0381059 -0.00218262 0.0464575 0.0622898 -0.0140087 -0.0211063 0.016307 -0.0188746 -0.0352004
internal_weight=23115.3 8674 14441.3 13712.6 8380.99 7653.07 297.974 13414.6 293.004 192.12 727.924 728.752 100.884 629.135 99.6167
internal_count=133602 59134 74468 70772 57550 53854 1585 69187 1584 1056 3696 3696 528 3163 533
is_linear=0
shrinkage=0.05


Tree=102
num_leaves=16
num_cat=0
split_feature=3 3 3 3 3 3 3 0 0 5 2 0 1 1 2
split_gain=82.7356 1318.78 580.705 860.04 532.59 1238.27 298.052 15.8984 25.3232 9.10211 7.43542 7.00405 3.72001 1.29259 0.053383
threshold=3.9999396960457188 3.0000023189429501 4.0004450093452339 4.9998844824361814 2.9999721473679828 2.0001367691417618 5.0001066880784402 29.991571209709956 28.184031882493212 15.500000000000002 1.9626297871594764 452.18548616743408 27.621462880686476 27.870248886152158 3.1878455316466447
decision_type=2 2 2 2 2 2 2 2 2 2 2 2 2 2 2
left_child=1 4 7 12 5 -1 -5 8 -2 -9 13 -6 -4 -3 -12
right_child=2 10 3 6 11 -7 -8 9 -10 -11 14 -13 -14 -15 -16
leaf_value=-0.0014378255256194551 -0.044514553472702466 0.072636145607031147 0.072696579714753282 -0.030173773546203916 -0.026654406615446297 0.062921937243992185 0.0018316950008470591 -0.031244726663356526 -0.0025040442030377246 -0.041798846948457702 0.056415945597478034 -0.048858778075554984 0.063236817557419611 0.067810603042794113 0.052119209985355477
leaf_weight=13172.460217811167 64.660639896988869 426.36728749424219 273.21065990440547 879.09487728774548 1704.3315805569291 792.30635577812791 4215.9482957050204 282.08803219348192 80.564680218696594 740.68012086302042 8.3935489282011968 36.270874857902527 167.72730829752982 205.73824836313725 52.092870755121112
leaf_count=75552 345 2177 1880 4406 8916 7577 22753 1382 415 3823 86 178 1432 1183 1497
internal_value=2.74636e-05 0.00194068 -0.00465227 0.00210708 -0.00103699 0.0022137 -0.0036905 -0.0366898 -0.021209 -0.0388879 0.0694629 -0.0271171 0.0690982 0.0710655 0.0527155
internal_weight=23101.9 16398 6703.97 5535.98 15705.4 13964.8 5095.04 1167.99 145.225 1022.77 692.592 1740.6 440.938 632.106 60.4864
internal_count=133602 97166 36436 30471 92223 83129 27159 5965 760 5205 4943 9094 3312 3360 1583
is_linear=0
shrinkage=0.05


Tree=103
num_leaves=15
num_cat=0
split_feature=4 4 5 5 5 1 2 5 5 0 5 0 5 2
split_gain=78.0542 68.2668 67.9275 112.906 92.0525 41.8491 42.9458 33.8307 30.4367 11.4646 8.28471 5.26799 4.80227 2.68287
threshold=1.0000000180025095e-35 2.5000000000000004 42.500000000000007 43.500000000000007 39.500000000000007 7.3900723787310891 -19.099332742160467 19.500000000000004 68.500000000000014 89.900126469839748 4.5000000000000009 214.53069415243854 72.500000000000014 -14.424094224576494
decision_type=2 2 2 2 2 2 2 2 2 2 2 2 2 2
left_child=5 2 4 -4 -2 9 7 -7 -8 13 -3 -12 -11 -1
right_child=1 10 3 -5 -6 6 8 -9 -10 12 11 -13 -14 -15
leaf_value=-0.016724749212935899 0.00010165582607117909 0.041956481272437549 -0.018078938375487533 -0.00200332713251992 0.016928529125089756 0.009635796981559799 0.0056094646742913274 -0.013185950275225154 0.016517002687214517 0.067008290064189027 -0.032334759924052048 0.0010958865154947282 -0.012978119370385541 -0.052778084885645671
leaf_weight=5.9195910841226569 7710.7600839044899 4.0261046811938277 1284.3696583975106 7301.893788873218 908.53897250443697 242.54332206770778 4013.3885267069563 491.36978963017464 760.80355079658329 2.9687001723796111 206.26051819324493 12.498118273913859 5.1006885766983032 40.211675142869353
leaf_count=30 43618 20 7533 41942 5374 1294 24959 2609 4731 20 1168 67 38 199
internal_value=2.94768e-05 -0.00161638 -0.00126029 -0.00440799 0.00187533 0.00518643 0.00561665 -0.00564383 0.00734766 -0.038534 -0.0291167 -0.0304248 0.0164486 -0.0481517
internal_weight=22990.7 17428.3 17205.6 8586.26 8619.3 5562.31 5508.11 733.913 4774.19 54.2007 222.785 218.759 8.06939 46.1313
internal_count=133602 99722 98467 49475 48992 33880 33593 3903 29690 287 1255 1235 58 229
is_linear=0
shrinkage=0.05


Tree=104
num_leaves=16
num_cat=0
split_feature=3 3 3 3 3 1 0 1 5 3 1 1 1 4 1
split_gain=79.2059 267.759 107.564 547.995 169.869 29.4908 23.2798 15.0761 13.5049 20.3727 9.17027 7.65446 1.35511 0.0813791 0.0199892
threshold=9.9994156256975142 9.000304054078585 7.9999920423029671 7.0000764381187706 8.0000467969291389 29.490081319253317 124.99050503902224 179.96659140238188 19.500000000000004 10.015470520547924 31.481485425818082 17.631706573720034 23.982198772301004 1.0000000180025095e-35 10.960649578764661
decision_type=2 2 2 2 2 2 2 2 2 2 2 2 2 2 2
left_child=1 2 3 -1 -4 8 10 -8 11 -10 -7 -2 14 -14 -3
right_child=5 12 4 -5 -6 6 7 -9 9 -11 -12 -13 13 -15 -16
leaf_value=7.7496151154811979e-05 0.001352872759958065 0.07357894995079918 -0.028310599064304338 0.072177861033877425 0.016528518143241102 0.02181692627426569 -0.0029067395450965462 0.036092249929330265 -0.030753852221199321 0.0086509197258022655 -0.035497743296083538 -0.018579141530159583 0.052429579666897874 0.061162504954342167 0.069923785322486956
leaf_weight=20380.815393188037 80.404423393309116 3.9563170783221713 739.64704521372914 266.98935347609222 295.65137354284525 7.727242298424243 469.39171218499541 26.162340320646763 324.48469691351056 36.489874307066202 72.068957731127739 120.13670586422086 2.75397322513163 85.133809968829155 68.544370695948601
leaf_count=119598 384 19 3675 1819 1749 36 2150 110 1786 187 327 601 69 677 415
internal_value=2.76657e-05 0.000697341 0.000221231 0.0010098 -0.0155058 -0.0128393 -0.00488371 -0.000847822 -0.0209909 -0.0267705 -0.0299475 -0.0105877 0.0650631 0.0608889 0.0701232
internal_weight=22980.4 21843.5 21683.1 20647.8 1035.3 1136.87 575.35 495.554 561.516 360.975 79.7962 200.541 160.388 87.8878 72.5007
internal_count=133602 128021 126841 121417 5424 5581 2623 2260 2958 1973 363 985 1180 746 434
is_linear=0
shrinkage=0.05


Tree=105
num_leaves=16
num_cat=0
split_feature=2 2 2 2 2 2 2 5 2 2 2 1 0 0 1
split_gain=74.0003 196.06 98.1304 167.683 79.0815 283.712 74.3469 57.5447 50.4765 28.4044 13.396 8.45906 7.55413 6.46934 4.40073
threshold=-9.0282882898124175 -8.5055208333333319 -9.4291782407407396 -9.9521817129629611 -8.0212375097279054 -7.4907696759259244 -9.5222989589322005 72.500000000000014 -8.9123185758075962 -8.665496302878994 -8.3431228797489805 10.470487896519392 49.892028882551436 35.000465040804805 9.2601407667885081
decision_type=2 2 2 2 2 2 2 2 2 2 2 2 2 2 2
left_child=2 8 3 7 10 -6 -5 -1 12 -10 -3 14 -2 -13 -4
right_child=1 4 11 6 5 -7 -8 -9 9 -11 -12 13 -14 -15 -16
leaf_value=-0.0013245737891449528 0.035638904735473154 -0.0013682582694971 -0.028245699757559157 0.054285418400306408 0.052210010587649396 0.0019382136581053051 0.0015888460541574848 -0.016932949501794553 0.079278149065872106 0.040567543287121158 -0.016098262369384279 -0.030745427706637504 0.0061386160907014493 -0.015975963503984902 -0.053962258146101984
leaf_weight=12694.911024216563 31.686087388545275 205.6764352209866 76.388229746371508 193.1548113040626 292.00815099850297 7216.6090104468167 102.42552169039845 619.32226801663637 91.60506385192275 98.173382360488176 618.5264334268868 86.038011312484741 68.860696587711573 536.28920434787869 21.267133329063654
leaf_count=65896 164 1056 414 1056 1584 51742 529 3291 528 528 3168 448 364 2715 119
internal_value=2.69689e-05 0.00368675 -0.00217535 -0.00122368 0.00227948 0.00389327 0.0360248 -0.00205061 0.0440778 0.059253 -0.0124225 -0.0201648 0.0154353 -0.0180179 -0.0338462
internal_weight=22952.9 8623.15 14329.8 13609.8 8332.82 7508.62 295.58 13314.2 290.325 189.778 824.203 719.983 100.547 622.327 97.6554
internal_count=133602 59134 74468 70772 57550 53326 1585 69187 1584 1056 4224 3696 528 3163 533
is_linear=0
shrinkage=0.05


Tree=106
num_leaves=16
num_cat=0
split_feature=3 3 3 3 3 3 3 1 2 2 5 1 1 1 2
split_gain=78.1362 1024.81 512.209 542.283 295.918 780.509 168.305 23.4324 12.5207 11.1813 8.33221 8.00932 7.13451 2.80379 0.0741575
threshold=5.9999363954162233 5.0001066880784402 6.0007950474366512 6.9999897041071204 4.9998844824361814 4.0004450093452339 7.0000764381187706 77.596217139483642 -13.809092574370785 1.9626297871594764 70.500000000000014 27.621462880686476 68.304902571032684 28.180018517551936 3.1878455316466447
decision_type=2 2 2 2 2 2 2 2 2 2 2 2 2 2 2
left_child=1 4 8 13 5 -1 -5 -6 12 11 -10 -3 -2 -4 -11
right_child=2 9 3 6 7 -7 -8 -9 10 14 -12 -13 -14 -15 -16
leaf_value=-0.00062372383314368064 -0.054971834725651404 0.089120372893807434 0.076015340222648498 -0.043919324850226656 -0.03061334062006224 0.067869172665638716 -0.00032521710957979493 0.0099569887810987863 -0.03684628960264752 0.058618599598376869 -0.05956583804960635 0.074218505691244441 -0.024367922004878688 0.065500059764665469 0.052620789332008991
leaf_weight=17460.071092856117 270.8924855440855 209.54648408293724 148.33208005316556 242.27396284043789 831.40257399529219 426.08677306491882 2569.9336168002337 37.182609587907791 371.82740685343742 6.216019742190837 45.26842999458313 158.27430029958487 20.483640983700752 110.70616977009922 30.152397682890296
leaf_count=103131 1222 890 964 1233 4250 3312 14004 156 1748 51 218 791 83 827 722
internal_value=2.53649e-05 0.00132152 -0.00654468 0.00229564 -0.000376112 0.00100792 -0.00408088 -0.0288766 -0.0448677 0.0800931 -0.0393121 0.0827081 -0.0528204 0.0715214 0.0536459
internal_weight=22938.7 19158.9 3779.72 3071.25 18754.7 17886.2 2812.21 868.585 708.472 404.189 417.096 367.821 291.376 259.038 36.3684
internal_count=133602 113303 20299 17028 110849 106443 15237 4406 3271 2454 1966 1681 1305 1791 773
is_linear=0
shrinkage=0.05


Tree=107
num_leaves=13
num_cat=0
split_feature=4 5 5 5 5 1 5 5 5 0 1 0
split_gain=69.7761 67.627 345.467 128.172 322.578 77.503 68.0517 56.9059 7.54862 4.92595 3.74527 3.46121
threshold=2.5000000000000004 41.500000000000007 39.500000000000007 68.500000000000014 69.500000000000014 9.5100506816796813 40.500000000000007 19.500000000000004 4.5000000000000009 214.53069415243854 14.970033265185597 261.67520784059235
decision_type=2 2 2 2 2 2 2 2 2 2 2 2
left_child=1 2 7 5 -5 -3 -4 -1 -2 10 -10 -11
right_child=8 3 6 4 -6 -7 -8 -9 9 11 -12 -13
leaf_value=0.0043128847896379665 0.039284724568917441 -0.021486226723491278 0.035543925853155099 0.080843227087456823 0.0027010268103878693 -0.0041550251161511014 0.082423257202151795 -0.0035096317509414037 -0.022585651692434223 0.042156489747568193 -0.036549144596760945 -0.01573550138621499
leaf_weight=6723.4555663214996 4.0872966274619094 703.0561356022954 196.2110097175464 137.40311513189226 3402.4404457760975 7820.0067175300792 127.85927605442703 3553.7487182840705 78.006169244647026 3.6472758576273909 124.92866484820843 8.8384526222944242
leaf_count=38911 20 3923 1284 1002 19789 46050 976 20412 465 19 703 48
internal_value=2.55669e-05 0.000297283 0.00321073 -0.00226315 0.00573421 -0.00558465 0.0540398 0.00160794 -0.0280291 -0.0293063 -0.0311817 0.00117565
internal_weight=22883.7 22664.2 10601.3 12062.9 3539.84 8523.06 324.07 10277.2 219.508 215.421 202.935 12.4857
internal_count=133602 132347 61583 70764 20791 49973 2260 59323 1255 1235 1168 67
is_linear=0
shrinkage=0.05


Tree=108
num_leaves=15
num_cat=0
split_feature=4 4 5 5 5 1 2 5 2 0 5 5 0 2
split_gain=69.1271 56.9144 54.2555 98.2009 77.0214 37.6126 38.2442 29.8213 28.7737 10.5016 6.87953 5.69389 4.57713 2.52138
threshold=1.0000000180025095e-35 2.5000000000000004 42.500000000000007 43.500000000000007 39.500000000000007 7.3900723787310891 -19.099332742160467 19.500000000000004 7.9702360390038773 89.900126469839748 4.5000000000000009 71.500000000000014 214.53069415243854 -14.424094224576494
decision_type=2 2 2 2 2 2 2 2 2 2 2 2 2 2
left_child=5 2 4 -4 -2 9 7 -7 -8 13 -3 -11 -12 -1
right_child=1 10 3 -5 -6 6 8 -9 -10 11 12 -13 -14 -15
leaf_value=-0.015734779273152439 -2.5168568873005041e-05 0.036799536363234089 -0.016865560322181651 -0.0017900287326275599 0.01543357817029125 0.0089693378864536804 0.0061313485545276721 -0.012469999310381461 0.026142259636636841 0.073746236992990918 -0.030086481397239496 -0.014727830866787573 0.0011093977859438517 -0.050865544065002481
leaf_weight=5.8693108409643164 7674.3623222019523 4.1436470299959174 1269.2816572207958 7251.9365983894095 900.27705898415297 242.67265849933028 4582.4544410053641 489.10433990880847 186.96875236276537 2.7675326094031316 199.88790448755026 5.3031700309365988 12.493030741810797 39.346700603142381
leaf_count=30 43618 20 7533 41942 5374 1294 25665 2609 4025 18 1168 40 67 199
internal_value=2.44714e-05 -0.00153269 -0.00121006 -0.00403561 0.00159789 0.00487788 0.00528283 -0.00536026 0.00691581 -0.0369276 -0.0270065 0.0156109 -0.0282514 -0.0463054
internal_weight=22866.9 17312.4 17095.9 8521.22 8574.64 5554.49 5501.2 731.777 4769.42 53.2867 216.525 8.0707 212.381 45.216
internal_count=133602 99722 98467 49475 48992 33880 33593 3903 29690 287 1255 58 1235 229
is_linear=0
shrinkage=0.05


Tree=109
num_leaves=16
num_cat=0
split_feature=3 3 3 3 3 3 3 5 5 5 5 2 4 1 2
split_gain=74.9056 1226.75 523.785 745.808 476.347 1161.87 246.062 12.8735 13.3475 11.3351 7.24466 6.1058 5.01064 2.60829 0.0450992
threshold=3.9999396960457188 3.0000023189429501 4.0004450093452339 4.9998844824361814 2.9999721473679828 2.0001367691417618 5.0001066880784402 68.500000000000014 64.500000000000014 70.500000000000014 54.500000000000007 1.9626297871594764 1.0000000180025095e-35 27.621462880686476 3.1878455316466447
decision_type=2 2 2 2 2 2 2 2 2 2 2 2 2 2 2
left_child=1 4 7 13 5 -1 -5 8 -2 -9 -6 12 -3 -4 -13
right_child=2 11 3 6 10 -7 -8 9 -10 -11 -12 14 -14 -15 -16
leaf_value=-0.0014038697672447583 -0.03559852717022987 0.055002481713457757 0.069848179881489073 -0.027665605495216752 -0.028222777125203102 0.062189873675198806 0.0017454273735830349 -0.008535512869252455 -0.054718011044308346 -0.032436988478763258 -0.021425697953982768 0.05605476995088763 0.071036594070913325 0.061620585781687678 0.052010383285493733
leaf_weight=13136.745922446251 826.83615554124117 53.388507924973965 256.97490940149873 858.19625557214022 1113.7056084051728 759.7771557951346 4150.5596899716184 75.339244052767754 102.61109296232462 145.21437530219555 604.97606686502695 8.0118329301476461 557.69114795327187 154.08740206342191 49.355817388743162
leaf_count=75552 4234 653 1880 4406 5871 7577 22753 403 543 785 3223 86 2707 1432 1497
internal_value=2.30743e-05 0.00184132 -0.00448354 0.00201966 -0.000998113 0.00207305 -0.00329384 -0.0351323 -0.0377093 -0.0242724 -0.0258302 0.0681716 0.0696357 0.0667641 0.0525752
internal_weight=22853.5 16283.7 6569.82 5419.82 15615.2 13896.5 5008.76 1150 929.447 220.554 1718.68 668.447 611.08 411.062 57.3677
internal_count=133602 97166 36436 30471 92223 83129 27159 5965 4777 1188 9094 4943 3360 3312 1583
is_linear=0
shrinkage=0.05


Tree=110
num_leaves=16
num_cat=0
split_feature=3 3 3 3 3 3 3 1 5 5 1 0 1 4 4
split_gain=72.8224 942.773 467.323 503.834 244.813 682.354 154.234 21.7618 10.621 7.90549 5.41488 4.50347 2.26357 2.17916 1.36942
threshold=5.9999363954162233 5.0001066880784402 6.0007950474366512 6.9999897041071204 4.9998844824361814 4.0004450093452339 7.0000764381187706 77.596217139483642 48.500000000000007 43.500000000000007 27.621462880686476 51.80175910310988 28.180018517551936 1.0000000180025095e-35 1.0000000180025095e-35
decision_type=2 2 2 2 2 2 2 2 2 2 2 2 2 2 2
left_child=1 4 8 12 5 -1 -5 -6 9 -2 13 -10 -4 -3 -12
right_child=2 10 3 6 7 -7 -8 -9 11 -11 14 -13 -14 -15 -16
leaf_value=-0.00056729907484707228 -0.039737160460399046 0.05506134297527359 0.07411475596245426 -0.042450536734138414 -0.028273031252262239 0.065728125686168037 -0.00039288288610621878 0.01087799249270323 -0.036179271701764659 -0.0059329141844518089 0.054514180184088434 -0.053806200787212925 0.064501567215583186 0.083644591059600246 0.072174747594436275
leaf_weight=17347.364294060506 412.64128542691469 6.8757338728755704 144.13748775795102 238.20847860723734 812.26574610173702 397.01791166514158 2567.8227777276188 37.115268848836422 43.152760274708271 18.051847748458385 11.813263727352021 226.05202889069915 106.46560561005026 220.86052232794464 154.97713380865753
leaf_count=103131 1919 102 964 1233 4250 3312 14004 156 200 83 176 1069 827 1255 921
internal_value=2.52751e-05 0.00128366 -0.00633551 0.00210329 -0.00033922 0.000916014 -0.00396322 -0.0265623 -0.0431899 -0.0383203 0.0777686 -0.0509807 0.0700307 0.0827816 0.0709239
internal_weight=22744.8 18988.3 3756.53 3056.63 18593.8 17744.4 2806.03 849.381 699.898 430.693 394.527 269.205 250.603 227.736 166.79
internal_count=133602 113303 20299 17028 110849 106443 15237 4406 3271 2002 2454 1269 1791 1357 1097
is_linear=0
shrinkage=0.05


Tree=111
num_leaves=16
num_cat=0
split_feature=2 2 5 5 5 2 2 2 5 2 2 5 0 0 5
split_gain=64.343 173.312 87.5204 114.046 85.5114 58.4734 154.85 123.828 49.762 23.5149 8.6052 8.18911 8.01704 4.9017 2.22299
threshold=-11.987926193718144 -11.615479512338814 68.500000000000014 69.500000000000014 41.500000000000007 -12.397939726311073 -12.879029313299528 -12.688208256122648 70.500000000000014 -11.836502613668287 -12.058178185883802 13.500000000000002 99.612376005921575 118.78016835115399 64.500000000000014
decision_type=2 2 2 2 2 2 2 2 2 2 2 2 2 2 2
left_child=5 9 4 -4 -3 6 8 -8 -1 14 11 -7 -11 -12 -2
right_child=1 2 3 -5 -6 10 7 -9 -10 12 13 -13 -14 -15 -16
leaf_value=-0.0017102362480442821 0.036953765507910769 0.0040062214455522408 0.074492225598241729 0.0092062509767894696 -0.0054938255899711396 -0.006843850095563821 0.079532132752886731 0.013500188596722024 -0.013857720091361894 0.08163180341909973 0.0074862568001077354 -0.01919020646995491 0.052283632919595625 -0.015241126480771076 0.01942777789674165
leaf_weight=8708.3677011504769 74.332931280136108 5443.8164449967444 69.405179628171027 1848.0044769179076 4193.3040478266776 170.09764102101326 93.037523936480284 299.7202206403017 933.4403478577733 49.136637050658464 62.752448074519634 638.30515569075942 44.203214762732387 38.145000167191029 23.913814947009087
leaf_count=45708 404 35206 636 11676 27457 862 528 1584 4999 263 330 3362 265 198 124
internal_value=2.56057e-05 0.00259566 0.00181359 0.0115694 -0.000127439 -0.00273285 -0.00163265 0.029142 -0.00288626 0.0497618 -0.014874 -0.0165924 0.0677333 -0.00110599 0.0326878
internal_weight=22690 11746.1 11554.5 1917.41 9637.12 10943.9 10034.6 392.758 9641.81 191.587 909.3 808.403 93.3399 100.897 98.2467
internal_count=133602 76031 74975 12312 62663 57571 52819 2112 50707 1056 4752 4224 528 528 528
is_linear=0
shrinkage=0.05


Tree=112
num_leaves=16
num_cat=0
split_feature=3 3 3 3 3 3 0 2 0 0 5 0 2 0 2
split_gain=72.1433 249.658 102.865 286.866 22.0502 25.3779 21.9854 21.8888 17.1779 13.6841 12.145 5.14252 0.726363 0.13389 0.0179889
threshold=9.9994156256975142 9.000304054078585 8.8742265484437333 8.0000467969291389 10.015470520547924 11.880412499508468 1389.9450000000004 -21.582134405857165 285.91868535086513 99.000367664086113 13.500000000000002 110.00001998413741 1.9626297871594764 252.51146623455983 5.1031252029458889
decision_type=2 2 2 2 2 2 2 2 2 2 2 2 2 2 2
left_child=1 2 3 -1 6 11 7 -2 -7 -4 -8 -6 13 -3 -14
right_child=4 12 9 -5 5 8 10 -9 -10 -11 -12 -13 14 -15 -16
leaf_value=-4.5582173010285663e-07 0.0038890465847545978 0.066424627003209322 -0.059894027687299525 0.068611122481621462 0.024313728017523288 -0.025051728577120694 0.056956877913720338 -0.019164145507614277 0.019782393793743767 -0.028457581951382524 0.0027138183373694984 0.072789876583024798 0.055694138412820338 0.063234576721911878 0.052052684785915126
leaf_weight=21099.754391258582 117.22790358960629 86.473958315327764 62.541377689689398 153.45150959305465 8.6373741179704684 44.612330973148346 13.543732803314922 846.44443464279175 40.99825057759881 77.531193513423204 43.343466885387897 14.923349253833292 5.4493055678904048 53.083609946072102 8.9812401309609395
leaf_count=125092 548 505 286 1103 44 209 82 4225 187 360 197 89 61 356 258
internal_value=2.43254e-05 0.000670079 0.000213462 0.000494931 -0.0122921 0.0090656 -0.0145768 -0.0163598 -0.00358101 -0.0424937 0.015628 0.0550185 0.064107 0.0652112 0.0534278
internal_weight=22677 21547.3 21393.3 21253.2 1129.73 109.171 1020.56 963.672 85.6106 140.073 56.8872 23.5607 153.988 139.558 14.4305
internal_count=133602 128021 126841 126195 5581 529 5052 4773 396 646 279 133 1180 861 319
is_linear=0
shrinkage=0.05


Tree=113
num_leaves=16
num_cat=0
split_feature=3 3 3 3 3 3 3 3 5 0 5 1 1 4 1
split_gain=71.674 507.749 171.654 872.787 358.201 148.61 295.554 70.657 8.30816 42.1332 8.88351 2.87257 2.75951 0.329379 0.193584
threshold=7.9999920423029671 7.0000764381187706 5.9999363954162233 5.0001066880784402 6.0007950474366512 8.0000467969291389 8.8742265484437333 9.000304054078585 65.500000000000014 69.801040906839262 48.500000000000007 27.020226363189774 24.251417996760285 1.0000000180025095e-35 23.104849631979132
decision_type=2 2 2 2 2 2 2 2 2 2 2 2 2 2 2
left_child=1 2 3 -1 -4 8 12 -8 10 -10 -2 14 -7 -13 -3
right_child=5 11 4 -5 -6 6 7 -9 9 -11 -12 13 -14 -15 -16
leaf_value=-0.0003245875955495 -0.026481433106236536 0.076159933960383314 -0.041524570612269877 0.075793247962586227 0.014818034977177669 0.074918975266866902 -0.040428637389981981 -0.0029905348282129756 0.052937681502686844 -0.025811932232367132 -0.041393163931318956 0.052996829113246505 0.061229964378240923 0.065421058858274178 0.070778371291399175
leaf_weight=18558.843389918096 410.2474402859807 123.00087105296552 691.24330487847328 384.39598051458597 476.58665905054659 67.909836499020457 139.87694757431746 1272.917071910575 18.875309839844704 169.60945393517613 132.01858691871166 5.6064669555053106 80.403769183903933 109.98740580119193 19.337859280407429
leaf_count=110849 2027 776 3271 2454 3024 396 646 6761 99 893 656 117 707 784 142
internal_value=2.38288e-05 0.000967068 7.30516e-05 0.00121999 -0.0185314 -0.00835925 0.000351749 -0.00669718 -0.0269686 -0.0179258 -0.0301118 0.0706737 0.0674979 0.0648185 0.0754288
internal_weight=22660.9 20369 20111.1 18943.2 1167.83 2291.86 1561.11 1412.79 730.751 188.485 542.266 257.933 148.314 115.594 142.339
internal_count=133602 121417 119598 113303 6295 12185 8510 7407 3675 992 2683 1819 1103 901 918
is_linear=0
shrinkage=0.05


Tree=114
num_leaves=16
num_cat=0
split_feature=3 3 3 3 3 3 3 0 0 0 1 2 4 1 2
split_gain=72.1007 1144.83 473.343 653.969 433.052 1091.55 203.063 14.0751 23.746 6.49201 5.70525 5.05357 4.12866 1.81861 0.0382839
threshold=3.9999396960457188 3.0000023189429501 4.0004450093452339 4.9998844824361814 2.9999721473679828 2.0001367691417618 5.0001066880784402 29.991571209709956 28.184031882493212 452.18548616743408 33.560602599443641 1.9626297871594764 1.0000000180025095e-35 27.870248886152158 3.1878455316466447
decision_type=2 2 2 2 2 2 2 2 2 2 2 2 2 2 2
left_child=1 4 7 13 5 -1 -5 8 -2 -6 -9 12 -3 -4 -13
right_child=2 11 3 6 9 -7 -8 10 -10 -11 -12 14 -14 -15 -16
leaf_value=-0.0012967057823771041 -0.042024049811914266 0.054740051623522058 0.067393828480386359 -0.025467838443700493 -0.024270144287841855 0.061508451140617308 0.0015416245709455939 -0.033904380646937973 -0.00088409419903826144 -0.045927880769972347 -0.043163934302533923 0.055721990383567115 0.069620635923186874 0.060233434639130889 0.051908349140244892
leaf_weight=13123.539479412138 62.834291540086269 51.00920594856143 243.0673568835482 839.72322432696819 1665.3780722245574 730.3204962387681 4062.6813609488308 780.60339418798685 79.395575553178787 35.335538394749165 211.40764916688204 7.6531667634844771 540.88158659636974 139.60787778533995 46.963180654682219
leaf_count=75552 345 653 1904 4406 8916 7577 22753 4247 415 178 958 86 2707 1408 1497
internal_value=2.38877e-05 0.00180078 -0.00446064 0.00182921 -0.000908951 0.00201413 -0.00308477 -0.0337687 -0.0190589 -0.0247201 -0.0358777 0.0669954 0.0683382 0.0647816 0.0524427
internal_weight=22620.4 16201.1 6419.32 5285.08 15554.6 13853.9 4902.4 1134.24 142.23 1700.71 992.011 646.507 591.891 382.675 54.6163
internal_count=133602 97166 36436 30471 92223 83129 27159 5965 760 9094 5205 4943 3360 3312 1583
is_linear=0
shrinkage=0.05


Tree=115
num_leaves=16
num_cat=0
split_feature=2 2 5 5 5 5 0 1 2 5 1 0 5 4 1
split_gain=60.9458 70.5276 53.123 139.959 84.8151 46.4662 44.0598 37.9089 23.6201 14.0943 13.1204 8.0688 6.00272 5.21338 4.80551
threshold=-3.9280132528130074 -3.4886426197409253 19.500000000000004 20.500000000000004 27.500000000000004 18.500000000000004 19.899656611312228 12.970105863145582 -21.582134405857165 71.500000000000014 14.208141317336155 51.80175910310988 60.500000000000007 1.0000000180025095e-35 18.200017859255606
decision_type=2 2 2 2 2 2 2 2 2 2 2 2 2 2 2
left_child=2 11 5 10 -5 8 9 -8 -1 -3 -4 12 -2 -13 -7
right_child=1 6 3 4 -6 14 7 -9 -10 -11 -12 13 -14 -15 -16
leaf_value=0.011362377827288895 0.054350084246239549 0.027242490129615406 -0.043239512613237795 0.015451859817588488 -0.0027554420003845907 0.059532315273209652 -0.0077260042446286072 0.005882833323030281 0.0012770782076965712 -0.078790273942708364 -0.023864420213423221 0.062467318810296137 0.10226324327234503 0.030244445496531581 0.031900360561957317
leaf_weight=659.39924734644592 20.036303650587801 230.04057756997645 109.74220188707113 675.48962356895208 12045.309972476214 31.406891454011202 630.37254812289029 2718.8831979837269 4855.5061126183718 3.1773255802690974 428.76263107359409 16.929645411670208 9.7025286182761175 48.550030618906021 31.531811684370041
leaf_count=3431 105 1757 634 3469 64439 170 4239 27248 25172 16 2306 114 47 262 193
internal_value=2.60703e-05 0.00591352 -0.00112337 -0.00284555 -0.00178861 0.00297047 0.00478469 0.00332148 0.00248294 0.0257979 -0.0278129 0.0483846 0.0699821 0.0385756 0.0456889
internal_weight=22514.8 3677.69 18837.1 13259.3 12720.8 5577.84 3582.47 3349.26 5514.91 233.218 538.505 95.2185 29.7388 65.4797 62.9387
internal_count=133602 33788 99814 70848 67908 28966 33260 31487 28603 1773 2940 528 152 376 363
is_linear=0
shrinkage=0.05


Tree=116
num_leaves=16
num_cat=0
split_feature=3 3 3 3 3 3 3 2 5 5 5 2 4 2 2
split_gain=65.9414 472.754 165.056 448.624 135.429 275.702 63.7738 17.4337 12.4982 8.841 5.44464 2.02625 0.81449 0.811893 0.00864529
threshold=7.9999920423029671 7.0000764381187706 6.9999897041071204 6.0007950474366512 8.0000467969291389 8.8742265484437333 9.000304054078585 -10.731469147436741 69.500000000000014 5.5000000000000009 68.500000000000014 1.9626297871594764 1.0000000180025095e-35 1.9626297871594764 3.1878455316466447
decision_type=2 2 2 2 2 2 2 2 2 2 2 2 2 2 2
left_child=1 2 3 -1 7 13 -7 9 -9 -2 -4 12 -3 -6 -13
right_child=4 11 10 -5 5 6 -8 8 -10 -11 -12 14 -14 -15 -16
leaf_value=-0.0002625228638303007 -0.065631118522344753 0.05321416240011359 -0.044802197893043252 0.068447796677978831 0.067396727884629706 -0.038486370873503838 -0.0029046419910555158 -0.041344830246052622 -0.015764757735834519 -0.018688075666449401 -0.023822612172024013 0.05495007036254021 0.070979296993764623 0.05230353964415492 0.051510051564174687
leaf_weight=19496.61389485281 10.26662755012512 6.640426702797412 198.81587587296963 240.49346442241222 133.62491324171424 139.77021753415465 1271.7201547585428 217.18673463538289 61.208632878959179 435.09067152440548 36.621879681944847 2.1077626198530188 227.27396688610315 9.5465419134125096 13.68255807366222
leaf_count=116574 47 120 1034 1791 809 646 6761 1171 341 2116 199 27 1140 294 532
internal_value=2.45148e-05 0.000933074 7.82636e-05 0.000574701 -0.00803947 0.000277912 -0.00642806 -0.0259057 -0.0357207 -0.0197702 -0.0415389 0.0693047 0.070475 0.0663903 0.0519692
internal_weight=22500.7 20222.2 19972.5 19737.1 2278.41 1554.66 1411.49 723.753 278.395 445.357 235.438 249.705 233.914 143.171 15.7903
internal_count=133602 121417 119598 118365 12185 8510 7407 3675 1512 2163 1233 1819 1260 1103 559
is_linear=0
shrinkage=0.05


Tree=117
num_leaves=16
num_cat=0
split_feature=3 3 3 3 3 3 3 5 5 5 5 2 4 1 2
split_gain=65.9576 1070.78 431.358 613.372 392.958 1027.67 184.022 11.7041 12.857 10.1215 6.943 4.18323 3.41048 1.51594 0.032253
threshold=3.9999396960457188 3.0000023189429501 4.0004450093452339 4.9998844824361814 2.9999721473679828 2.0001367691417618 5.0001066880784402 68.500000000000014 64.500000000000014 70.500000000000014 54.500000000000007 1.9626297871594764 1.0000000180025095e-35 27.870248886152158 3.8503349671125346
decision_type=2 2 2 2 2 2 2 2 2 2 2 2 2 2 2
left_child=1 4 7 13 5 -1 -5 8 -2 -9 -6 12 -3 -4 -13
right_child=2 11 3 6 10 -7 -8 9 -10 -11 -12 14 -14 -15 -16
leaf_value=-0.0012384203525244439 -0.032872384665967952 0.054484737397183951 0.066322402777574188 -0.024408892692836255 -0.026039963118441541 0.060870567488245 0.0014377720098587058 -0.0070626390576170126 -0.051987601823823795 -0.029860785827474819 -0.019315514031733955 0.054771469240970941 0.068317144840916125 0.059657330060303673 0.05167774157470291
leaf_weight=13111.409006472677 805.02638891339302 48.70284365862608 234.84136000368744 830.64287076890469 1090.6682148687541 701.65572463534772 4028.6391625646502 74.34974105656147 98.758937820792198 141.03030173480511 592.33151335269213 10.586004734039305 524.05734653025866 133.98659681621939 41.259761953726411
leaf_count=75552 4234 653 1904 4406 5871 7577 22753 403 543 785 3223 142 2707 1408 1441
internal_value=2.44902e-05 0.00172439 -0.00429287 0.00173786 -0.000862761 0.0019165 -0.00298044 -0.032465 -0.0349612 -0.0219908 -0.0236733 0.0659099 0.067141 0.0639011 0.0523094
internal_weight=22467.9 16120.7 6347.28 5228.11 15496.1 13813.1 4859.28 1119.17 903.785 215.38 1683 624.606 572.76 368.828 51.8458
internal_count=133602 97166 36436 30471 92223 83129 27159 5965 4777 1188 9094 4943 3360 3312 1583
is_linear=0
shrinkage=0.05


Tree=118
num_leaves=16
num_cat=0
split_feature=3 3 3 3 3 3 3 3 2 5 5 2 1 1 2
split_gain=64.651 807.833 387.533 433.015 189.517 1002.91 262.362 134.012 12.6762 8.03888 7.7356 5.78653 4.1932 1.50638 0.318569
threshold=5.9999363954162233 5.0001066880784402 6.0007950474366512 6.9999897041071204 3.9999396960457188 3.0000023189429501 4.0004450093452339 7.0000764381187706 -12.879029313299528 48.500000000000007 70.500000000000014 0.91971643518518531 27.621462880686476 28.180018517551936 1.9626297871594764
decision_type=2 2 2 2 2 2 2 2 2 2 2 2 2 2 2
left_child=1 4 8 13 5 -1 -6 -5 9 -2 -10 12 -3 -4 -13
right_child=2 11 3 7 6 -7 -8 -9 10 -11 -12 14 -14 -15 -16
leaf_value=-0.00081998515957624508 -0.040839518996108 0.080810249479895263 0.070696663299424131 -0.040193806663606946 -0.031247092121834144 0.064902404226249183 0.0026702491902554156 -0.00044822597498267198 -0.030766243619762115 -0.056797146370193077 -0.054574845726013704 0.064929171083031131 0.069496387034503115 0.062538038567074336 0.052954954693254869
leaf_weight=15449.154355384409 204.49660015106201 195.91322030127048 135.00442326255143 231.66904167085886 1105.0441024750471 603.12411192711443 1177.9271816257387 2508.5423539159819 311.77483497187495 128.52378375828266 38.308623433113098 6.8216630890965453 140.72047504037619 97.391115419566631 29.90367560647428
leaf_count=92223 938 869 964 1233 5965 4943 7718 14004 1517 624 192 41 771 827 773
internal_value=2.65918e-05 0.00121494 -0.00605496 0.00174896 -0.000267677 0.00164937 -0.013747 -0.00380849 -0.0400146 -0.0469981 -0.0333716 0.0740248 0.0760808 0.0672776 0.0551791
internal_weight=22364.3 18708.6 3655.71 2972.61 18335.2 16052.3 2282.97 2740.21 683.104 333.02 350.083 373.359 336.634 232.396 36.7253
internal_count=133602 113303 20299 17028 110849 97166 13683 15237 3271 1562 1709 2454 1640 1791 814
is_linear=0
shrinkage=0.05


Tree=119
num_leaves=16
num_cat=0
split_feature=3 3 3 3 3 3 3 0 2 0 5 0 2 0 2
split_gain=63.5336 235.202 84.2888 440.957 121.628 19.9659 23.4448 19.859 19.7351 15.5215 10.9607 4.97698 0.615078 0.114289 0.0152643
threshold=9.9994156256975142 9.000304054078585 7.9999920423029671 7.0000764381187706 8.0000467969291389 10.015470520547924 11.880412499508468 1389.9450000000004 -21.582134405857165 285.91868535086513 13.500000000000002 110.00001998413741 1.9626297871594764 252.51146623455983 5.1031252029458889
decision_type=2 2 2 2 2 2 2 2 2 2 2 2 2 2 2
left_child=1 2 3 -1 -4 7 11 8 -2 -8 -9 -7 13 -3 -14
right_child=5 12 4 -5 -6 6 9 10 -10 -11 -12 -13 14 -15 -16
leaf_value=8.4663355589847402e-05 0.0037690733937011476 0.065486551232991741 -0.024875510718678714 0.068035504575281194 0.014091798247004808 0.023388282376046544 -0.023716027192824826 0.054377232259966525 -0.018129542797560023 0.018958503535481445 0.0027352167517075525 0.071395044946391151 0.055380168827566023 0.062487173271778884 0.051944985450699213
leaf_weight=19787.589383563027 117.23924317955971 83.686006247997284 717.65545234829187 241.66772231366485 277.75169492326677 8.6031578965485114 44.463539816439152 13.469197552651165 840.22498550638556 40.914612896740437 43.322693385183811 14.495210187509654 5.2041672244667998 51.186186969280243 8.5414289776235801
leaf_count=119598 548 505 3675 1819 1749 44 209 82 4225 187 197 89 61 356 258
internal_value=2.72294e-05 0.000641843 0.000198778 0.00090454 -0.0140023 -0.0115636 0.00882477 -0.0137442 -0.0154481 -0.00326569 0.014983 0.0535146 0.0633214 0.0643482 0.0532456
internal_weight=22296 21173.3 21024.7 20029.3 995.407 1122.73 108.477 1014.26 957.464 85.3782 56.7919 23.0984 148.618 134.872 13.7456
internal_count=133602 128021 126841 121417 5424 5581 529 5052 4773 396 279 133 1180 861 319
is_linear=0
shrinkage=0.05


Tree=120
num_leaves=16
num_cat=0
split_feature=3 3 3 3 3 3 3 1 2 0 1 2 1 1 2
split_gain=58.655 750.761 354.997 404.478 186.861 560.338 123.369 20.3944 12.214 14.6965 7.99249 4.72342 3.34331 1.24185 0.268031
threshold=5.9999363954162233 5.0001066880784402 6.0007950474366512 6.9999897041071204 4.9998844824361814 4.0004450093452339 7.0000764381187706 77.596217139483642 -12.879029313299528 51.80175910310988 68.304902571032684 0.91971643518518531 27.621462880686476 28.180018517551936 1.9626297871594764
decision_type=2 2 2 2 2 2 2 2 2 2 2 2 2 2 2
left_child=1 4 8 13 5 -1 -5 -6 10 -10 -2 12 -3 -4 -13
right_child=2 11 3 6 7 -7 -8 -9 9 -11 -12 14 -14 -15 -16
leaf_value=-0.00044969902461909129 -0.047588599444051943 0.078461613818580883 0.069339852368601393 -0.038844569108840522 -0.025238675342660152 0.063037599008064951 -0.00040171427293366309 0.012767096431728972 -0.0097972188735671734 -0.036753670056590006 -0.016963159196063192 0.064004734278948539 0.068219118373080784 0.061799733726170626 0.05280950936405672
leaf_weight=17119.529093358666 304.45293892920017 191.78255700320005 130.86082371883094 227.85361433029175 786.54775287955999 354.75141649693251 2482.3166114715859 36.956568747758865 61.43455233797431 285.71062133833766 22.906680673360825 6.5798662304878226 136.29117175191641 93.713515345007181 28.519337629899383
leaf_count=103131 1467 869 964 1233 4250 3312 14004 156 296 1413 95 41 771 827 773
internal_value=2.66875e-05 0.00115519 -0.00580802 0.00170961 -0.000257712 0.000839179 -0.00363374 -0.0235331 -0.0385169 -0.0319832 -0.0454456 0.0723415 0.0742066 0.0661934 0.0549082
internal_weight=22270.2 18661 3609.25 2934.74 18297.8 17474.3 2710.17 823.504 674.505 347.145 327.36 363.173 328.074 224.574 35.0992
internal_count=133602 113303 20299 17028 110849 106443 15237 4406 3271 1709 1562 2454 1640 1791 814
is_linear=0
shrinkage=0.05


Tree=121
num_leaves=16
num_cat=0
split_feature=4 3 4 3 3 3 0 1 1 0 0 1 2 3 3
split_gain=59.4811 454.625 50.8192 66.1446 881.434 337.761 41.112 36.554 23.2943 3.68466 3.59274 3.30025 0.0887875 0.0161209 0.00101773
threshold=1.0000000180025095e-35 1.00007030468741 2.5000000000000004 1.9999784771843854 1.00007030468741 2.0001367691417618 179.80029184724199 7.3900723787310891 37.280332759082128 214.53069415243854 18.902292600906822 36.557428687037159 4.8278535532277989 2.0001367691417618 2.0001367691417618
decision_type=2 2 2 2 2 2 2 2 2 2 2 2 2 2 2
left_child=1 6 3 4 -2 -5 7 -1 -8 10 -4 -11 13 -3 -14
right_child=2 12 9 5 -6 -7 8 -9 -10 11 -12 -13 14 -15 -16
leaf_value=-0.040647617999447327 -0.0038848559989135933 0.05367830829704813 -0.010260018038555231 -0.022522106092662874 0.057920278810139586 0.00064792209261617167 -0.018781676039245361 0.0025936568978566425 -0.00044261837968515754 -0.022852365735692697 -0.030021767000917601 0.028468424022443314 0.051372792219433305 0.053025232545250038 0.050912358855859575
leaf_weight=49.435209169983864 5005.7782670930028 230.50718282349408 26.515055865049362 1908.9937430992723 652.01291704177856 8933.4193641059101 402.88606551289558 4305.5028220489621 303.66766890510917 6.9032055214047414 173.45826470851898 5.7350264340639114 32.544407131150365 160.14117685332894 19.013155393302441
leaf_count=247 27201 3680 154 10844 6814 53608 2003 20864 1344 40 1033 28 1300 3233 1209
internal_value=2.6941e-05 0.00453531 -0.00145771 -0.00114473 0.00323767 -0.00343156 0.000287719 0.0021028 -0.0108998 -0.0257467 -0.0274015 0.000436183 0.0531532 0.0534106 0.051203
internal_weight=22216.5 5503.7 16712.8 16500.2 5657.79 10842.4 5061.49 4354.94 706.554 212.612 199.973 12.6382 442.206 390.648 51.5576
internal_count=133602 33880 99722 98467 34015 64452 24458 21111 3347 1255 1187 68 9422 6913 2509
is_linear=0
shrinkage=0.05


Tree=122
num_leaves=16
num_cat=0
split_feature=3 3 3 3 3 3 3 0 0 5 5 2 1 1 2
split_gain=57.8224 936.451 360.376 960.734 358.428 539.524 153.667 12.7486 22.5373 8.02483 6.49371 2.88642 1.06098 0.546228 0.0227513
threshold=3.9999396960457188 3.0000023189429501 2.9999721473679828 2.0001367691417618 4.0004450093452339 4.9998844824361814 5.0001066880784402 29.991571209709956 28.184031882493212 15.500000000000002 10.500000000000002 1.9626297871594764 27.870248886152158 27.870248886152158 3.1878455316466447
decision_type=2 2 2 2 2 2 2 2 2 2 2 2 2 2 2
left_child=1 2 3 -1 7 12 -7 8 -2 -9 -4 13 -6 -3 -13
right_child=4 11 10 -5 5 6 -8 9 -10 -11 -12 14 -14 -15 -16
leaf_value=-0.0010645133087066349 -0.038758028123835622 0.066173146830602644 -0.029152766334309205 0.060298044106407704 0.064381638572664657 -0.022615103050187456 0.0012298878315676943 -0.024776722531631559 0.0019814615281320879 -0.034992867467308994 -0.021176592918354234 0.054773199495707428 0.058563600409186081 0.062737675761760925 0.051598050163340972
leaf_weight=13035.17025887873 60.420091018080711 363.03929672762752 314.50764212757349 670.69622781127691 218.2620087354444 815.48460429161787 3940.4276189072989 266.95847337692976 77.48155727237463 686.61046407371759 1352.7075877040625 6.5785265937447539 122.25006273109466 169.8264240026474 39.622136591933668
leaf_count=75552 345 2177 1695 7577 1904 4406 22753 1382 415 3823 7399 86 1408 1183 1497
internal_value=2.80124e-05 0.00161945 -0.00073173 0.00193826 -0.00407466 0.00149428 -0.00285875 -0.0300778 -0.0158681 -0.0321328 -0.0226812 0.0640388 0.0622929 0.0650782 0.0520502
internal_weight=22140 15952.1 15373.1 13705.9 6187.89 5096.42 4755.91 1091.47 137.902 953.569 1667.22 579.066 340.512 532.866 46.2007
internal_count=133602 97166 92223 83129 36436 30471 27159 5965 760 5205 9094 4943 3312 3360 1583
is_linear=0
shrinkage=0.05


Tree=123
num_leaves=16
num_cat=0
split_feature=3 3 3 3 3 3 5 5 0 0 0 0 2 0 2
split_gain=58.4506 220.409 79.6332 230.822 18.0574 21.7102 18.7355 31.9317 14.0264 13.1244 12.7926 4.93194 0.513308 0.0939631 0.012877
threshold=9.9994156256975142 9.000304054078585 8.8742265484437333 8.0000467969291389 10.015470520547924 11.880412499508468 13.500000000000002 8.5000000000000018 285.91868535086513 99.000367664086113 159.90069539935232 89.89961959123751 1.9626297871594764 252.51146623455983 5.1031252029458889
decision_type=2 2 2 2 2 2 2 2 2 2 2 2 2 2 2
left_child=1 2 3 -1 6 11 7 -2 -7 -4 -8 -6 13 -3 -14
right_child=4 12 9 -5 5 8 10 -9 -10 -11 -12 -13 14 -15 -16
leaf_value=2.2335530840085917e-05 -0.0055426672565064665 0.064521197808467587 -0.054680372370160928 0.065185364313684227 -0.014789635498185662 -0.022681012053793952 -0.027054995298011159 0.078464239432143548 0.017938876251074414 -0.023811851187810342 -0.012869974664673177 0.06008628682790064 0.055077922160743656 0.061747748530832564 0.051841791133545569
leaf_weight=20503.154545301571 254.82853688299656 80.64116689376533 61.605024911463261 136.80557370185852 2.468914300203326 44.347657144069672 230.21119847148657 11.837255988270043 40.809391900897026 78.072939936071634 513.41084932908416 20.13487178273499 4.9536094814538947 49.153994873166084 8.1013618540018779
leaf_count=125092 1242 505 286 1103 13 209 1211 54 187 360 2545 120 61 356 258
internal_value=2.99005e-05 0.00062512 0.00019962 0.000454248 -0.0111087 0.00834756 -0.0131839 -0.00181361 -0.00321494 -0.0374264 -0.0172614 0.0519079 0.0625203 0.0634709 0.0530697
internal_weight=22040.5 20922.5 20779.6 20640 1118.05 107.761 1010.29 266.666 85.157 139.678 743.622 22.6038 142.85 129.795 13.055
internal_count=133602 128021 126841 126195 5581 529 5052 1296 396 646 3756 133 1180 861 319
is_linear=0
shrinkage=0.05


Tree=124
num_leaves=16
num_cat=0
split_feature=3 3 3 3 3 3 3 3 2 2 0 1 1 2 2
split_gain=56.7773 411.456 141.095 696.163 265.3 112.154 237.826 54.642 16.098 10.3906 8.50454 1.67768 1.57243 1.2368 0.269374
threshold=7.9999920423029671 7.0000764381187706 5.9999363954162233 5.0001066880784402 6.0007950474366512 8.0000467969291389 8.8742265484437333 9.000304054078585 -11.331174768518517 -13.973947365327396 69.801040906839262 27.870248886152158 27.430382768235663 1.9626297871594764 1.9626297871594764
decision_type=2 2 2 2 2 2 2 2 2 2 2 2 2 2 2
left_child=1 2 3 -1 -4 8 12 -8 9 -2 -10 13 -7 -3 -13
right_child=5 11 4 -5 -6 6 7 -9 10 -11 -12 14 -14 -15 -16
leaf_value=-0.00021907119474129562 -0.022602122909181205 0.071849290979953601 -0.037148415947015651 0.070798646817444175 0.012858368712253399 0.069318401153550979 -0.035662500254908726 -0.0026458187244899601 -0.0049293417642040909 -0.0051523906763793871 -0.035386102133853445 0.062682483994894844 0.058358366408178868 0.051854347895399125 0.051589225907512207
leaf_weight=18099.810551411472 295.19025069475174 124.48168946057558 666.33728675171733 351.78508194535971 440.60557891102508 71.56980765517801 139.2749066054821 1250.151832908392 25.034849487245083 119.98735024034977 271.38314519077539 94.568078549578786 60.296135732904077 8.2462115967646223 5.8085147449746719
leaf_count=110849 1465 616 3271 2454 3024 469 646 6761 134 583 1493 644 634 321 238
internal_value=2.90755e-05 0.000881776 9.47338e-05 0.0011349 -0.0172438 -0.007529 0.000134966 -0.00595538 -0.0239135 -0.0175591 -0.0328138 0.0669182 0.0643069 0.070607 0.0620405
internal_weight=22024.5 19791.6 19558.5 18451.6 1106.94 2232.89 1521.29 1389.43 711.596 415.178 296.418 233.104 131.866 132.728 100.377
internal_count=133602 121417 119598 113303 6295 12185 8510 7407 3675 2048 1627 1819 1103 937 882
is_linear=0
shrinkage=0.05


Tree=125
num_leaves=16
num_cat=0
split_feature=2 2 2 2 2 2 2 1 2 2 2 0 1 1 2
split_gain=56.2626 164.809 85.0373 85.7242 117.409 61.0225 246.485 45.6363 43.8322 25.7538 11.4886 7.69756 6.85006 6.40045 4.05689
threshold=-9.0282882898124175 -8.5055208333333319 -9.3536836759127961 -9.9521817129629611 -9.5222989589322005 -8.0212375097279054 -7.4907696759259244 14.146632331434116 -8.9123185758075962 -8.665496302878994 -8.3431228797489805 49.892028882551436 10.470487896519392 11.849670123288204 -9.1932928240740726
decision_type=2 2 2 2 2 2 2 2 2 2 2 2 2 2 2
left_child=2 8 3 7 -5 10 -7 -1 11 -10 -3 -2 14 -14 -4
right_child=1 5 12 4 -6 6 -8 -9 9 -11 -12 -13 13 -15 -16
leaf_value=-0.0078828354296006323 0.034695288094476494 -0.00076973977052586986 -0.045668023437984817 0.051386977426524573 -0.0043786679717901173 0.049593246010154142 0.0015749931117818362 -0.0003261873123312136 0.076257863757443783 0.038092380625536396 -0.014673616493379586 0.0044458528888969562 0.013969444780763729 -0.019325707732441837 -0.023267190167805152
leaf_weight=2482.5159279499203 31.117411579936743 198.11485907249153 38.833788249641657 181.30163988098502 196.88420016691089 277.93231364712119 6953.6464015711099 10236.74634796381 84.10104913637042 93.169900728389621 594.11817276477814 64.881781432777643 14.867938384413717 494.62993397563696 42.149220928549767
leaf_count=13934 164 1056 222 1056 1057 1584 51742 55253 528 528 3168 364 84 2622 240
internal_value=2.89389e-05 0.00327774 -0.00194036 -0.00110357 0.0223553 0.00197726 0.00342049 -0.00180108 0.0414627 0.0561989 -0.0111967 0.014251 -0.0205011 -0.0183541 -0.0340091
internal_weight=21985 8297.08 13687.9 13097.4 378.186 8023.81 7231.58 12719.3 273.27 177.271 792.233 95.9992 590.481 509.498 80.983
internal_count=133602 59134 74468 71300 2113 57550 53326 69187 1584 1056 4224 528 3168 2706 462
is_linear=0
shrinkage=0.05


Tree=126
num_leaves=16
num_cat=0
split_feature=0 0 0 0 5 5 1 5 4 1 1 0 1 1 1
split_gain=56.4133 129.728 97.0185 78.8353 70.0058 63.1718 40.9145 35.5474 30.4566 24.4066 10.0209 7.13143 5.55372 1.34478 1.15282
threshold=19.899656611312228 19.362092977081733 20.000373659412393 22.900563292141154 4.5000000000000009 68.500000000000014 7.3900723787310891 4.5000000000000009 1.0000000180025095e-35 18.200017859255606 7.4706947426478001 19.900098283442635 7.7152063675123808 18.310366392429287 8.0300740334947758
decision_type=2 2 2 2 2 2 2 2 2 2 2 2 2 2 2
left_child=1 4 7 8 12 -5 -6 14 -4 10 -3 -9 -1 -11 -2
right_child=2 9 3 5 6 -7 -8 11 -10 13 -12 -13 -14 -15 -16
leaf_value=0.022386198126086745 0.077566931257652308 -0.0082764641523496944 0.046631062147789386 -0.0017771292565608564 -0.030123840661659504 0.0059519008186184686 0.0071552397143979547 -0.042664599062119765 0.013287437341077665 -0.025298779013951601 0.094748299329127456 -0.024988570558664117 0.087920993757047816 0.015892863521750775 0.041890972812937709
leaf_weight=3.6604305952787426 5.6842470318078977 2.4657929539680472 107.6138157043606 17099.914690039586 79.305748492479324 3127.1787247010507 1023.2863626005128 141.62667640764266 188.3514796923846 2.8380470573902112 55.16210766043514 95.56604260392487 27.672862280160189 6.5643974989652634 3.763701070100069
leaf_count=17 27 14 536 104408 423 19306 5862 751 1185 18 318 525 133 52 27
internal_value=2.7277e-05 0.0105636 -0.000581962 -0.00020734 0.00656819 -0.000582194 0.00447388 -0.0317544 0.0254113 0.0781532 0.0903401 -0.0355428 0.0802651 0.00345952 0.063355
internal_weight=21970.7 1200.96 20769.7 20523.1 1133.93 20227.1 1102.59 246.641 295.965 67.0303 57.6279 237.193 31.3333 9.40244 9.44795
internal_count=133602 6837 126765 125435 6435 123714 6285 1330 1721 402 332 1276 150 70 54
is_linear=0
shrinkage=0.05


Tree=127
num_leaves=16
num_cat=0
split_feature=3 3 3 3 3 0 5 4 2 0 5 4 4 2 2
split_gain=53.4499 1099.23 331.262 938.289 288.873 90.5285 56.1126 27.7908 23.4678 15.8204 8.11152 1.80605 1.30093 0.979908 0.0541503
threshold=1.9999784771843854 1.00007030468741 2.0001367691417618 2.9999721473679828 3.0000023189429501 89.89961959123751 4.5000000000000009 1.0000000180025095e-35 -17.184866898148144 87.000226945016806 26.500000000000004 1.0000000180025095e-35 1.0000000180025095e-35 0.91971643518518531 3.1878455316466447
decision_type=2 2 2 2 2 2 2 2 2 2 2 2 2 2 2
left_child=1 5 8 11 -5 6 -1 -7 10 -10 -2 -4 14 -14 -3
right_child=2 12 3 4 -6 7 -8 -9 9 -11 -12 -13 13 -15 -16
leaf_value=0.037943278098130778 -0.022124300006196845 0.053526268913949598 0.052035472847555664 -0.021688563331544397 0.001679737301248538 -0.0050502217197855711 0.00060959586099528851 -0.014266450897826972 -0.024339328219067407 -0.013980831130129344 -0.037318664689804423 0.060634177727550566 0.058278884559480618 0.052560671872301672 0.051469601164766836
leaf_weight=102.16370430216193 131.07031865417957 213.22020966373384 68.324603621847928 1650.637778904289 6652.406314891763 1996.0563149005175 6776.9986098371446 1385.890853010118 668.90971315279603 821.05930176004767 266.29473270475864 574.85093565564603 536.88597079366446 87.071891766041517 37.656989314593375
leaf_count=478 712 3516 2148 9094 41379 9688 35083 7665 3980 4647 1505 5429 4542 2272 1464
internal_value=2.54841e-05 0.002458 -0.00247493 0.0015409 -0.00296586 -0.00212887 0.00116405 -0.00882695 -0.0215105 -0.0186312 -0.0323068 0.0597207 0.0562583 0.0574809 0.0532176
internal_weight=21969.5 11135.9 10833.6 8946.22 8303.04 10261.1 6879.16 3381.95 1887.33 1489.97 397.365 643.176 874.835 623.958 250.877
internal_count=133602 64708 68894 58050 50473 52914 35561 17353 10844 8627 2217 7577 11794 6814 4980
is_linear=0
shrinkage=0.05


Tree=128
num_leaves=16
num_cat=0
split_feature=3 3 3 3 3 3 3 5 5 5 5 2 4 1 2
split_gain=55.5456 874.7 325.789 507.041 297.24 852.466 138.577 10.5741 12.6124 9.20497 6.12384 2.39647 1.92541 0.881294 0.0192655
threshold=3.9999396960457188 3.0000023189429501 4.0004450093452339 4.9998844824361814 2.9999721473679828 2.0001367691417618 5.0001066880784402 68.500000000000014 64.500000000000014 70.500000000000014 71.500000000000014 1.9626297871594764 1.0000000180025095e-35 27.870248886152158 3.1878455316466447
decision_type=2 2 2 2 2 2 2 2 2 2 2 2 2 2 2
left_child=1 4 7 13 5 -1 -5 8 -2 -9 -6 12 -3 -4 -13
right_child=2 11 3 6 10 -7 -8 9 -10 -11 -12 14 -14 -15 -16
leaf_value=-0.00096665054997713089 -0.029295936158211702 0.05353146447456987 0.063482259204456257 -0.021706346587608134 -0.021663472854302018 0.059172027198178281 0.0010552619258224123 -0.0045073677933889769 -0.048703668642141568 -0.02654279998515327 -0.010068932534472223 0.054507771910347481 0.064998595274340751 0.058065506314680909 0.051514478878605913
leaf_weight=12958.714152415283 775.46281287074089 39.675986662507057 209.94675410166383 807.75689688324928 1513.0436237454414 617.3351479661651 3884.0641447603703 72.77785038203001 93.842894941568375 135.87914855778217 123.15172512829304 6.2709152810275546 473.1231686770916 116.90137443318963 37.648401753045619
leaf_count=75552 4234 653 1904 4406 8377 7577 22753 403 543 785 717 86 2707 1408 1497
internal_value=2.74485e-05 0.00159441 -0.0040255 0.00133125 -0.000658375 0.001768 -0.00286344 -0.0289649 -0.031391 -0.018857 -0.0207908 0.0631513 0.0641114 0.0615449 0.0519419
internal_weight=21865.6 15769 6096.63 5018.67 15212.2 13576 4691.82 1077.96 869.306 208.657 1636.2 556.718 512.799 326.848 43.9193
internal_count=133602 97166 36436 30471 92223 83129 27159 5965 4777 1188 9094 4943 3360 3312 1583
is_linear=0
shrinkage=0.05


Tree=129
num_leaves=16
num_cat=0
split_feature=3 3 3 3 3 3 3 5 1 5 1 1 1 4 1
split_gain=53.259 383.217 133.183 359.191 102.048 222.356 51.6106 7.17897 6.57151 5.14834 1.95015 1.35832 1.29435 0.144306 0.104265
threshold=7.9999920423029671 7.0000764381187706 6.9999897041071204 6.0007950474366512 8.0000467969291389 8.8742265484437333 9.9994156256975142 5.5000000000000009 34.909251478226636 68.500000000000014 22.951047752824554 27.870248886152158 27.430382768235663 1.0000000180025095e-35 23.249919734517359
decision_type=2 2 2 2 2 2 2 2 2 2 2 2 2 2 2
left_child=1 2 3 -1 7 12 -7 10 -9 -4 -2 14 -6 -13 -3
right_child=4 11 9 -5 5 6 -8 8 -10 -11 -12 13 -14 -15 -16
leaf_value=-0.00017116842909187702 -0.037292799541481639 0.069726905904454059 -0.041348985699872443 0.064939381586405304 0.068013773548213113 0.01356033965875366 -0.010583663354830214 -0.019296750957862863 -0.030358086989154293 -0.02060756903297209 -0.071693888469491748 0.052214156914921983 0.057866433586424876 0.061705876893842951 0.065638656209899809
leaf_weight=18884.489861831069 7.7585633099079159 110.21174709033221 190.08991791307926 214.22098695300519 69.138897118158638 276.32655242085457 1112.3173401094973 506.70244239643216 182.68373422324657 35.506119206547737 8.7837052270770055 4.1862980928272 57.613121553324163 92.151357259601355 18.166384811513126
leaf_count=116574 41 781 1034 1791 469 1826 5581 2758 835 199 41 115 634 767 156
internal_value=2.92817e-05 0.00086292 0.000108011 0.000559145 -0.00730725 7.22768e-06 -0.00577924 -0.023009 -0.0222279 -0.0380845 -0.0555593 0.0657809 0.0634015 0.0612934 0.0691484
internal_weight=21770.3 19549 19324.3 19098.7 2221.32 1515.4 1388.64 705.928 689.386 225.596 16.5423 224.716 126.752 96.3377 128.378
internal_count=133602 121417 119598 118365 12185 8510 7407 3675 3593 1233 82 1819 1103 882 937
is_linear=0
shrinkage=0.05


Tree=130
num_leaves=16
num_cat=0
split_feature=3 3 3 3 3 3 3 3 2 0 1 2 1 1 2
split_gain=54.2183 646.399 294.522 350.692 150.183 821.497 197.095 106.788 12.0998 11.7552 7.3269 3.1322 2.2165 0.828278 0.0238968
threshold=5.9999363954162233 5.0001066880784402 6.0007950474366512 6.9999897041071204 3.9999396960457188 3.0000023189429501 4.0004450093452339 7.0000764381187706 -13.809092574370785 51.80175910310988 68.304902571032684 1.9626297871594764 28.180018517551936 28.180018517551936 3.1878455316466447
decision_type=2 2 2 2 2 2 2 2 2 2 2 2 2 2 2
left_child=1 4 8 13 5 -1 -6 -5 10 -10 -2 12 -3 -4 -13
right_child=2 11 3 7 6 -7 -8 -9 9 -11 -12 14 -14 -15 -16
leaf_value=-0.00061667932391430897 -0.046419440047820518 0.074217619279391731 0.06669772844827894 -0.036801574134840719 -0.027856137369678565 0.062354140316332289 0.0022233173491856568 -0.00056164060863853288 -0.011263785897433 -0.034175479074219063 -0.014813007940571325 0.05575753230242031 0.065663986755873024 0.06026507232787659 0.051760204553006131
leaf_weight=15169.563267072663 245.3397421836853 187.95022601261735 121.41252526827157 221.88746128976345 1064.8682606518269 536.23414744343609 1114.6571510573849 2423.5086081475019 67.603651162236929 325.67803195863962 19.817306101322174 4.56170201674104 126.85383173450828 85.129529891069978 20.727776631712914
leaf_count=92223 1222 903 964 1233 5965 4943 7718 14004 330 1636 83 51 778 827 722
internal_value=2.90083e-05 0.00112496 -0.00566105 0.00129783 -0.000173506 0.0015333 -0.0124728 -0.00360133 -0.0358025 -0.030237 -0.0440572 0.0694108 0.0707708 0.0640464 0.0524812
internal_weight=21735.8 18225.4 3510.38 2851.94 17885.3 15705.8 2179.53 2645.4 658.439 393.282 265.157 340.094 314.804 206.542 25.2895
internal_count=133602 113303 20299 17028 110849 97166 13683 15237 3271 1966 1305 2454 1681 1791 773
is_linear=0
shrinkage=0.05


Tree=131
num_leaves=16
num_cat=0
split_feature=3 3 3 3 3 0 1 1 2 0 0 4 4 2 2
split_gain=52.6541 1037.86 296.465 834.703 236.827 82.0323 68.6419 28.013 22.1592 14.7191 8.0309 1.2929 1.10777 0.83237 0.0464583
threshold=1.9999784771843854 1.00007030468741 2.0001367691417618 2.9999721473679828 3.0000023189429501 89.89961959123751 7.3900723787310891 104.39500000000002 -17.184866898148144 87.000226945016806 17.000362753842605 1.0000000180025095e-35 1.0000000180025095e-35 0.91971643518518531 3.1878455316466447
decision_type=2 2 2 2 2 2 2 2 2 2 2 2 2 2 2
left_child=1 5 8 11 -5 6 -1 -7 10 -10 -2 -4 14 -14 -3
right_child=2 12 3 4 -6 7 -8 -9 9 -11 -12 -13 13 -15 -16
leaf_value=-0.030530728267992958 0.00268223464479787 0.053348678527094497 0.051823967512542993 -0.019891679215965106 0.0014650359827246703 -0.0090683659982787636 0.0019801992484746607 0.019760911651792508 -0.023318580932758858 -0.013280068115659835 -0.032686991282424541 0.059471836533578418 0.057827715196511899 0.052436754287683587 0.051398695604991135
leaf_weight=166.38188369572163 16.769572257995605 203.81375929526985 61.683861867524683 1621.8005474358797 6503.263781005051 3283.5060649067163 6711.3164882957935 86.481469936668873 660.98616477847099 815.89489448443055 373.60657662153244 530.78184386063367 515.36337092146277 83.154973309487104 35.929833859205246
leaf_count=887 104 3516 2148 9094 41379 16969 34674 384 3980 4647 2113 5429 4542 2272 1464
internal_value=2.95544e-05 0.00243782 -0.00249273 0.00138003 -0.00279786 -0.00193772 0.00119371 -0.00832854 -0.0205732 -0.0177729 -0.0311676 0.0586756 0.0559283 0.0570787 0.0530564
internal_weight=21670.7 11085.9 10584.8 8717.53 8125.06 10247.7 6877.7 3369.99 1867.26 1476.88 390.376 592.466 838.262 598.518 239.744
internal_count=133602 64708 68894 58050 50473 52914 35561 17353 10844 8627 2217 7577 11794 6814 4980
is_linear=0
shrinkage=0.05


Tree=132
num_leaves=12
num_cat=0
split_feature=4 3 3 3 3 1 2 5 1 1 4
split_gain=50.7154 58.3116 964.252 270.447 786.524 50.6444 20.8636 5.57531 3.53355 3.96783 0.939501
threshold=2.5000000000000004 1.9999784771843854 1.00007030468741 2.0001367691417618 2.9999721473679828 7.3900723787310891 -17.184866898148144 4.5000000000000009 70.642317328600242 14.970033265185597 1.0000000180025095e-35
decision_type=2 2 2 2 2 2 2 2 2 2 2
left_child=1 2 5 6 -5 -1 -3 -2 9 -9 -4
right_child=7 3 10 4 -6 -7 -8 8 -10 -11 -12
leaf_value=-0.028206543022840248 0.032283982133873186 -0.03011277822662203 0.052898789110618218 0.058192880643385451 -0.002662907083886318 -0.00090077903251840766 -0.0170201544461819 -0.017597954870676464 0.017242256989464515 -0.03214031285665167 0.056689231739931838
leaf_weight=172.7859872803092 4.2365987524390212 384.02145358920097 228.7135774390772 568.12578428443521 8112.5150747708976 9858.7241969406605 1465.4135277159512 75.176945216953754 4.6883486807346335 124.72639739513397 573.13993207924068
leaf_count=930 20 2217 4980 7577 50473 50729 8627 472 23 740 6814
internal_value=3.12298e-05 0.00027092 0.00284633 -0.00237866 0.00131995 -0.0013711 -0.0197387 -0.0244895 -0.0256651 -0.0266714 0.0556081
internal_weight=21572.3 21363.4 10833.4 10530.1 8680.64 10031.5 1849.43 208.828 204.592 199.903 801.854
internal_count=133602 132347 63453 68894 58050 51659 10844 1255 1235 1212 11794
is_linear=0
shrinkage=0.05


Tree=133
num_leaves=16
num_cat=0
split_feature=0 0 0 0 1 2 1 4 1 3 1 2 2 2 1
split_gain=51.4476 113.328 86.8384 70.1774 53.8439 39.3078 31.885 26.9739 21.2173 18.6792 10.7032 7.31252 6.98116 6.67085 5.55722
threshold=19.899656611312228 19.362092977081733 20.000373659412393 22.900563292141154 14.10012666465412 -3.0838136574074069 7.3900723787310891 1.0000000180025095e-35 18.200017859255606 1.9999784771843854 15.099843616247359 0.56414930555555565 1.7304997926774817 -12.879029313299528 14.146632331434116
decision_type=2 2 2 2 2 2 2 2 2 2 2 2 2 2 2
left_child=1 5 10 7 -5 6 -1 -4 11 -7 14 -3 -12 -10 -2
right_child=2 8 3 4 -6 9 -8 -9 13 -11 12 -13 -14 -15 -16
leaf_value=-0.032827987440365983 -0.023765057494086531 0.089593912625786754 0.043954585767309956 -0.0054412475816446983 0.00083550162787423296 0.031434053645331479 0.004491976234394326 0.012490792052567975 -0.061257553617910979 -0.020593972270107282 -0.039210021620195927 0.023267118766864117 -0.10102697230693872 0.031144813605148942 0.014302029097905643
leaf_weight=61.325166746973991 120.6647859942168 53.449787132441998 108.03729040920734 4393.0480111157522 15373.415066230111 180.77530779875815 857.62637656927109 184.35405385028571 2.8394538350403309 19.071331921964884 105.18633504584432 4.5058739809319368 4.7745347898453465 6.258217169903217 10.414841610938309
leaf_count=343 666 269 536 26358 97356 1381 4521 1185 15 190 543 63 55 55 66
internal_value=3.30701e-05 0.0101561 -0.000558281 -0.000199796 -0.000559491 0.00637202 0.00200147 0.0241165 0.0732937 0.026469 -0.0303906 0.0844372 -0.0418941 0.00230532 -0.0207405
internal_weight=21485.7 1185.85 20299.9 20058.9 19766.5 1118.8 918.952 292.391 67.0533 199.847 241.04 57.9557 109.961 9.09767 131.08
internal_count=133602 6837 126765 125435 123714 6435 4864 1721 402 1571 1330 332 598 70 732
is_linear=0
shrinkage=0.05


Tree=134
num_leaves=16
num_cat=0
split_feature=3 3 3 3 3 3 3 1 2 0 1 2 1 1 2
split_gain=48.4009 604.182 269.594 328.516 143.181 461.806 98.1893 19.0786 11.8113 13.0159 7.4766 2.59846 1.81334 0.693464 0.0204294
threshold=5.9999363954162233 5.0001066880784402 6.0007950474366512 6.9999897041071204 4.9998844824361814 4.0004450093452339 7.0000764381187706 77.596217139483642 -12.879029313299528 49.892028882551436 68.304902571032684 1.9626297871594764 27.621462880686476 28.180018517551936 3.1878455316466447
decision_type=2 2 2 2 2 2 2 2 2 2 2 2 2 2 2
left_child=1 4 8 13 5 -1 -5 -6 10 -10 -2 12 -3 -4 -13
right_child=2 11 3 6 7 -7 -8 -9 9 -11 -12 14 -14 -15 -16
leaf_value=-0.00033426449602954808 -0.043602265645797403 0.07260645700745795 0.065680072296611464 -0.035509906005146294 -0.022531800809676164 0.060871188046392258 -0.00048770419345539514 0.014315186527512217 -0.0024835440629110517 -0.031722883952802115 -0.013737070414334874 0.055453288989000496 0.064770060022880827 0.059682305089257842 0.051674109094308134
leaf_weight=16545.650587157346 289.01307091116905 180.52905197069049 117.36461005546153 218.1521242633462 763.66082238405943 314.04015818005428 2422.8549859318882 36.824345245957375 43.713351905345917 294.3414841145277 22.594569355249405 4.3660661578178432 124.89400295168161 81.770160224754363 19.762573530897498
leaf_count=103131 1467 890 964 1233 4250 3312 14004 156 206 1503 95 51 791 827 722
internal_value=3.11356e-05 0.00107651 -0.00535772 0.00128886 -0.000175204 0.00080579 -0.0033806 -0.0208367 -0.0344147 -0.027942 -0.0414367 0.0681541 0.069402 0.0632172 0.0523579
internal_weight=21479.5 17989.7 3489.8 2840.14 17660.2 16859.7 2641.01 800.485 649.662 338.055 311.608 329.552 305.423 199.135 24.1286
internal_count=133602 113303 20299 17028 110849 106443 15237 4406 3271 1709 1562 2454 1681 1791 773
is_linear=0
shrinkage=0.05


Tree=135
num_leaves=16
num_cat=0
split_feature=2 2 2 2 2 2 2 2 2 2 3 3 2 3 5
split_gain=47.6257 203.579 83.546 112.467 64.1077 61.4285 249.885 34.2665 29.5226 28.6885 19.5245 33.6939 13.2017 6.64545 5.10329
threshold=-14.049322916666664 -13.519398148148147 -13.054270833333332 -12.463006115778796 -13.973947365327396 -14.518249506779727 -14.953529089458565 -15.389496527777776 -14.694140142674064 -13.634534876628189 3.9999396960457188 3.0000023189429501 -13.389912566315827 4.042646555119398 59.500000000000007
decision_type=2 2 2 2 2 2 2 2 2 2 2 2 2 2 2
left_child=5 4 12 -4 14 6 7 -1 -8 -6 11 -7 -3 -12 -2
right_child=1 2 3 -5 9 10 8 -9 -10 -11 13 -13 -14 -15 -16
leaf_value=-0.0020174456669023177 0.010878733412667648 -0.00021684085809508692 0.026329502933423583 0.0010331880779153059 0.064004985712323659 -0.012815115094743913 0.079114568030702478 -0.014789461907699876 0.037830999805818701 0.029335785827523126 -0.0433673517177715 0.063265959043256215 -0.014542762628853866 -0.023343788769359063 -0.015086850583969866
leaf_weight=5765.9569059107453 66.883666472509503 193.34206423535943 455.96414180286229 12088.537322802935 169.63715522736311 598.39756548218429 83.247908158227801 577.78353081643581 90.255737820640206 92.049110483378172 52.491462200880051 14.915253013372419 955.88028227165341 196.74720333889127 26.38949379324913
leaf_count=32227 376 1056 2640 81311 1056 3296 528 3168 528 528 297 97 5280 1062 152
internal_value=3.11845e-05 0.00173962 0.00077057 0.00195265 0.039124 -0.00322112 -0.00156155 -0.00318071 0.0576391 0.05181 -0.0157604 -0.0109649 -0.0121326 -0.0275609 0.00353237
internal_weight=21428.5 14048.7 13693.7 12544.5 354.959 7379.8 6517.24 6343.74 173.504 261.686 862.551 613.313 1149.22 249.239 93.2732
internal_count=133602 92399 90287 83951 2112 41203 36451 35395 1056 1584 4752 3393 6336 1359 528
is_linear=0
shrinkage=0.05


Tree=136
num_leaves=16
num_cat=0
split_feature=3 3 3 3 3 3 3 3 2 2 0 1 1 2 2
split_gain=46.727 359.555 112.744 563.892 196.228 92.7838 207.399 52.8374 15.3388 9.93049 7.45057 1.13318 1.08001 0.829773 0.18789
threshold=7.9999920423029671 7.0000764381187706 5.9999363954162233 5.0001066880784402 6.0007950474366512 8.0000467969291389 8.8742265484437333 9.000304054078585 -11.397199074074072 -13.973947365327396 69.801040906839262 27.870248886152158 23.982198772301004 1.9626297871594764 1.9626297871594764
decision_type=2 2 2 2 2 2 2 2 2 2 2 2 2 2 2
left_child=1 2 3 -1 -4 8 12 -8 9 -2 -10 13 -7 -3 -13
right_child=5 11 4 -5 -6 6 7 -9 10 -11 -12 14 -14 -15 -16
leaf_value=-0.00017138341417693602 -0.020513457990305239 0.068971010130502303 -0.033090495557487533 0.066957943414481469 0.011337095241013317 0.067578818711807473 -0.034625539791449764 -0.0021216793950036604 -0.004509209796804972 -0.0031071484425336882 -0.032986836126259245 0.061191256597225713 0.058157094525279673 0.051645719703583608 0.051418629724805133
leaf_weight=17629.761007618625 288.95095780491829 116.98060423880816 640.86545752361417 318.48366095032543 405.99069604557008 57.680021269246936 138.99487029016018 1244.3765436038375 25.098322682082653 114.37427388131618 270.58662350475788 87.383834801614285 64.3505001924932 7.3448768472298971 5.2117161909118286
leaf_count=110849 1465 616 3271 2454 3024 392 646 6761 135 561 1514 644 711 321 238
internal_value=2.93319e-05 0.000820448 8.94842e-05 0.0010198 -0.0158606 -0.00686545 0.000124515 -0.00538752 -0.0219192 -0.0155774 -0.0305696 0.0648287 0.0626104 0.0679475 0.0606412
internal_weight=21416.4 19212 18995.1 17948.2 1046.86 2204.41 1505.4 1383.37 699.01 403.325 295.685 216.921 122.031 124.325 92.5956
internal_count=133602 121417 119598 113303 6295 12185 8510 7407 3675 2026 1649 1819 1103 937 882
is_linear=0
shrinkage=0.05


Tree=137
num_leaves=16
num_cat=0
split_feature=3 3 3 3 3 3 3 5 5 5 1 2 4 1 2
split_gain=46.4813 771.05 267.243 447.796 240.225 714.878 113.936 10.05 12.434 8.68572 6.05124 1.67119 1.33824 0.62836 0.0137786
threshold=3.9999396960457188 3.0000023189429501 4.0004450093452339 4.9998844824361814 2.9999721473679828 2.0001367691417618 5.0001066880784402 68.500000000000014 15.500000000000002 70.500000000000014 104.39500000000002 1.9626297871594764 1.0000000180025095e-35 27.870248886152158 3.1878455316466447
decision_type=2 2 2 2 2 2 2 2 2 2 2 2 2 2 2
left_child=1 4 7 13 5 -1 -5 8 -2 -9 -6 12 -3 -4 -13
right_child=2 11 3 6 10 -7 -8 9 -10 -11 -12 14 -14 -15 -16
leaf_value=-0.00078869286732532844 -0.020513960268893239 0.053141759362785701 0.061932746238235394 -0.019935380394705705 -0.01858902459439616 0.05774260065685273 0.00093208240197474872 -0.0026298309082840019 -0.033342356707656368 -0.024249534171337309 -0.051256850753603339 0.054014936972297957 0.063195645240947271 0.057158562151183381 0.051354164005887604
leaf_weight=12822.043302230537 284.75500425696373 35.79238292016089 194.5025256741792 792.37513560801744 1590.6008830368519 543.79467425495386 3749.1909150187857 71.603330865502357 561.06455159932375 132.28050963580608 14.303142823278902 5.682972937822341 439.75182999670506 106.74546052748337 33.825739523395896
leaf_count=75552 1528 653 1904 4406 9030 7577 22753 403 3249 785 64 86 2707 1408 1497
internal_value=2.91967e-05 0.00146735 -0.00375034 0.0012071 -0.000602067 0.00159268 -0.0027087 -0.0266215 -0.0290235 -0.0166568 -0.0188802 0.061618 0.0624389 0.060241 0.0517369
internal_weight=21378.3 15485.8 5892.52 4842.81 14970.7 13365.8 4541.57 1049.7 845.82 203.884 1604.9 515.053 475.544 301.248 39.5087
internal_count=133602 97166 36436 30471 92223 83129 27159 5965 4777 1188 9094 4943 3360 3312 1583
is_linear=0
shrinkage=0.05


Tree=138
num_leaves=16
num_cat=0
split_feature=2 2 5 5 5 5 2 2 5 2 5 5 2 1 1
split_gain=46.2917 63.5328 46.6175 108.461 73.5654 37.0601 31.4686 84.5542 21.4036 13.2112 10.7211 10.6123 6.72332 5.80909 3.77729
threshold=-3.0838136574074069 -2.4174131944444439 19.500000000000004 20.500000000000004 27.500000000000004 18.500000000000004 -1.9262946269936563 -1.4402601050043982 2.5000000000000004 -3.4886426197409253 4.5000000000000009 27.500000000000004 -2.7910221966287132 8.2228967357593135 18.200017859255606
decision_type=2 2 2 2 2 2 2 2 2 2 2 2 2 2 2
left_child=2 11 5 9 -5 8 10 -8 -1 -4 -3 13 -13 -2 -7
right_child=1 6 3 4 -6 14 7 -9 -10 -11 -12 12 -14 -15 -16
leaf_value=-0.019352624181463354 0.11181900154147423 0.050836216416821262 -0.02606259266982603 0.014529309377118806 -0.0025692152176959998 0.054411099533805268 0.053904305697710368 0.0039441626027732282 0.0029802863279623868 0.042893524764807484 -0.012979202971627416 0.012005675594117011 0.036221571661456238 0.04608817279803612 0.029154690876632545
leaf_weight=109.53139152377844 3.5402038991451255 6.7336311750113955 505.61552521213889 665.17759498395026 11587.483440374956 30.788703946396708 87.591867536306381 2555.5812028781511 5229.4899795241654 7.0427728444337836 291.34741329960525 54.584978353232145 60.357256632298231 66.522351160645485 28.514280185103416
leaf_count=553 17 32 2949 3527 65767 176 528 28508 28720 41 1552 315 347 377 193
internal_value=3.08072e-05 0.00565065 -0.000936459 -0.0025837 -0.00164096 0.00295874 0.003863 0.00559979 0.00252212 -0.0251153 -0.0115376 0.0340711 0.0247217 0.0494095 0.0422672
internal_weight=21289.9 3126.26 18163.6 12765.3 12252.7 5398.32 2941.25 2643.17 5339.02 512.658 298.081 185.005 114.942 70.0626 59.303
internal_count=133602 31676 101926 72284 69294 29642 30620 29036 29273 2990 1584 1056 662 394 369
is_linear=0
shrinkage=0.05


Tree=139
num_leaves=16
num_cat=0
split_feature=3 3 3 3 3 3 3 0 2 0 5 0 2 0 2
split_gain=45.9447 204.98 63.9664 336.718 74.1749 16.2574 19.7533 17.6673 18.1919 12.6933 9.61644 4.90996 0.418744 0.0765375 0.0104985
threshold=9.9994156256975142 9.000304054078585 7.9999920423029671 7.0000764381187706 8.0000467969291389 10.015470520547924 11.880412499508468 1389.9450000000004 -21.582134405857165 285.91868535086513 13.500000000000002 110.00001998413741 1.9626297871594764 252.51146623455983 5.1031252029458889
decision_type=2 2 2 2 2 2 2 2 2 2 2 2 2 2 2
left_child=1 2 3 -1 -4 7 11 8 -2 -8 -9 -7 13 -3 -14
right_child=5 12 4 -5 -6 6 9 10 -10 -11 -12 -13 14 -15 -16
leaf_value=8.8678576253219086e-05 0.0050362954046205147 0.06351799872592534 -0.021007498716876325 0.063903777340102941 0.010487473562965553 0.020739826072035918 -0.020952978295780161 0.052299306099532109 -0.016099546053625135 0.017752712301576927 0.0037910289585134276 0.069106325612933228 0.054732778395941123 0.060956682856211399 0.051721114818285209
leaf_weight=18877.116742059588 116.09423972666264 77.150577114894986 693.06076318025589 208.99765287712216 255.9978772746399 8.4985680617392081 44.095052540302277 13.387768417596815 827.29216728359461 40.763300970196724 43.13845469802618 13.715468171983956 4.6729996874928457 46.895669553428888 7.5998142194002867
leaf_count=119598 548 505 3675 1819 1749 44 209 82 4225 187 197 89 61 356 258
internal_value=2.89547e-05 0.000573231 0.000157475 0.00078747 -0.0125121 -0.00988885 0.008628 -0.0118717 -0.0134985 -0.00235997 0.0152798 0.0506024 0.061678 0.0625497 0.0528678
internal_weight=21278.5 20171.5 20035.2 19086.1 949.059 1106.99 107.072 999.913 943.386 84.8584 56.5262 22.214 136.319 124.046 12.2728
internal_count=133602 128021 126841 121417 5424 5581 529 5052 4773 396 279 133 1180 861 319
is_linear=0
shrinkage=0.05


Tree=140
num_leaves=13
num_cat=0
split_feature=4 3 3 3 3 0 0 5 0 1 0 4
split_gain=45.8624 53.6737 910.613 241.762 697.975 76.6406 14.2706 5.17584 4.19337 3.32846 3.14218 0.797306
threshold=2.5000000000000004 1.9999784771843854 1.00007030468741 2.0001367691417618 2.9999721473679828 89.89961959123751 87.000226945016806 4.5000000000000009 214.53069415243854 14.970033265185597 308.96687596684251 1.0000000180025095e-35
decision_type=2 2 2 2 2 2 2 2 2 2 2 2
left_child=1 2 5 6 -5 -1 -3 -2 9 -9 -10 -4
right_child=7 3 11 4 -6 -7 -8 8 10 -11 -12 -13
leaf_value=0.0017693747069138311 0.03107128555501272 -0.023806868158152621 0.052746723477509354 0.057324646598142272 -0.0024445670638927677 -0.0075391801381542185 -0.014905642744270317 -0.01808939927629221 0.030968143020379691 -0.031707601568492859 -0.01996469997104823 0.056324932407271558
leaf_weight=6719.7768773399293 4.2603349685668936 802.52641197293997 217.56688479799777 520.56111598433927 7919.8084580129944 3295.7366330139339 1025.8695235624909 73.099827282130718 5.6846305802464467 116.18041134625673 6.4798849374055862 547.30577503144741
leaf_count=34663 20 4936 4980 7577 50473 16996 5908 465 31 703 36 6814
internal_value=2.83257e-05 0.000257927 0.00272212 -0.00232904 0.00124171 -0.00129373 -0.0188126 -0.0234661 -0.0246195 -0.0264483 0.00383686 0.0553071
internal_weight=21254.9 21049.2 10780.4 10268.8 8440.37 10015.5 1828.4 205.705 201.445 189.28 12.1645 764.873
internal_count=133602 132347 63453 68894 58050 51659 10844 1255 1235 1168 67 11794
is_linear=0
shrinkage=0.05


Tree=141
num_leaves=16
num_cat=0
split_feature=0 0 0 0 1 1 1 4 1 1 1 2 2 2 2
split_gain=44.5789 99.9717 79.1831 62.022 48.3547 36.4204 93.2508 23.8128 18.3817 9.81868 8.52988 6.13681 5.57852 5.42619 5.33693
threshold=19.899656611312228 19.362092977081733 20.000373659412393 22.900563292141154 14.10012666465412 7.3900723787310891 7.7152063675123808 1.0000000180025095e-35 18.200017859255606 15.099843616247359 7.4706947426478001 -9.5222989589322005 -11.221033929816718 -10.215415138426382 1.7304997926774817
decision_type=2 2 2 2 2 2 2 2 2 2 2 2 2 2 2
left_child=1 5 9 7 -5 13 -7 -4 10 12 -3 -10 -2 -1 -11
right_child=2 8 3 4 -6 6 -8 -9 11 14 -12 -13 -14 -15 -16
leaf_value=-0.052382392926735022 -0.032968145304547496 -0.012475158458323291 0.041246627840400223 -0.0051821274232851135 0.00080845283819681304 0.08966975820069259 0.0055893145287782987 0.011697997218769657 -0.035965897504364783 -0.037876942608243543 0.082592508268157949 0.047456847947293296 -0.011665696253977644 -0.020228855922557239 -0.090457930138714449
leaf_weight=16.7298214584589 50.205036655068398 2.462655469775199 108.63261542655528 4333.308667447418 15129.791506655049 34.099166344851255 1001.4588428023271 183.11417185422033 4.9037260077893734 103.1038291156292 56.320014657918364 4.0050087473355216 79.236897537484765 60.833318047225475 5.0628207381814709
leaf_count=98 287 14 536 26358 97356 194 5807 1185 28 543 318 42 445 336 55
internal_value=3.01699e-05 0.00947041 -0.000527398 -0.000182296 -0.000525304 0.00588273 0.00835794 0.0227005 0.0684664 -0.0292193 0.0786097 0.00153761 -0.019928 -0.0271641 -0.040338
internal_weight=21173.3 1180.81 19992.5 19754.8 19463.1 1113.12 1035.56 291.747 67.6914 237.609 58.7827 8.90873 129.442 77.5631 108.167
internal_count=133602 6837 126765 125435 123714 6435 6001 1721 402 1330 332 70 732 434 598
is_linear=0
shrinkage=0.05


Tree=142
num_leaves=16
num_cat=0
split_feature=4 3 0 0 3 3 0 2 2 1 0 1 2 3 3
split_gain=43.099 338.122 38.6703 71.634 41.8633 636.807 45.9992 33.044 29.9857 22.9477 17.9224 13.1172 0.037898 0.0106739 0.000510328
threshold=1.0000000180025095e-35 1.00007030468741 19.899656611312228 19.362092977081733 1.00007030468741 1.9999784771843854 109.89751402908188 -19.099332742160467 -18.404219850554068 7.3900723787310891 143.0812151972863 18.200017859255606 4.8278535532277989 2.0001367691417618 2.0001367691417618
decision_type=2 2 2 2 2 2 2 2 2 2 2 2 2 2 2
left_child=1 7 3 9 6 -6 -4 10 -9 -2 -1 -5 13 -3 -14
right_child=2 12 4 11 5 -7 -8 8 -10 -11 -12 -13 14 -15 -16
leaf_value=-0.0052110619441107266 -0.023639257494237936 0.052822219316326052 -0.0032286237366565096 0.07994964981709228 0.055957738160400484 -0.0028312006518313453 -0.015446376600057028 0.037627758476575901 0.0017505206924519998 0.0083252562507118901 -0.024632617289271658 0.0044121735211646394 0.051057030985750075 0.052208318035043104 0.050677170723819442
leaf_weight=513.08950065076351 61.180895872414112 182.11732409708202 3615.8217557966709 40.486822471953928 483.06604389380664 9919.7251234017313 978.96134250238538 59.035843804478645 4316.1168618947268 682.70137484231964 154.57237303256989 6.698002719320356 25.334403976798058 115.84422769211233 13.581982030998914
leaf_count=2256 352 3680 19841 231 6345 63276 5518 258 21252 4102 692 57 1300 3233 1209
internal_value=2.83497e-05 0.00389339 -0.00128859 0.00948574 -0.0018569 -0.000101266 -0.00583173 0.000653519 0.00223463 0.00569632 -0.0097074 0.0692269 0.0523919 0.0525835 0.0509245
internal_weight=21168.3 5379.69 15788.6 791.067 14997.6 10402.8 4594.78 5042.81 4375.15 743.882 667.662 47.1848 336.878 297.962 38.9164
internal_count=133602 33880 99722 4742 94980 69621 25359 24458 21510 4454 2948 288 9422 6913 2509
is_linear=0
shrinkage=0.05


Tree=143
num_leaves=16
num_cat=0
split_feature=5 5 5 5 5 5 5 5 0 5 1 0 3 4 1
split_gain=42.3844 269.929 109.18 228.485 89.0833 85.9217 61.4138 52.2983 49.8784 32.7642 22.991 21.295 11.6379 5.27062 3.81932
threshold=68.500000000000014 69.500000000000014 48.500000000000007 44.500000000000007 72.500000000000014 42.500000000000007 71.500000000000014 53.500000000000007 14.50159637566871 52.500000000000007 17.543712903682025 54.232192125466725 1.0136820923999696 1.0000000180025095e-35 22.951047752824554
decision_type=2 2 2 2 2 2 2 2 2 2 2 2 2 2 2
left_child=2 12 3 5 6 -1 -3 9 -9 -4 -6 -5 13 -2 -14
right_child=1 4 7 11 10 -7 -8 8 -10 -11 -12 -13 14 -15 -16
leaf_value=0.0019934322760041252 0.082709510581782442 0.0042795605645510621 -0.012598302513918145 0.066578602288984476 -0.0038593020214830864 -0.0099695301840616139 0.026441956704351344 0.033711076683129532 -0.0049733459193099933 -0.035909932981279195 -0.019504941611757386 0.034111061860080234 0.053130181550063008 0.11345554159192797 0.078372824892497361
leaf_weight=10711.719466575887 32.549879595637321 1810.0183326955885 1200.6030253684148 59.505950164981186 597.89832700463012 1745.5345320799388 377.84093456389382 85.347166333347559 3518.3585558566265 172.36782634956762 386.65350280981511 333.80951403593644 33.571922242641449 24.378124509006739 27.066000702790916
leaf_count=67321 181 11214 7314 447 3769 11190 2615 500 22479 1012 2363 2376 390 129 302
internal_value=2.90736e-05 0.00524343 -0.000933223 0.00150183 0.00248638 0.000317159 0.00810698 -0.00722091 -0.00405718 -0.0155249 -0.0100037 0.0390232 0.0796399 0.0958758 0.0643973
internal_weight=21117.2 3289.98 17827.2 12850.6 3172.41 12457.3 2187.86 4976.68 3603.71 1372.97 984.552 393.315 117.566 56.928 60.6379
internal_count=133602 20963 112639 81334 19961 78511 13829 31305 22979 8326 6132 2823 1002 310 692
is_linear=0
shrinkage=0.05


Tree=144
num_leaves=16
num_cat=0
split_feature=2 2 2 2 2 2 2 2 2 2 2 0 1 0 2
split_gain=41.1892 143.71 75.237 71.647 102.138 48.4917 146.954 39.2472 38.3906 24.1433 12.7253 7.04747 6.23086 6.16866 3.81679
threshold=-9.0282882898124175 -8.5055208333333319 -9.3536836759127961 -9.9521817129629611 -9.5222989589322005 -8.0911805555555532 -7.4907696759259244 -8.9123185758075962 -10.371619989198537 -8.665496302878994 -8.3431228797489805 49.892028882551436 10.470487896519392 30.900569770576464 -9.1932928240740726
decision_type=2 2 2 2 2 2 2 2 2 2 2 2 2 2 2
left_child=2 7 3 8 -5 10 -7 11 -1 -9 -3 -2 14 -14 -4
right_child=1 5 12 4 -6 6 -8 9 -10 -11 -12 -13 13 -15 -16
leaf_value=-0.0008667563775983444 0.033047215982256128 -0.00035129941608947712 -0.044342898832053085 0.049073726198183343 -0.0042208865197969009 0.033880616129215682 0.0011729840591193066 0.074528353941436129 -0.013198160492770708 0.036302505570233255 -0.015628884645832872 0.0036426864028685385 -0.032877918837460711 -0.015395772639494088 -0.022095690479461916
leaf_weight=11516.274103047326 30.452413715422153 190.97613689862192 36.888420334085822 171.11672942526639 189.41130143404007 361.94929878041148 6707.2169221197255 77.205328993499279 667.75775692611933 88.836802972480655 476.0869981367141 61.590461792424321 57.131749290972948 432.04869185574353 40.386347085237503
leaf_count=65491 164 1056 222 1056 1057 2112 51742 528 3696 528 2640 364 318 2388 240
internal_value=2.73441e-05 0.00285608 -0.00169745 -0.000892588 0.0210742 0.00163164 0.00284765 0.0395595 -0.00154259 0.0540765 -0.011255 0.0133712 -0.0195218 -0.0174375 -0.0327158
internal_weight=21105.3 7994.31 13111 12544.6 360.528 7736.23 7069.17 258.085 12184 166.042 667.063 92.0429 566.455 489.18 77.2748
internal_count=133602 59134 74468 71300 2113 57550 53854 1584 69187 1056 3696 528 3168 2706 462
is_linear=0
shrinkage=0.05


Tree=145
num_leaves=16
num_cat=0
split_feature=4 3 3 3 3 0 2 5 0 0 0 5 2 5 4
split_gain=40.8867 43.408 816.716 218.911 652.487 64.8187 19.8295 4.87157 7.8891 7.36066 4.21796 3.69763 3.24412 2.17529 0.581959
threshold=2.5000000000000004 1.9999784771843854 1.00007030468741 2.0001367691417618 2.9999721473679828 174.44194073663132 -17.184866898148144 7.5000000000000009 92.883525305336562 137.7903318936562 69.99023507580354 70.500000000000014 6.4396123855078971 6.5000000000000009 1.0000000180025095e-35
decision_type=2 2 2 2 2 2 2 2 2 2 2 2 2 2 2
left_child=1 2 5 6 -5 -1 -3 8 10 12 -2 -11 -9 -10 -4
right_child=7 3 14 4 -6 -7 -8 9 13 11 -12 -13 -14 -15 -16
leaf_value=0.00024475185417547344 -0.0059428253848787674 -0.028160447250532607 0.052470271605271394 0.056959672302986299 -0.0021841670952429796 -0.012541064310593479 -0.015207457639153224 -0.029817313873156899 -0.061114931861732162 -0.0097569578653134252 0.034325326527481596 0.042401829936710475 -0.08398610270834489 -0.019985031921949233 0.055676882955371793
leaf_weight=8879.4849393740296 22.641862854361538 372.02485327422619 197.27243631333113 495.59908027900383 7896.0845284266397 1115.812138710171 1435.8276485353708 131.70068380236626 6.5064395740628225 19.111097119748596 9.1234635189175588 4.1326534599065772 2.8232566937804213 6.3541951254010201 500.43147081602365
leaf_count=46091 129 2217 4980 7577 50473 5568 8627 832 38 114 52 27 26 37 6814
internal_value=2.57404e-05 0.000242399 0.00246827 -0.00209116 0.00130877 -0.00118258 -0.017873 -0.0223393 -0.00775379 -0.0264649 0.00562277 -0.000483317 -0.0309542 -0.0407934 0.0547702
internal_weight=21094.9 20892.5 10693 10199.5 8391.68 9995.3 1807.85 202.394 44.626 157.768 31.7653 23.2438 134.524 12.8606 697.704
internal_count=133602 132347 63453 68894 58050 51659 10844 1255 256 999 181 141 858 75 11794
is_linear=0
shrinkage=0.05


Tree=146
num_leaves=16
num_cat=0
split_feature=3 3 3 3 1 0 1 0 1 1 1 3 1 2 2
split_gain=38.8336 193.641 61.9235 177.325 25.6476 19.4705 13.662 12.3397 8.79199 22.5728 8.69601 2.97194 0.597128 0.247708 0.0961541
threshold=9.9994156256975142 9.000304054078585 8.8742265484437333 8.0000467969291389 29.490081319253317 124.99050503902224 179.96659140238188 99.000367664086113 15.126405060816102 17.631706573720034 31.481485425818082 10.015470520547924 23.982198772301004 1.9626297871594764 1.9626297871594764
decision_type=2 2 2 2 2 2 2 2 2 2 2 2 2 2 2
left_child=1 2 3 -1 8 10 -7 -4 11 -10 -6 -2 13 -3 -14
right_child=4 12 7 -5 5 6 -8 -9 9 -11 -12 -13 14 -15 -16
leaf_value=-1.2659567746710224e-06 -0.032189173918932737 0.065535692284205554 -0.050163583684761093 0.061823883056148603 0.025954961104180913 2.4939061351660937e-05 0.037262547123469672 -0.020067963233864283 0.0057824920958670419 -0.020496666505411064 -0.030526122032655686 0.0016714458826915198 0.05854514109455098 0.053100683815645248 0.052520848792983466
leaf_weight=19533.043450008146 97.885051608085632 57.158270981162786 60.359495379030704 116.67163424566388 7.5532843694090834 461.11929158121347 26.021529376506805 78.168169420212507 109.66328313946724 320.63658501207829 69.703549958765507 6.9396446347236624 62.343572011217475 4.3066091742366543 7.410996923223137
leaf_count=125092 551 325 286 1103 36 2150 110 360 605 1770 327 32 536 109 210
internal_value=2.74931e-05 0.000532423 0.000130979 0.000365825 -0.00912005 -0.00168428 0.00201405 -0.0331813 -0.0169626 -0.0137993 -0.0250041 -0.0299475 0.0610713 0.0646644 0.0579051
internal_weight=21019 19919.5 19788.2 19649.7 1099.52 564.398 487.141 138.528 535.125 430.3 77.2568 104.825 131.219 61.4649 69.7546
internal_count=133602 128021 126841 126195 5581 2623 2260 646 2958 2375 363 583 1180 434 746
is_linear=0
shrinkage=0.05


Tree=147
num_leaves=16
num_cat=0
split_feature=2 2 5 5 5 2 2 2 5 2 3 5 5 0 5
split_gain=38.3306 148.803 73.6337 91.4687 62.4989 50.9552 177.395 72.1961 41.3085 20.9879 12.1261 8.95603 8.38321 6.68252 2.12951
threshold=-11.987926193718144 -11.615479512338814 68.500000000000014 69.500000000000014 41.500000000000007 -12.463006115778796 -12.879029313299528 -12.688208256122648 70.500000000000014 -11.836502613668287 1.0536477022599795 14.500000000000002 2.5000000000000004 138.90067844849082 64.500000000000014
decision_type=2 2 2 2 2 2 2 2 2 2 2 2 2 2 2
left_child=5 9 4 -4 -3 6 8 -8 -1 14 -11 12 -7 -13 -2
right_child=1 2 3 -5 -6 11 7 -9 -10 10 -12 13 -14 -15 -16
leaf_value=-0.0011466725139424941 0.035804496622762118 0.0031495249609116657 0.071900633099144531 0.0085286760948763835 -0.0052704915692070265 -0.07633685479590728 0.078149790191873209 0.021710847719756645 -0.012726725048417493 0.086762059516194937 0.048355581639783124 -0.012812397104158355 -0.0024167603314836604 -0.023325526459371547 0.017825322328463088
leaf_weight=8023.4684311915189 67.944077558815479 5078.6806274726987 58.885700288694352 1723.3459909870289 3893.3964752773754 3.9124578535556784 82.448047874495387 181.17624862864614 851.88672962039709 38.742486104369164 43.771395109593868 528.54275700449944 195.06680500693619 211.69271276332438 21.738940680399537
leaf_count=45708 404 35206 636 11676 27457 18 528 1056 4999 165 363 2984 1069 1209 124
internal_value=2.66704e-05 0.002078 0.00133966 0.0106225 -0.000504307 -0.00219733 -0.00105758 0.039362 -0.00225817 0.04819 0.0663885 -0.0132875 -0.00387022 -0.0158189 0.0314464
internal_weight=21004.7 10926.5 10754.3 1782.23 8972.08 10078.2 9138.98 263.624 8875.36 172.197 82.5139 939.215 198.979 740.235 89.683
internal_count=133602 76031 74975 12312 62663 57571 52291 1584 50707 1056 528 5280 1087 4193 528
is_linear=0
shrinkage=0.05


Tree=148
num_leaves=12
num_cat=0
split_feature=4 4 5 5 5 3 1 5 1 5 3
split_gain=37.254 39.5427 40.7886 278.346 87.6728 19.6437 15.6334 4.59227 3.28581 3.6284 0.060623
threshold=2.5000000000000004 1.5000000000000002 41.500000000000007 39.500000000000007 68.500000000000014 1.00007030468741 32.26104018412498 4.5000000000000009 70.642317328600242 7.5000000000000009 3.0661020365069187
decision_type=2 2 2 2 2 2 2 2 2 2 2
left_child=1 2 3 -1 -4 6 -3 -2 9 -9 -7
right_child=7 5 4 -5 -6 10 -8 8 -10 -11 -12
leaf_value=0.00087217899593628042 0.029793580871177297 0.018123199009762305 -0.005050803009943359 0.05207955189203041 0.0048096677461047545 0.055729464043232084 -0.015465409105402126 -0.0099811980302716586 0.019044290932685826 -0.027065974635655694 0.062488819512468152
leaf_weight=9344.3043906083331 4.2790324613451949 258.96374488249421 7652.2626819005236 273.13234219420701 3195.7206927416846 25.357358288019899 39.992535978555679 39.056539744138718 4.6319065466523162 152.10542142391205 3.816412021405994
leaf_count=58452 20 1432 49163 2217 20496 347 199 230 23 982 41
internal_value=2.52539e-05 0.00023186 -4.42307e-05 0.00232645 -0.00214599 0.0174516 0.0136299 -0.0214472 -0.0225671 -0.0235754 0.0566137
internal_weight=20993.6 20793.6 20465.4 9617.44 10848 328.13 298.956 200.073 195.794 191.162 29.1738
internal_count=133602 132347 130328 60669 69659 2019 1631 1255 1235 1212 388
is_linear=0
shrinkage=0.05


Tree=149
num_leaves=16
num_cat=0
split_feature=5 5 5 5 5 2 5 1 1 3 1 1 3 2 3
split_gain=38.7971 108.271 200.76 88.0072 210.362 60.5342 48.0803 20.6769 15.2812 13.957 10.8136 19.0869 16.2231 10.1327 8.00746
threshold=72.500000000000014 68.500000000000014 69.500000000000014 48.500000000000007 44.500000000000007 -13.973947365327396 49.500000000000007 7.7805521634449102 1.0000000180025095e-35 5.9999363954162233 17.543712903682025 14.000217849829829 1.00007030468741 -5.2395196759259255 1.0136820923999696
decision_type=2 2 2 2 2 2 2 2 2 2 2 2 2 2 2
left_child=1 3 14 4 -1 -4 -5 8 9 -2 11 -9 -12 -10 -3
right_child=7 2 5 6 -6 -7 -8 10 13 -11 12 -13 -14 -15 -16
leaf_value=0.00022586585117928489 -0.036106079631528142 0.088550588055680057 -0.0052549006112974448 -0.016040597730454739 0.037497954850177824 0.012845831376443868 -0.0039442497950521842 -0.02020952717072258 0.0073914651010115297 0.044225138752565743 -0.035132830843977489 0.00042687367450303782 -0.012223735451406308 0.042792558389573181 0.062086699598417061
leaf_weight=12390.710521548986 25.704705055803061 57.090956300497055 664.27441930770874 1041.3159171426669 390.49587874952704 1516.1462643891573 3891.2323517408222 180.15229050116614 52.347697135061026 6.8474972806870928 107.48619105666876 296.40158914029598 274.97527831606567 32.9274512976408 57.246458239387721
leaf_count=78511 174 310 3756 6289 2823 10073 25016 1129 323 41 565 1902 1798 200 692
internal_value=2.40255e-05 0.00049905 0.010718 -0.000824776 0.00136462 0.00733137 -0.00649792 -0.00970584 0.00993582 -0.0192081 -0.0124 -0.00737433 -0.0186621 0.021061 0.0753006
internal_weight=20985.4 20008.5 2294.76 17713.8 12781.2 2180.42 4932.55 976.843 117.827 32.5522 859.015 476.554 382.461 85.2751 114.337
internal_count=133602 127470 14831 112639 81334 13829 31305 6132 738 215 5394 3031 2363 523 1002
is_linear=0
shrinkage=0.05


Tree=150
num_leaves=15
num_cat=0
split_feature=4 3 0 0 0 3 0 5 5 5 1 1 3 3
split_gain=36.6828 308.235 32.7972 63.8092 38.0863 33.797 28.687 28.575 27.7753 24.1737 22.3945 11.4759 0.00875894 0.00607542
threshold=1.0000000180025095e-35 1.00007030468741 19.899656611312228 19.362092977081733 20.000373659412393 2.0001367691417618 273.27432783995812 4.5000000000000009 68.500000000000014 4.5000000000000009 24.251417996760285 18.200017859255606 11.880412499508468 2.0001367691417618
decision_type=2 2 2 2 2 2 2 2 2 2 2 2 2 2
left_child=1 6 3 7 9 -6 8 -2 -1 -4 -8 -5 13 -3
right_child=2 12 4 11 5 -7 10 -9 -10 -11 -12 -13 -14 -15
leaf_value=-4.3011468789156804e-05 0.067135697053970364 0.052344817586042286 0.056442077530672402 0.074826974429064122 -0.0041265972908239709 0.00069682586658665832 -0.035574174758402528 0.0035822720726825263 0.010436952294440402 -0.030686697160073346 -0.0059206376564930295 0.0038636171667182002 0.057079125946075421 0.051888350839028652
leaf_weight=3946.9334148541093 18.13014217466116 187.52411522343755 8.4055780004709941 40.853969263378531 6579.061490460299 8106.5032998127863 85.691163904964924 723.19978971406817 752.82841778546572 150.46909094881266 247.74409122020006 6.6203981675207606 0.91034545004367728 119.25040444126353
leaf_count=19234 90 4980 49 231 41178 52824 441 4364 3679 929 1104 57 9 4433
internal_value=2.26473e-05 0.00360013 -0.00119955 0.00873529 -0.00172747 -0.00146404 0.00063027 0.00513655 0.00163571 -0.026077 -0.0135414 0.064931 0.0521819 0.0521674
internal_weight=20974.1 5340.88 15633.2 788.804 14844.4 14685.6 5033.2 741.33 4699.76 158.875 333.435 47.4744 307.685 306.775
internal_count=133602 33880 99722 4742 94980 94002 24458 4454 22913 978 1545 288 9422 9413
is_linear=0
shrinkage=0.05


Tree=151
num_leaves=16
num_cat=0
split_feature=3 3 3 3 1 0 1 0 2 0 0 1 1 2 2
split_gain=35.5098 181.379 56.4988 165.939 23.6797 16.8092 12.9054 11.9328 10.7544 12.445 7.07565 7.03457 0.495347 0.204348 0.0803505
threshold=9.9994156256975142 9.000304054078585 8.8742265484437333 8.0000467969291389 27.621462880686476 124.99050503902224 140.01478320893185 483.8523773600275 -21.212540509259256 205.00179680239626 134.65600934883898 32.701040215163509 23.982198772301004 1.9626297871594764 1.9626297871594764
decision_type=2 2 2 2 2 2 2 2 2 2 2 2 2 2 2
left_child=1 2 3 -1 8 11 -7 -4 9 -2 -10 -6 13 -3 -14
right_child=4 12 7 -5 5 6 -8 -9 10 -11 -12 -13 14 -15 -16
leaf_value=3.8415808398824589e-07 -0.019252229987698502 0.06453829511517184 -0.035736232196366367 0.061139491260592996 0.0062379278686298563 -0.0011877961651889041 0.026175513884641434 0.022860359600909593 -0.010546394417414534 0.029207607739431814 -0.023806263392287849 -0.030571708500219924 0.058043397404513988 0.052953378204922685 0.052386311417399301
leaf_weight=19481.460948837455 26.98807792365551 55.047083344310522 128.52145384997129 111.61705040093511 16.240389414131641 465.69432153552771 47.483472507447004 9.3183038346469385 152.74488497339189 26.023798167705536 294.74158986285329 64.640083812177181 59.410659950226545 4.0892559783533207 7.0183747438713899
leaf_count=125092 148 325 595 1103 78 2188 205 51 870 136 1652 304 536 109 210
internal_value=2.21899e-05 0.000505482 0.000124264 0.000348679 -0.00874527 -0.00199492 0.00134408 -0.031775 -0.0167575 0.00453695 -0.0192801 -0.0231805 0.0604088 0.0637372 0.0574457
internal_weight=20951 19856.5 19730.9 19593.1 1094.56 594.058 513.178 137.84 500.498 53.0119 447.486 80.8805 125.565 59.1363 66.429
internal_count=133602 128021 126841 126195 5581 2775 2393 646 2806 284 2522 382 1180 434 746
is_linear=0
shrinkage=0.05


Tree=152
num_leaves=16
num_cat=0
split_feature=2 2 0 2 4 4 4 0 3 2 0 1 0 1 1
split_gain=35.2889 56.9753 30.1135 31.6526 28.7901 45.485 29.2001 27.6144 12.0586 9.67418 6.97884 5.2946 3.77211 3.41124 2.04128
threshold=-3.0838136574074069 -2.4174131944444439 19.899656611312228 -1.9262946269936563 2.5000000000000004 1.5000000000000002 1.0000000180025095e-35 14.50159637566871 1.9999784771843854 -2.7910221966287132 69.900110831602078 8.2228967357593135 214.53069415243854 7.4706947426478001 36.557428687037159
decision_type=2 2 2 2 2 2 2 2 2 2 2 2 2 2 2
left_child=4 9 8 -4 5 6 -1 -7 -3 10 -2 -11 13 -6 -14
right_child=1 2 3 -5 12 7 -8 -9 -10 11 -12 -13 14 -15 -16
leaf_value=0.0025474902180180961 0.0052672785921022607 0.026537024784322578 -0.014288021817306465 0.003706829725949197 0.018063629315900481 0.090311084709583572 -0.0021468195341125002 0.016050442635660005 -0.014723115976729274 0.075852072784205776 0.033055301791741813 0.039113471798794215 -0.013222683406672407 -0.024138741494491495 0.029332616637788318
leaf_weight=4449.8037659935653 40.966980792582035 173.54136078897864 271.71936360932887 2428.1159830158576 4.9362522885203353 13.153075926005839 12963.350851152092 259.55006594955921 19.72052465705201 11.182610154151915 50.382628222927451 79.710179382935166 5.9330326765775663 159.71468690782785 5.367168128490448
leaf_count=24417 219 1402 1482 27515 33 70 74857 1465 221 60 309 468 36 1023 25
internal_value=2.16278e-05 0.00496868 0.00326059 0.00189577 -0.000830126 -0.000629903 -0.000947223 0.0196322 0.0223268 0.0320845 0.0205934 0.0436335 -0.0209556 -0.0228735 0.00698948
internal_weight=20937.1 3075.34 2893.1 2699.84 17861.8 17685.9 17413.2 272.703 193.262 182.242 91.3496 90.8928 175.951 164.651 11.3002
internal_count=133602 31676 30620 28997 101926 100809 99274 1535 1623 1056 528 528 1117 1056 61
is_linear=0
shrinkage=0.05


Tree=153
num_leaves=16
num_cat=0
split_feature=5 5 5 5 5 5 1 1 1 3 0 0 0 0 1
split_gain=35.5823 95.7259 183.768 79.124 189.269 55.1444 46.7295 18.59 13.6982 12.7786 10.3217 29.9711 6.97673 6.40494 0.0373483
threshold=72.500000000000014 68.500000000000014 69.500000000000014 48.500000000000007 44.500000000000007 71.500000000000014 31.020229187264682 7.7805521634449102 1.0000000180025095e-35 5.9999363954162233 27.900655972598823 28.937721427220605 49.892028882551436 45.002927129214122 15.740035634663046
decision_type=2 2 2 2 2 2 2 2 2 2 2 2 2 2 2
left_child=1 3 12 4 -1 -4 -5 8 9 -2 14 -12 -3 -10 -9
right_child=7 2 5 6 -6 -7 -8 10 13 -11 11 -13 -14 -15 -16
leaf_value=0.0002243300092045457 -0.034959515060463277 0.091264280662036831 0.0032391002943863456 -0.0089805827488704561 0.035634591760308365 0.024298776733745198 0.0022765247046656841 -0.071050858743994527 0.0012515553958926012 0.041944180370451542 0.10889174639429036 -0.012091275394230086 0.06416929658675756 0.029914428488773227 -0.064133747172139252
leaf_weight=12362.635475121904 25.249817605130374 34.045438583474606 1802.5963347451761 3683.3002338674851 389.24646437959746 375.61133098974824 1229.6551546663977 4.7451745718717557 30.120146747678518 6.871728502213954 5.1504642963409415 840.54310160456225 78.627831181976944 55.225643817335367 3.3146177530288696
leaf_count=78511 174 289 11214 23852 2823 2615 7453 26 187 41 30 5318 713 336 20
internal_value=2.03825e-05 0.000475223 0.0100915 -0.000771866 0.00130522 0.00687064 -0.00616306 -0.00932525 0.00932385 -0.0185076 -0.0118912 -0.0113545 0.0723563 0.0197988 -0.0682062
internal_weight=20926.9 19955.7 2290.88 17664.8 12751.9 2178.21 4912.96 971.221 117.467 32.1215 853.753 845.694 112.673 85.3458 8.05979
internal_count=133602 127470 14831 112639 81334 13829 31305 6132 738 215 5394 5348 1002 523 46
is_linear=0
shrinkage=0.05


Tree=154
num_leaves=16
num_cat=0
split_feature=3 3 3 3 3 3 3 2 5 1 5 1 1 2 2
split_gain=34.5181 315.332 101.343 292.687 72.7973 167.667 40.6978 14.7995 11.4916 8.32827 4.85932 0.806069 0.644262 0.484819 0.188831
threshold=7.9999920423029671 7.0000764381187706 6.9999897041071204 6.0007950474366512 8.0000467969291389 8.8742265484437333 9.000304054078585 -10.731469147436741 69.500000000000014 43.540176772727769 68.500000000000014 23.249919734517359 27.430382768235663 1.3435045286122811 1.9626297871594764
decision_type=2 2 2 2 2 2 2 2 2 2 2 2 2 2 2
left_child=1 2 3 -1 7 12 -7 9 -9 -2 -4 13 -6 -3 -13
right_child=4 11 10 -5 5 6 -8 8 -10 -11 -12 14 -14 -15 -16
leaf_value=-0.00021321255223290104 -0.010210165189428541 0.067199473475189356 -0.037491822178707904 0.062351013065095065 0.063976637705784448 -0.030277367911661596 -0.0015434978352905895 -0.034375573423248242 -0.0092907188053604137 -0.028133507352793782 -0.016856130364722499 0.060526953170831149 0.056165764039767731 0.052318566172554842 0.05134053451165535
leaf_weight=18175.981009783223 338.44805082678795 93.780330738052726 179.6265090405941 188.87807000754401 59.864362869877368 137.20462908968329 1210.0669455239549 204.43488273024559 58.783776096999645 80.163312360644341 33.91476484388113 94.514145294204354 47.226752420887351 5.8127034706994882 5.9459018474444738
leaf_count=116574 1802 520 1034 1791 469 646 6761 1171 341 361 199 735 634 261 303
internal_value=1.92753e-05 0.000704383 3.20369e-05 0.000430245 -0.00600324 0.000316645 -0.00446972 -0.0194837 -0.0287735 -0.0136425 -0.0342144 0.0631433 0.0605321 0.066331 0.0599832
internal_weight=20914.6 18778.5 18578.4 18364.9 2136.19 1454.36 1347.27 681.83 263.219 418.611 213.541 200.053 107.091 99.593 100.46
internal_count=133602 121417 119598 118365 12185 8510 7407 3675 1512 2163 1233 1819 1103 781 1038
is_linear=0
shrinkage=0.05


Tree=155
num_leaves=16
num_cat=0
split_feature=3 3 3 3 3 3 3 3 2 0 1 2 1 1 2
split_gain=35.5005 527.487 222.296 281.645 110.897 724.242 160.32 83.7887 10.8922 9.97877 6.78302 1.78606 1.29291 0.487743 0.102497
threshold=5.9999363954162233 5.0001066880784402 6.0007950474366512 6.9999897041071204 3.9999396960457188 3.0000023189429501 4.0004450093452339 7.0000764381187706 -13.809092574370785 51.80175910310988 68.304902571032684 0.91971643518518531 28.180018517551936 27.621462880686476 1.9626297871594764
decision_type=2 2 2 2 2 2 2 2 2 2 2 2 2 2 2
left_child=1 4 8 13 5 -1 -6 -5 10 -10 -2 12 -3 -4 -13
right_child=2 11 3 7 6 -7 -8 -9 9 -11 -12 14 -14 -15 -16
leaf_value=-0.00074374801764600013 -0.042016194999690663 0.069965638639105959 0.063829760391267254 -0.033044201575289998 -0.025101217430704217 0.061026666716323799 0.002565354017986559 -7.234728307450385e-05 -0.0085247219396258778 -0.029883289975076915 -0.011276607226959555 0.059904919694804243 0.062996300790064255 0.058576512960115616 0.052084261659091892
leaf_weight=14655.209178413264 229.58871386945248 169.41414067707956 105.8499400713481 210.14112481474876 1028.5684621185064 490.40827821427956 1066.6060167674441 2319.0073053087108 66.234948068857193 313.61865877732635 19.467675015330315 5.2207092083990601 109.59696927107871 75.845103011932224 21.21103216893971
leaf_count=92223 1222 882 946 1233 5965 4943 7718 14004 330 1636 83 41 758 845 773
internal_value=1.94299e-05 0.000918772 -0.00470549 0.0015078 -0.000235134 0.00125635 -0.0110168 -0.0028119 -0.0314871 -0.026159 -0.0396134 0.0660512 0.067228 0.0616369 0.053629
internal_weight=20886 17546.2 3339.75 2710.84 17240.8 15145.6 2095.17 2529.15 628.91 379.854 249.056 305.443 279.011 181.695 26.4317
internal_count=133602 113303 20299 17028 110849 97166 13683 15237 3271 1966 1305 2454 1640 1791 814
is_linear=0
shrinkage=0.05


Tree=156
num_leaves=16
num_cat=0
split_feature=2 3 3 3 3 3 2 2 2 3 0 0 3 1 1
split_gain=33.3505 29.6086 293.554 86.4025 63.1563 155.556 15.2152 12.2455 10.3944 8.11007 7.05787 6.98322 6.53818 1.0086 0.685033
threshold=6.0611173997456538 7.9999920423029671 7.0000764381187706 5.9999363954162233 8.0000467969291389 8.8742265484437333 -10.731469147436741 40.860718618009265 6.4396123855078971 1.9999784771843854 164.49319942911799 135.30525522871787 4.3742167381793324 45.843070269431607 27.870248886152158
decision_type=2 2 2 2 2 2 2 2 2 2 2 2 2 2 2
left_child=1 2 3 -1 6 -6 -3 8 13 -10 11 -9 -12 -2 -4
right_child=7 4 14 -5 5 -7 -8 10 9 -11 12 -13 -14 -15 -16
leaf_value=0.00047699344892100865 0.051116180724265471 -0.013034245786416879 0.065332631911757547 -0.014818984820328 0.060245563390547645 -0.0046451660381417381 -0.02881903702236728 -0.013498034093117423 0.01617344738855938 0.004928048977171735 -0.10341558738327433 0.057298624248877009 -0.018995569492554112 -0.0032252025853180288 0.059186670233433186
leaf_weight=16894.520338220522 18.272305077873174 416.19448018074036 108.0432651899755 976.60202034469694 99.418956727720797 1299.898582065478 241.10552600026131 27.38390194345266 363.87601300887764 286.61955683957785 3.8979386258870345 3.9907423052936783 5.572213732637465 0.89574198890477319 78.12183684296906
leaf_count=99527 482 2163 692 5676 871 6647 1303 350 7259 7734 33 61 73 35 696
internal_value=2.04447e-05 -0.000355627 0.000291785 -0.000358885 -0.00603997 -3.47982e-05 -0.0188243 0.0106667 0.0122879 0.0112185 -0.0159119 -0.00449295 -0.0537431 0.0485768 0.0627536
internal_weight=20824.4 20113.9 18057.3 17871.1 2056.62 1399.32 657.3 710.508 669.664 650.496 40.8448 31.3746 9.47015 19.168 186.165
internal_count=133602 117575 106591 105203 10984 7518 3466 16027 15510 14993 517 411 106 517 1388
is_linear=0
shrinkage=0.05


Tree=157
num_leaves=16
num_cat=0
split_feature=5 5 5 5 5 5 5 5 0 1 1 1 0 0 0
split_gain=33.1633 110.346 71.9395 84.6966 81.0334 44.8592 22.4391 45.3671 34.6565 7.71553 21.3438 3.55253 2.44672 5.68658 4.36007
threshold=19.500000000000004 20.500000000000004 27.500000000000004 28.500000000000004 26.500000000000004 18.500000000000004 1.5000000000000002 4.5000000000000009 21.154797104899441 19.609891112575848 15.850815830063715 45.135000000000012 390.00518703217705 452.18548616743408 327.47500000000008
decision_type=2 2 2 2 2 2 2 2 2 2 2 2 2 2 2
left_child=5 9 4 -4 -3 6 8 -8 -1 10 -2 -11 14 -14 -7
right_child=1 2 3 -5 -6 12 7 -9 -10 11 -12 -13 13 -15 -16
leaf_value=0.074777061544843801 -0.031266566213331647 0.010319408383215132 -0.027306058734016647 -0.00067794625038748919 0.080876944965500283 0.040869119929503379 0.028814214154270129 0.0022521959465951072 -0.03387502992827178 -0.033430979093479286 -0.0062030337762557716 -0.018452115381838368 -0.038400589191142795 0.048483215666230116 0.079976514354645423
leaf_weight=8.1378957331180555 162.27000465989113 765.55516938213259 305.69834018545225 12904.743141899817 42.977233455516398 54.526808019727468 165.26077274000272 5893.45550231589 74.778968199156225 175.51796940062195 178.25096460757777 51.110838625580072 2.9625354893505556 5.1695320019498467 8.1988053391687554
leaf_count=34 1063 4579 1839 83952 333 431 1042 37239 407 1093 1218 261 17 39 55
internal_value=2.02491e-05 -0.00128275 -0.000408032 -0.00129414 0.0140699 0.00307952 0.00262316 0.00297672 -0.0232113 -0.0229043 -0.0181467 -0.0300528 0.0426354 0.0168312 0.0459808
internal_weight=20798.6 14586.1 14019 13210.4 808.532 6212.49 6141.63 6058.72 82.9169 567.15 340.521 226.629 70.8577 8.13207 62.7256
internal_count=133602 94338 90703 85791 4912 39264 38722 38281 441 3635 2281 1354 542 56 486
is_linear=0
shrinkage=0.05


Tree=158
num_leaves=16
num_cat=0
split_feature=1 1 5 0 0 1 1 1 0 5 2 0 0 2 2
split_gain=31.7488 58.5048 65.147 75.4065 51.8833 38.6953 144.884 77.9069 24.385 22.5058 15.7738 12.916 10.8066 3.4596 0.524373
threshold=7.3900723787310891 7.7152063675123808 68.500000000000014 19.899656611312228 137.7903318936562 14.10012666465412 15.099843616247359 14.099845903280356 49.892028882551436 68.500000000000014 -5.0232118055555546 164.49319942911799 87.000226945016806 -15.492089883830365 -12.058178185883802
decision_type=2 2 2 2 2 2 2 2 2 2 2 2 2 2 2
left_child=4 2 3 -2 9 7 -7 -3 -4 12 -11 14 -1 -13 -6
right_child=1 5 8 -5 11 6 -8 -9 -10 10 -12 13 -14 -15 -16
leaf_value=-0.039229671329184951 0.074917557347477709 -0.0026692630916261418 0.070995008077538654 -0.009666713411435995 0.13742435714864673 0.018537614876585312 -0.00021406954600234718 -0.033580137512288145 0.0017949606214857812 -0.016660126939511466 0.031838063388883966 -0.014857091465740083 0.048300955801067171 0.049570884106704655 0.10855561427666578
leaf_weight=133.8039672691375 32.347081921994686 4375.2261516433209 72.36440821364522 142.10750283673406 3.1390389837324619 1108.3721434548497 14586.366656348808 213.80282750818878 15.448343606665729 69.061831444501877 22.140799859538674 2.8052669912576684 3.6216531842946997 8.0995604563504422 3.1529311239719418
leaf_count=791 176 26727 422 818 22 7233 95324 1334 92 418 135 18 20 51 21
internal_value=1.89724e-05 0.000232688 0.0236968 0.00601676 -0.0178433 -7.07008e-05 0.00111019 -0.0041094 0.0588211 -0.0241432 -0.00488647 0.0659119 -0.0369229 0.0329968 0.122958
internal_weight=20791.9 20546 262.267 174.455 245.825 20283.8 15694.7 4589.03 87.8128 228.628 91.2026 17.1968 137.426 10.9048 6.29197
internal_count=133602 132126 1508 994 1476 130618 102557 28061 514 1364 553 112 811 69 43
is_linear=0
shrinkage=0.05


Tree=159
num_leaves=16
num_cat=0
split_feature=5 5 5 5 5 2 5 1 3 1 2 3 3 1 2
split_gain=31.764 85.1295 169.02 69.8145 169.882 52.8798 43.6556 17.4304 15.3459 9.61203 16.4475 10.6029 6.26167 4.96594 3.68893
threshold=72.500000000000014 68.500000000000014 69.500000000000014 48.500000000000007 44.500000000000007 -13.973947365327396 53.500000000000007 17.543712903682025 1.00007030468741 16.155795386588103 -9.0282882898124175 5.9999363954162233 1.9999784771843854 11.460058814596584 -20.322352966858343
decision_type=2 2 2 2 2 2 2 2 2 2 2 2 2 2 2
left_child=1 3 13 4 -1 -4 -5 9 14 10 -2 -11 -10 -3 -9
right_child=7 2 5 6 -6 -7 -8 8 12 11 -12 -13 -14 -15 -16
leaf_value=0.0001978607669968147 -0.014730662374513745 0.040319675070080607 -0.0053389999421339894 -0.013510868079985373 0.033920227859437525 0.011630069351810754 -0.0029078971785938519 -0.056765047639941182 0.054336700065026049 0.021133358072015523 0.0036353093511596137 -0.016763736836449539 -0.011840302268562542 0.073782090512065385 -0.029699852949478345
leaf_weight=12286.290495935362 265.3390855807811 12.508773190900682 659.68214525468647 1338.051352515351 385.17412438243628 1509.9814230417833 3536.8823177623563 14.613072916865347 3.6233358383178702 69.696759113110602 225.50278922403231 25.104711205232888 265.24634905532002 97.569445157423615 90.928275585174561
leaf_count=78511 1658 84 3756 8326 2823 10073 22979 80 71 485 1467 159 1727 918 485
internal_value=1.75531e-05 0.000447662 0.00953721 -0.00073331 0.00122292 0.00647066 -0.00581816 -0.00886466 -0.0172906 -0.00347783 -0.00629296 0.0110977 -0.0109485 0.0699796 -0.0334473
internal_weight=20786.2 19826.1 2279.74 17546.4 12671.5 2169.66 4874.93 960.054 374.411 585.643 490.842 94.8015 268.87 110.078 105.541
internal_count=133602 127470 14831 112639 81334 13829 31305 6132 2363 3769 3125 644 1798 1002 565
is_linear=0
shrinkage=0.05


Tree=160
num_leaves=14
num_cat=0
split_feature=4 3 3 3 3 1 2 5 1 1 1 5 4
split_gain=30.2474 35.348 760.841 190.435 609.223 40.5454 17.8613 3.85078 9.48203 6.60786 5.13735 3.94488 0.516343
threshold=2.5000000000000004 1.9999784771843854 1.00007030468741 2.0001367691417618 2.9999721473679828 7.3900723787310891 -17.184866898148144 7.5000000000000009 8.8801103578755427 70.642317328600242 25.090280571837841 72.500000000000014 1.0000000180025095e-35
decision_type=2 2 2 2 2 2 2 2 2 2 2 2 2
left_child=1 2 5 6 -5 -1 -3 8 -2 11 -10 -9 -4
right_child=7 3 12 4 -6 -7 -8 9 10 -11 -12 -13 -14
leaf_value=-0.025714634108823037 0.078547941557685991 -0.026656461608834139 0.052218286814128261 0.056607843993593199 -0.0020757691960307085 -0.00080072911577160934 -0.014222576169942283 -0.02708570295082699 -0.022552250588251593 0.044646482029416963 0.019763668434616976 0.0079480325194363106 0.05538023652044969
leaf_weight=166.07338144630194 3.0429179519414893 362.71125359088182 177.29585776617751 469.14630089094862 7718.7145590197761 9793.9376855641603 1417.9406797885895 138.21920824050903 31.581386856734753 3.4815597310662261 9.2801443934440595 8.531234033405779 475.08223732933402
leaf_count=930 16 2217 4980 7577 50473 50729 8627 921 192 17 48 61 6814
internal_value=1.65989e-05 0.000201894 0.00221019 -0.00193612 0.00128667 -0.00121614 -0.0167553 -0.019627 -0.00660085 -0.0234339 -0.0129418 -0.025049 0.0545209
internal_weight=20775 20580.9 10612.4 9968.51 8187.86 9960.01 1780.65 194.136 43.9044 150.232 40.8615 146.75 652.378
internal_count=133602 132347 63453 68894 58050 51659 10844 1255 256 999 240 982 11794
is_linear=0
shrinkage=0.05


Tree=161
num_leaves=16
num_cat=0
split_feature=5 5 5 5 5 5 2 0 2 0 0 1 1 1 2
split_gain=29.6187 100.371 65.4694 76.3443 74.3504 40.736 20.6809 19.112 12.7852 11.0507 10.7657 10.6584 2.33525 6.81866 4.58333
threshold=19.500000000000004 20.500000000000004 27.500000000000004 28.500000000000004 26.500000000000004 18.500000000000004 -24.524817819353501 19.899656611312228 -11.987926193718144 15.006398079881784 22.900563292141154 16.250065433789963 18.200017859255606 16.193635599732271 -26.243871527777774
decision_type=2 2 2 2 2 2 2 2 2 2 2 2 2 2 2
left_child=5 8 4 -4 -3 6 9 -8 10 -1 -2 -10 13 -7 -14
right_child=1 2 3 -5 -6 12 7 -9 11 -11 -12 -13 14 -15 -16
leaf_value=-0.059036593095542801 0.034528899899965125 0.0098798844761557036 -0.026099169166046234 -0.0006480520796109477 0.078116644408493904 0.033768131027530922 0.015413358088801005 0.0011215999706173038 -0.026223454766814022 0.014743354712930264 -0.031161157960823457 -0.006523256187556648 -0.033297553667626309 0.07949254857465117 0.036603207304752479
leaf_weight=5.1445468068122855 6.3849768340587607 764.58899601409212 301.56727209454402 12841.261946678162 42.118688030634075 23.425316493026912 244.32407407741994 5495.8195044728927 115.690842484124 376.56169059313834 269.33481033891439 168.88297992246225 2.5319369547069064 12.506535375490783 31.775796941481531
leaf_count=26 37 4579 1839 83952 333 139 1311 35276 766 2109 1658 1174 15 104 284
internal_value=1.8645e-05 -0.00121683 -0.000383399 -0.00123204 0.0134426 0.00291372 0.00247932 0.00172992 -0.0219667 0.013749 -0.0296399 -0.0145322 0.0407746 0.0496831 0.0314445
internal_weight=20701.9 14509.8 13949.5 13142.8 806.708 6192.09 6121.85 5740.14 560.294 381.706 275.72 284.574 70.2396 35.9319 34.3077
internal_count=133602 94338 90703 85791 4912 39264 38722 36587 3635 2135 1695 1940 542 243 299
is_linear=0
shrinkage=0.05


Tree=162
num_leaves=15
num_cat=0
split_feature=2 1 3 3 1 3 3 2 4 0 0 0 3 2
split_gain=29.2241 27.9569 32.7468 163.109 17.2095 15.1201 37.0691 12.7363 12.0812 9.93979 7.18782 12.6729 0.00272006 0.00123871
threshold=4.1660994161900291 179.96659140238188 9.9994156256975142 9.000304054078585 27.621462880686476 1.9999784771843854 1.00007030468741 4.5749184975736945 1.0000000180025095e-35 17.990981112815117 209.90086339906688 327.47500000000008 9.7097777260318932 6.0611173997456538
decision_type=2 2 2 2 2 2 2 2 2 2 2 2 2 2
left_child=1 2 3 -1 -4 6 7 -2 12 -10 -3 -12 -7 -8
right_child=5 10 4 -5 -6 8 13 -9 9 -11 11 -13 -14 -15
leaf_value=-0.00039711051415203648 0.047441882331061551 0.091151059630262835 -0.016220654885313875 0.06054020096726398 -0.003163914270759557 0.050602727828454555 0.051500641538463399 0.0076688256999905627 -0.07737556742632884 0.00085880492181720179 -0.065488525390708208 0.030988911092654222 0.056331227055447221 0.050957404982634173
leaf_weight=18542.509483848698 21.07478716224432 4.5180073492228976 473.61092725396156 110.46650889888406 540.25107864290476 11.92218347964808 13.522829204797743 448.1548387594521 4.1008087131194761 407.59706937056035 3.585320681333541 67.23150894138962 0.21088784467429 46.848300753626972
leaf_count=108202 162 21 2582 875 2365 1250 492 5949 59 8538 15 413 5 2674
internal_value=1.74615e-05 -0.000395442 -0.000511895 -3.6228e-05 -0.00926318 0.00856723 0.0142 0.00945518 0.00152872 7.9534e-05 0.0300054 0.0261044 0.0507023 0.0510791
internal_weight=20695.6 19742.2 19666.8 18653 1013.86 953.432 529.601 469.23 423.831 411.698 75.3348 70.8168 12.1331 60.3711
internal_count=133602 114473 114024 109077 4947 19129 9277 6111 9852 8597 449 428 1255 3166
is_linear=0
shrinkage=0.05


Tree=163
num_leaves=16
num_cat=0
split_feature=2 2 2 2 2 2 2 0 2 2 3 3 2 3 5
split_gain=28.5456 182.887 65.5105 91.9982 54.7682 53.8026 218.581 31.5046 26.5934 25.9399 15.4511 27.9745 11.8424 5.50538 4.58863
threshold=-14.049322916666664 -13.519398148148147 -13.054270833333332 -12.463006115778796 -13.973947365327396 -14.518249506779727 -14.953529089458565 69.900110831602078 -14.694140142674064 -13.634534876628189 3.9999396960457188 3.0000023189429501 -13.389912566315827 4.042646555119398 59.500000000000007
decision_type=2 2 2 2 2 2 2 2 2 2 2 2 2 2 2
left_child=5 4 12 -4 14 6 7 -1 -8 -6 11 -7 -3 -12 -2
right_child=1 2 3 -5 9 10 8 -9 -10 -11 13 -13 -14 -15 -16
leaf_value=-0.0071478106435535725 0.011100564498998424 0.00026798662483516164 0.023933988279436557 0.00064762207697366327 0.061475807592064981 -0.011873258560887372 0.076689513240285404 0.00027173603351496361 0.036621425395280675 0.027880310445127229 -0.040234305634070211 0.061304890444912177 -0.013535495198331372 -0.021432846507654275 -0.014057104992569092
leaf_weight=2288.6942981630564 64.882322896271944 186.90645351447165 440.1161954831332 11689.304202062776 161.64280238747597 579.52492514438927 78.774287385866046 3816.6347734415904 87.308648779988289 89.14450397156179 49.22326772660017 13.360978845506905 921.2843481535092 186.28909404017031 25.151318695396185
leaf_count=12855 376 1056 2640 81311 1056 3296 528 22540 528 528 297 97 5280 1062 152
internal_value=1.7157e-05 0.00136048 0.000429385 0.00149257 0.0375246 -0.00255196 -0.000970038 -0.00250962 0.055626 0.049534 -0.0145279 -0.0102242 -0.0112074 -0.0253624 0.00407265
internal_weight=20678.2 13578.4 13237.6 12129.4 340.821 7099.81 6271.41 6105.33 166.083 250.787 828.398 592.886 1108.19 235.512 90.0336
internal_count=133602 92399 90287 83951 2112 41203 36451 35395 1056 1584 4752 3393 6336 1359 528
is_linear=0
shrinkage=0.05


Tree=164
num_leaves=16
num_cat=0
split_feature=5 5 5 5 5 5 1 0 5 0 1 1 0 3 0
split_gain=28.2377 266.421 58.9646 181.007 60.6208 56.6846 53.5244 41.6172 33.2995 29.8461 23.8109 13.7677 18.9269 8.12464 6.4006
threshold=41.500000000000007 40.500000000000007 68.500000000000014 69.500000000000014 70.500000000000014 39.500000000000007 9.5100506816796813 26.197934892179244 19.500000000000004 12.739860409862628 16.789840014494299 34.909251478226636 89.000654608029009 1.00007030468741 49.892028882551436
decision_type=2 2 2 2 2 2 2 2 2 2 2 2 2 2 2
left_child=1 5 6 14 -5 8 7 -2 -1 -8 -7 13 -13 -3 -4
right_child=2 11 3 4 -6 10 9 -9 -10 -11 -12 12 -14 -15 -16
leaf_value=0.0027700056856377244 0.00099166194198254515 0.11755844425767814 0.086088428798135719 0.011875227859701661 -0.0030600642010826535 0.070285807445649051 0.028103891352262707 -0.026315393386248054 -0.00346618939968264 -0.0031758244583521347 0.021121730833045027 -0.018289923808629528 0.074777083734395455 0.081235721619305049 0.059608501130844718
leaf_weight=6185.8616926544346 202.56289065256715 27.135777644813061 32.818534820806235 1002.2891402649693 2109.0749095682986 29.929445484653115 77.102243240922689 448.37968756258488 3273.3545854766853 6989.6510869609192 139.02037183381617 6.565810438245534 32.523635399062186 35.583015479613096 74.909201473230496
leaf_count=39264 1187 163 289 6218 13743 241 513 2812 20629 45968 1049 63 314 436 713
internal_value=1.60132e-05 0.00197548 -0.00172724 0.00395734 0.00175116 0.0011247 -0.0040983 -0.0178179 0.000611975 -0.00283455 0.0298311 0.0824352 0.0591447 0.096951 0.0676754
internal_weight=20666.8 9729.97 10936.8 3219.09 3111.36 9628.17 7717.7 650.943 9459.22 7066.75 168.95 101.808 39.0894 62.7188 107.728
internal_count=133602 62159 71443 20963 19961 61183 50480 3999 59893 46481 1290 976 377 599 1002
is_linear=0
shrinkage=0.05


Tree=165
num_leaves=13
num_cat=0
split_feature=4 4 5 5 5 3 1 5 1 2 1 3
split_gain=27.4549 31.4347 30.8353 234.623 56.0875 18.4988 13.4493 3.53961 3.00974 10.57 6.09192 0.0449408
threshold=2.5000000000000004 1.5000000000000002 41.500000000000007 40.500000000000007 68.500000000000014 1.00007030468741 32.26104018412498 4.5000000000000009 14.970033265185597 -5.2395196759259255 21.120325726626834 3.0661020365069187
decision_type=2 2 2 2 2 2 2 2 2 2 2 2
left_child=1 2 3 -1 -4 6 -3 -2 9 -9 -10 -7
right_child=7 5 4 -5 -6 11 -8 8 10 -11 -12 -13
leaf_value=0.0012123975773597933 0.025815429474636987 0.01617520349914402 -0.0042532324689920319 0.079027149262671043 0.0036996222629800974 0.055056853305223842 -0.015019783096068412 -0.022246721639115997 -0.034466808133852077 0.024352889445464158 -0.011547433456006437 0.061123253511436139
leaf_weight=9384.6573720034212 4.3401843681931487 261.57472508773208 7506.2569212680683 97.87994135543704 3146.1984120125417 22.647867372259501 39.810458615422249 52.939741894602776 67.940145246684551 15.800894692540167 50.575084589421749 3.5285955062136045
leaf_count=59719 20 1432 49163 950 20496 347 199 370 471 102 292 41
internal_value=1.5304e-05 0.0001917 -5.82569e-05 0.00201561 -0.00190436 0.0155564 0.0120546 -0.0188239 -0.0198586 -0.0115352 -0.0246862 0.0558746
internal_weight=20654.2 20462.6 20135 9482.54 10652.5 327.562 301.385 191.596 187.256 68.7406 118.515 26.1765
internal_count=133602 132347 130328 60669 69659 2019 1631 1255 1235 472 763 388
is_linear=0
shrinkage=0.05


Tree=166
num_leaves=16
num_cat=0
split_feature=5 5 0 0 0 0 0 0 0 0 3 3 0 3 2
split_gain=28.3876 74.6516 63.0554 32.4024 71.4199 64.4202 30.9491 14.3593 18.0564 16.8919 14.7346 18.3354 11.5362 2.29667 0.0324366
threshold=72.500000000000014 71.500000000000014 24.990183982611374 19.899656611312228 19.362092977081733 20.000373659412393 123.37778366107975 49.533964888459685 27.900655972598823 28.937721427220605 1.00007030468741 1.9999784771843854 192.00406684400355 1.9999784771843854 -11.397199074074072
decision_type=2 2 2 2 2 2 2 2 2 2 2 2 2 2 2
left_child=1 3 13 4 -1 -5 -4 8 14 -10 12 -12 -9 -3 -2
right_child=7 2 6 5 -6 -7 -8 10 9 -11 11 -13 -14 -15 -16
leaf_value=0.0049891256507135036 -0.064208425021090504 -0.06965263995715594 0.0154242467123902 -0.026991162350872424 0.057597204213145597 -0.00018678220595130072 0.045689857278669574 -0.015605037548794524 0.096967656859056089 0.0062544685848258648 0.054357038376513948 -0.0080628447116860968 -0.041982424188873387 -0.029621674586011556 -0.070559005570359129
leaf_weight=1089.5221695210785 4.4179465845227242 16.670000456273559 208.50701999897137 226.99261502223089 68.574614604003727 17938.516238394193 141.9875312759541 181.28147251158953 5.3256367370486251 141.0632490767166 12.021853439509867 550.16057165525854 53.739534802734852 4.56396161019802 3.6901871487498266
leaf_count=6361 28 81 1358 1307 402 116785 1151 964 31 842 235 3711 301 25 20
internal_value=1.46495e-05 0.000422193 0.0226164 -4.75693e-06 0.00810422 -0.000521724 0.027685 -0.00841942 0.00553179 0.00955462 -0.0111231 -0.00672804 -0.0216364 -0.0610485 -0.0670987
internal_weight=20647 19695.3 371.729 19323.6 1158.1 18165.5 350.495 951.7 154.497 146.389 797.203 562.182 235.021 21.234 8.10813
internal_count=133602 127470 2615 124855 6763 118092 2509 6132 921 873 5211 3946 1265 106 48
is_linear=0
shrinkage=0.05


Tree=167
num_leaves=16
num_cat=0
split_feature=3 3 3 3 3 3 3 1 5 5 1 1 1 4 4
split_gain=27.094 492.744 195.98 265.165 106.514 407.032 73.4887 17.6476 10.2878 6.71938 4.64998 0.976518 0.419119 0.325203 0.215098
threshold=5.9999363954162233 5.0001066880784402 6.0007950474366512 6.9999897041071204 4.9998844824361814 4.0004450093452339 7.0000764381187706 87.491239594938392 48.500000000000007 38.500000000000007 26.342780418480316 28.180018517551936 27.621462880686476 1.0000000180025095e-35 1.0000000180025095e-35
decision_type=2 2 2 2 2 2 2 2 2 2 2 2 2 2 2
left_child=1 4 8 12 5 -1 -5 -6 9 -2 -10 13 -4 -3 -13
right_child=2 11 3 6 7 -7 -8 -9 10 -11 -12 14 -14 -15 -16
leaf_value=-0.00049656073172027666 -0.030150776330865561 0.05227997595149108 0.063189162425167589 -0.031204114525418311 -0.019766488289568739 0.059731338178571937 9.7606218980006993e-05 0.023041068325114634 -0.043159448947448734 -0.016740034208752783 -0.028202406364585875 0.052114475893969947 0.058233260810809075 0.067664162025372551 0.061953592692805808
leaf_weight=16006.814104053425 226.0140850096941 3.503921694122254 102.29492552997544 204.27405997365713 751.65007098764181 285.5303566143848 2284.8408578564413 24.872718639671803 150.07218537479639 159.19206229224801 79.486489113420248 5.8529776064679018 73.180025557056069 175.01685996074229 109.01939203124493
leaf_count=103131 1167 104 946 1233 4301 3312 14004 105 885 835 384 174 845 1272 904
internal_value=1.37213e-05 0.000800995 -0.00415443 0.00171669 -0.000303338 0.000558959 -0.00247123 -0.0183953 -0.0296018 -0.0246086 -0.0379805 0.0650483 0.0611224 0.0673622 0.0614523
internal_weight=20641.6 17362.3 3279.35 2664.59 17068.9 16292.3 2489.11 776.523 614.765 385.206 229.559 293.393 175.475 178.521 114.872
internal_count=133602 113303 20299 17028 110849 106443 15237 4406 3271 2002 1269 2454 1791 1376 1078
is_linear=0
shrinkage=0.05


Tree=168
num_leaves=15
num_cat=0
split_feature=4 3 0 3 3 3 3 3 1 1 5 1 3 3
split_gain=26.8799 274.29 25.4678 24.1209 665.1 210.738 161.53 547.783 23.0216 21.1033 7.95934 0.15858 0.00705154 0.00479834
threshold=1.0000000180025095e-35 1.00007030468741 273.27432783995812 3.0000023189429501 3.9999396960457188 4.0004450093452339 2.9999721473679828 2.0001367691417618 7.3900723787310891 120.01039681684465 10.500000000000002 28.180018517551936 11.880412499508468 2.0001367691417618
decision_type=2 2 2 2 2 2 2 2 2 2 2 2 2 2
left_child=1 2 8 6 11 -6 7 -2 -1 -4 -8 -5 13 -3
right_child=3 12 9 4 5 -7 10 -9 -10 -11 -12 -13 -14 -15
leaf_value=-0.033607172223062712 -0.0028103134487384124 0.052102860245354633 -0.017456763146986985 0.061630705314228089 -0.023863974411112734 0.0013594328823488704 -0.024587946378294475 0.056754823099861268 0.0017326001327748514 0.022494523870863359 -0.015528219279211445 0.059533365984011655 0.056524241401910869 0.051671006163163835
leaf_weight=46.546284809708595 7323.6873930534348 166.92721372423694 293.98536655306816 306.73679081024602 1011.9879914745688 4556.8906599837355 299.51100760698318 407.45313244406134 4637.7426900789142 37.241725087165833 1272.0693557038903 127.62486426439136 0.84015452116727729 104.64387025171891
leaf_count=251 46114 4980 1388 2753 5965 29141 1695 5429 22662 157 7399 1226 9 4433
internal_value=1.46407e-05 0.00308792 0.000434006 -0.00104712 0.00142374 -0.00322422 -0.00264162 0.000328939 0.00138144 -0.0129648 -0.0172548 0.0610145 0.0519506 0.0519365
internal_weight=20593.9 5287.93 5015.52 15306 6003.24 5568.88 9302.72 7731.14 4684.29 331.227 1571.58 434.362 272.411 271.571
internal_count=133602 33880 24458 99722 39085 35106 60637 51543 22913 1545 9094 3979 9422 9413
is_linear=0
shrinkage=0.05


Tree=169
num_leaves=16
num_cat=0
split_feature=3 3 3 3 3 3 3 3 2 2 5 2 4 2 2
split_gain=27.3168 276.525 75.8645 460.705 144.478 59.1834 146.784 37.0426 13.0576 8.76976 8.3328 0.461773 0.154807 0.153232 0.0275119
threshold=7.9999920423029671 7.0000764381187706 5.9999363954162233 5.0001066880784402 6.0007950474366512 8.0000467969291389 8.8742265484437333 9.000304054078585 -11.397199074074072 -13.973947365327396 69.500000000000014 0.76218750000000013 1.0000000180025095e-35 1.7304997926774817 1.9626297871594764
decision_type=2 2 2 2 2 2 2 2 2 2 2 2 2 2 2
left_child=1 2 3 -1 -4 8 13 -8 9 -2 -10 12 -3 -7 -13
right_child=5 11 4 -5 -6 6 7 -9 10 -11 -12 14 -14 -15 -16
leaf_value=-0.00026938884958454574 -0.016467299313308224 0.051566488559562612 -0.028530301915485619 0.064129549186988807 0.011112885013865833 0.059860005970816491 -0.028677898316182993 -0.0011785781921238581 -0.030432286823838611 0.00018205621010991389 -0.0097753469409125032 0.057003024840533045 0.062466200324238587 0.051554115516481994 0.05124766181660112
leaf_weight=16973.366247678874 275.8930327296257 3.3219747748225918 607.62940184026957 282.33846841007471 369.64079422364011 92.254159254021943 136.41787157580256 1196.9690548069775 219.50404292717576 110.87832421064377 62.783969923853874 2.6061990074813357 168.1590927913785 5.9085073838941744 10.214668121188877
leaf_count=110849 1465 117 3271 2454 3024 805 646 6761 1281 561 368 27 1116 298 559
internal_value=1.66002e-05 0.000632739 1.67679e-05 0.000784309 -0.0135357 -0.00538545 0.000352096 -0.00399201 -0.0176618 -0.0116943 -0.025838 0.0615707 0.062255 0.0593601 0.0524176
internal_weight=20517.9 18417.3 18233 17255.7 977.27 2100.61 1431.55 1333.39 669.059 386.771 282.288 184.302 171.481 98.1627 12.8209
internal_count=133602 121417 119598 113303 6295 12185 8510 7407 3675 2026 1649 1819 1233 1103 586
is_linear=0
shrinkage=0.05


Tree=170
num_leaves=16
num_cat=0
split_feature=3 3 3 3 3 0 1 1 0 0 0 4 4 1 1
split_gain=27.0656 713.86 166.438 542.021 167.194 54.6954 45.6793 24.3199 14.4699 17.1816 14.1248 0.454363 0.383566 0.0759262 0.000522864
threshold=1.9999784771843854 1.00007030468741 2.0001367691417618 2.9999721473679828 3.0000023189429501 89.89961959123751 7.3900723787310891 104.39500000000002 49.000638875890253 22.900563292141154 195.47450854272839 1.0000000180025095e-35 1.0000000180025095e-35 27.430382768235663 14.10012666465412
decision_type=2 2 2 2 2 2 2 2 2 2 2 2 2 2 2
left_child=1 5 8 12 -5 6 -1 -7 9 -2 -10 14 -4 -13 -3
right_child=2 11 3 4 -6 7 -8 -9 10 -11 -12 13 -14 -15 -16
leaf_value=-0.025708262986631081 -0.0093477083401811174 0.052175837774006195 0.051112456849210133 -0.016506460071703987 0.0018671975728718458 -0.0073873667668462014 0.0017718056018542214 0.019535169723726823 -0.011566198840652603 -0.031817017939939685 -0.027313054235624058 0.055405136375694108 0.056391529485898817 0.053700594149454217 0.051951289864357944
leaf_weight=154.74098566174507 127.11409995704889 32.604446505196393 37.736924863420427 1559.7330625019968 6004.9921326739714 3224.7368159368634 6655.4033285211772 86.122326165437698 1213.9300031363964 257.2815997004509 161.33442127332091 371.2531543020159 390.1079593335744 79.281962887383997 126.53703922685236
leaf_count=887 817 914 2148 9094 41379 16969 34674 384 7409 1699 919 5380 5429 1434 4066
internal_value=1.70387e-05 0.00174973 -0.0018895 0.0011754 -0.00192118 -0.00141547 0.0011474 -0.00668706 -0.0158106 -0.0243867 -0.0134135 0.0542939 0.0559259 0.0551052 0.0519973
internal_weight=20482.9 10730.7 9752.23 7992.57 7564.73 10121 6810.14 3310.86 1759.66 384.396 1375.26 609.677 427.845 450.535 159.141
internal_count=133602 64708 68894 58050 50473 52914 35561 17353 10844 2516 8328 11794 7577 6814 4980
is_linear=0
shrinkage=0.05


Tree=171
num_leaves=16
num_cat=0
split_feature=3 3 3 3 3 1 0 1 1 1 1 0 1 2 2
split_gain=27.1631 161.454 42.9621 259.581 42.121 19.5718 15.6735 10.5184 8.35423 21.5111 7.53741 2.99161 0.367126 0.149524 0.0576905
threshold=9.9994156256975142 9.000304054078585 7.9999920423029671 7.0000764381187706 8.0000467969291389 29.490081319253317 124.99050503902224 179.96659140238188 15.126405060816102 17.631706573720034 31.481485425818082 334.88583439562439 23.982198772301004 1.9626297871594764 1.9626297871594764
decision_type=2 2 2 2 2 2 2 2 2 2 2 2 2 2 2
left_child=1 2 3 -1 -4 8 10 -8 11 -10 -7 -2 13 -3 -14
right_child=5 12 4 -5 -6 6 7 -9 9 -11 -12 -13 14 -15 -16
leaf_value=3.0075814248106141e-05 -0.024760593424484383 0.062983927071702819 -0.016983363026587352 0.060877585829945007 0.0078364881355066883 0.025066312380345308 0.0003509447084198839 0.033160410649159644 0.0077248171696789672 -0.018207154320809254 -0.027587724578175467 -0.053878098730388541 0.057171463739789791 0.052708525811407482 0.052181702918117759
leaf_weight=18138.526415193453 91.374950014054775 51.341742692515254 664.81296534463763 176.98795557627454 230.10327953891829 7.5479587689042082 458.94016250222921 25.801577605307102 107.51826649904251 312.12752607651055 68.287684209644794 9.7639962732791883 54.125447303056717 3.8026250628754488 6.4870257638394824
leaf_count=119598 525 325 3675 1819 1749 36 2150 110 605 1770 327 58 536 109 210
internal_value=1.86517e-05 0.000450148 9.53946e-05 0.000618062 -0.0106016 -0.00769308 -0.00120955 0.00209731 -0.014672 -0.0115631 -0.022347 -0.0275716 0.0593232 0.0622754 0.0566374
internal_weight=20407.5 19326.2 19210.4 18315.5 894.916 1081.36 560.577 484.742 520.785 419.646 75.8356 101.139 115.757 55.1444 60.6125
internal_count=133602 128021 126841 121417 5424 5581 2623 2260 2958 2375 363 583 1180 434 746
is_linear=0
shrinkage=0.05


Tree=172
num_leaves=15
num_cat=0
split_feature=2 2 2 2 2 2 2 2 1 1 2 0 5 0
split_gain=26.9824 94.9954 59.3294 169.187 53.7998 94.9996 100.597 36.6087 34.6086 20.8358 14.1686 5.69883 4.99272 4.17458
threshold=-12.058178185883802 -11.480081018518517 -11.058582175925924 -10.539496527777777 -12.397939726311073 -12.879029313299528 -12.688208256122648 -11.987926193718144 14.146632331434116 63.460000000000008 -11.615479512338814 11.578106967503457 13.500000000000002 118.78016835115399
decision_type=2 2 2 2 2 2 2 2 2 2 2 2 2 2
left_child=4 7 9 -4 5 8 -7 13 -1 -3 -9 -6 -13 -2
right_child=1 2 3 -5 11 6 -8 10 -10 -11 -12 12 -14 -15
leaf_value=-0.0091179896991278025 0.0084603019153620812 -0.015696372898863165 0.042201785791194213 0.00078899779509937311 -0.065380891424471496 0.074479954796558931 0.010227838164618613 0.045883645565024778 -0.00047944843589594612 0.026565311042962159 0.021055051631347792 -0.0065907305017389416 -0.016737236769083234 -0.013821327276035113
leaf_weight=1381.5955332862213 56.881078349426389 621.39277885016054 253.22042715735734 9470.2468849061988 5.5618859305977812 78.794645079411566 268.52086359634995 166.23771709762514 7210.0980168385431 30.60090859234333 87.811666626483202 154.07709157653153 568.86967716924846 33.344095768406987
leaf_count=8467 330 3535 1584 69167 31 528 1584 1056 42240 161 528 861 3332 198
internal_value=1.83864e-05 0.0017458 0.00088841 0.00186748 -0.00189704 -0.000832221 0.0248046 0.0275851 -0.00186858 -0.0137128 0.0373017 -0.0149627 -0.0145748 0.000225784
internal_weight=20387.3 10719.7 10375.5 9723.47 9667.52 8939.01 347.316 344.275 8591.69 651.994 254.049 728.509 722.947 90.2252
internal_count=133602 76559 74447 70751 57043 52819 2112 2112 50707 3696 1584 4224 4193 528
is_linear=0
shrinkage=0.05


Tree=173
num_leaves=16
num_cat=0
split_feature=2 2 2 2 2 2 2 2 2 2 2 0 0 5 1
split_gain=25.9191 126.624 68.6542 100.727 47.7426 38.4497 200.851 35.1885 34.834 22.5351 9.05543 7.10757 9.21695 7.01027 6.44619
threshold=-9.0282882898124175 -8.5055208333333319 -9.4291782407407396 -9.9521817129629611 -9.5222989589322005 -8.0212375097279054 -7.4907696759259244 -10.371619989198537 -8.9123185758075962 -8.665496302878994 -8.3431228797489805 35.000465040804805 19.899656611312228 5.5000000000000009 8.43563275338661
decision_type=2 2 2 2 2 2 2 2 2 2 2 2 2 2 2
left_child=2 8 3 7 -5 10 -7 -1 14 -10 -3 12 -4 -13 -2
right_child=1 5 11 4 -6 6 -8 -9 9 -11 -12 13 -14 -15 -16
leaf_value=-0.00054268639718813255 0.047579783380635614 -0.0001177156197845252 -0.0098159107579861432 0.046683655130265317 0.0014409264403646841 0.045713803960825299 0.00060806260094115657 -0.01254941810442769 0.072263883653389316 0.034313903715874311 -0.012874783944633858 -0.04187742674711719 -0.038855804173109451 -0.013586835706028805 0.0073838416671219952
leaf_weight=11089.015840104781 11.444496840238569 185.60475207213312 42.703181151300669 163.96567656192929 90.49216131400317 256.53740563895553 6504.0125817842782 645.76251114252955 72.063240732066333 85.564801126718521 555.26306881941855 22.905548064038157 75.866864569485188 497.46396962925792 77.63843746855855
leaf_count=65491 65 1056 236 1056 529 1584 51742 3696 528 528 3168 123 444 2893 463
internal_value=1.72121e-05 0.00229382 -0.00137962 -0.000528548 0.0305941 0.00113464 0.00231966 -0.00120341 0.0375396 0.0516636 -0.00967884 -0.0173494 -0.028397 -0.0148321 0.0125478
internal_weight=20376.3 7748.13 12628.2 11989.2 254.458 7501.42 6760.55 11734.8 246.711 157.628 740.868 638.94 118.57 520.37 89.0829
internal_count=133602 59134 74468 70772 1585 57550 53326 69187 1584 1056 4224 3696 680 3016 528
is_linear=0
shrinkage=0.05


Tree=174
num_leaves=16
num_cat=0
split_feature=2 5 5 1 0 2 5 2 2 1 5 1 1 0 1
split_gain=25.3436 23.8476 164.605 57.7838 54.0527 51.7824 43.8779 11.0955 10.0156 7.84028 6.94057 8.4133 8.03811 5.88292 1.05167
threshold=6.0611173997456538 68.500000000000014 69.500000000000014 9.5100506816796813 19.899656611312228 -10.959491189612175 48.500000000000007 40.860718618009265 6.4396123855078971 9.5100506816796813 7.5000000000000009 24.251417996760285 23.249919734517359 49.892028882551436 45.843070269431607
decision_type=2 2 2 2 2 2 2 2 2 2 2 2 2 2 2
left_child=1 3 13 4 -1 -4 -5 8 14 -10 11 -9 -12 -3 -2
right_child=7 2 5 6 -6 -7 -8 10 9 -11 12 -13 -14 -15 -16
leaf_value=0.0094630480916394338 0.050812109628043126 0.085008217596407018 -0.0048552096787629669 0.0014929848893872042 -0.015644716527180556 0.008348181140216163 -0.0044993301804608183 -0.098968430307043859 -0.014547192540755163 0.01125041667573509 0.0094803158013772523 0.017744508242093532 -0.044071700845462504 0.058695766859272948 -0.0061863174054581863
leaf_weight=265.09054550901055 16.887383556924764 30.514627046883106 1517.675013916567 10988.684611476958 1120.0927281118929 1454.0596649418585 4231.177144783549 4.7537210322916499 30.971967871300876 600.0687136829365 23.554321082308888 2.2868889458477497 9.9744616840034706 69.911617843899876 0.85000713216140766
leaf_count=1394 482 207 9031 65445 6612 8675 25643 57 384 14609 301 21 138 568 35
internal_value=1.61175e-05 -0.000314011 0.00373276 -0.00106272 -0.0108397 0.00160516 -0.000172901 0.00943953 0.0110258 0.00998425 -0.0159277 -0.0610584 -0.00645085 0.0666908 0.0480806
internal_weight=20366.6 19677.2 3072.16 16605 1385.18 2971.73 15219.9 689.347 648.778 631.041 40.5694 7.04061 33.5288 100.426 17.7374
internal_count=133602 117575 18481 99094 8006 17706 91088 16027 15510 14993 517 78 439 775 517
is_linear=0
shrinkage=0.05


Tree=175
num_leaves=16
num_cat=0
split_feature=3 3 3 3 3 3 3 0 0 5 0 2 4 2 2
split_gain=26.834 635.086 195.539 385.346 157.019 500.798 90.3829 10.4111 22.3104 7.52833 7.31265 0.958318 0.763306 0.36734 0.00774331
threshold=3.9999396960457188 3.0000023189429501 4.0004450093452339 4.9998844824361814 2.9999721473679828 2.0001367691417618 5.0001066880784402 29.991571209709956 28.184031882493212 10.500000000000002 152.3248410337047 1.9626297871594764 1.0000000180025095e-35 0.91971643518518531 3.1878455316466447
decision_type=2 2 2 2 2 2 2 2 2 2 2 2 2 2 2
left_child=1 4 7 13 5 -1 -5 8 -2 -6 -9 12 -3 -4 -13
right_child=2 11 3 6 9 -7 -8 10 -10 -11 -12 14 -14 -15 -16
leaf_value=-0.00067863341705048897 -0.0334426786399332 0.052392848483290379 0.059622090842177122 -0.017730931836295986 -0.022954161145829603 0.055614684104459147 0.001199422656089905 -0.028591541347449369 0.0085885097312430065 -0.01406478476830139 -0.019204306827445748 0.053309119505387539 0.060990028014389901 0.051769214755573757 0.051119984751910597
leaf_weight=12423.022047153674 55.843342393636703 27.659171466715634 256.13697632122785 769.81934927403927 294.14345991611481 408.06091616512276 3484.9349415786564 531.21349667012691 72.641155771911144 1251.7344516813755 340.40594613552094 4.7408527769148341 387.90790176391602 15.811213812557979 27.302753433585167
leaf_count=75552 345 653 2266 4406 1695 7577 22753 3276 415 7399 1929 86 2707 1046 1497
internal_value=1.54053e-05 0.00112397 -0.00295811 0.00146249 -0.000702074 0.00111164 -0.00222568 -0.0229668 -0.00967955 -0.0157562 -0.0249254 0.0597754 0.0604178 0.0591655 0.0514439
internal_weight=20351.4 14824.6 5526.81 4526.7 14377 12831.1 4254.75 1000.1 128.484 1545.88 871.619 447.611 415.567 271.948 32.0436
internal_count=133602 97166 36436 30471 92223 83129 27159 5965 760 9094 5205 4943 3360 3312 1583
is_linear=0
shrinkage=0.05


Tree=176
num_leaves=16
num_cat=0
split_feature=3 3 3 3 3 3 3 1 2 1 1 2 1 1 2
split_gain=25.764 429.047 163.002 246.94 89.9673 357.722 68.961 16.2304 10.4811 9.53642 6.63485 0.995608 0.738721 0.333592 0.057724
threshold=5.9999363954162233 5.0001066880784402 6.0007950474366512 6.9999897041071204 4.9998844824361814 4.0004450093452339 7.0000764381187706 77.596217139483642 -13.809092574370785 12.690188574502828 68.304902571032684 0.91971643518518531 27.621462880686476 27.621462880686476 1.9626297871594764
decision_type=2 2 2 2 2 2 2 2 2 2 2 2 2 2 2
left_child=1 4 8 13 5 -1 -5 -6 10 -10 -2 12 -3 -4 -13
right_child=2 11 3 6 7 -7 -8 -9 9 -11 -12 14 -14 -15 -16
leaf_value=-0.00037750026838830096 -0.038322582729258453 0.066350281126983546 0.062201909290205616 -0.030645006668549798 -0.018617199984194525 0.058653854269573251 -0.00017415196575861467 0.015491551657615846 -0.044359465414683795 -0.019336645819494947 -0.0075355170646671304 0.058093212378501062 0.06077506128218399 0.057653902760169573 0.051729968165907025
leaf_weight=15765.35206055548 215.59455606341362 150.52573392726481 97.111056702211499 202.4216575101018 727.14098713546991 260.88414047448896 2245.5950341885909 36.634007401764393 43.165398202836514 322.94830847904086 19.045815885066986 4.4802065491676357 98.160756643861532 68.9442840940319 17.42816270282492
leaf_count=103131 1222 869 946 1233 4250 3312 14004 156 252 1714 83 41 771 845 773
internal_value=1.73374e-05 0.000791039 -0.00408858 0.00130873 -0.000215567 0.000583446 -0.00269373 -0.0169812 -0.027574 -0.0222869 -0.0358236 0.0632495 0.0641496 0.0603136 0.0530312
internal_weight=20275.4 17060.6 3214.83 2614.07 16790 16026.2 2448.02 763.775 600.754 366.114 234.64 270.595 248.686 166.055 21.9084
internal_count=133602 113303 20299 17028 110849 106443 15237 4406 3271 1966 1305 2454 1640 1791 814
is_linear=0
shrinkage=0.05


Tree=177
num_leaves=16
num_cat=0
split_feature=3 3 3 3 3 0 0 0 2 0 0 4 4 2 2
split_gain=26.3785 673.298 147.365 484.167 135.825 50.088 45.4714 22.4371 16.5596 12.7177 7.14552 0.388648 0.277713 0.259657 0.0112666
threshold=1.9999784771843854 1.00007030468741 2.0001367691417618 2.9999721473679828 3.0000023189429501 89.89961959123751 79.001893609851138 89.900126469839748 -17.184866898148144 49.000638875890253 17.000362753842605 1.0000000180025095e-35 1.0000000180025095e-35 0.91971643518518531 3.1878455316466447
decision_type=2 2 2 2 2 2 2 2 2 2 2 2 2 2 2
left_child=1 5 8 12 -5 6 -1 -7 10 -10 -2 14 -4 -13 -3
right_child=2 11 3 4 -6 7 -8 -9 9 -11 -12 13 -14 -15 -16
leaf_value=-5.4931337581633681e-05 0.0081916415870722688 0.052071415621806019 0.051000352032637079 -0.015059272589774235 0.0016416616035276996 -0.032690675984537225 0.014845051095868218 -0.005695672556335428 -0.021520566602004059 -0.010031387031436316 -0.026288118726749812 0.055314832265138072 0.055733785954397541 0.051623993912734513 0.050823442912914712
leaf_weight=6240.3011056464165 15.730847224593161 130.15896420180798 33.93838922935538 1534.9185493811965 5885.2882199755404 78.858370440080762 557.81446496397257 3219.8165740519762 309.91963978856802 1080.97412513569 335.38997385650873 374.98492611944675 356.35430200584233 54.590237903874367 21.003629977349192
leaf_count=32719 104 3516 2148 9094 41379 423 2842 16930 2040 6587 2113 4542 5429 2272 1464
internal_value=1.79924e-05 0.00172572 -0.00189086 0.00104203 -0.00181304 -0.00128545 0.00116768 -0.00634102 -0.0150408 -0.0125914 -0.0247434 0.0540785 0.0553222 0.0548458 0.051898
internal_weight=20230 10677.5 9552.51 7810.5 7420.21 10096.8 6798.12 3298.67 1742.01 1390.89 351.121 580.738 390.293 429.575 151.163
internal_count=133602 64708 68894 58050 50473 52914 35561 17353 10844 8627 2217 11794 7577 6814 4980
is_linear=0
shrinkage=0.05


Tree=178
num_leaves=16
num_cat=0
split_feature=3 3 3 3 3 3 3 0 0 5 0 4 1 1 5
split_gain=26.8526 596.562 177.129 342.734 129.838 448.433 74.8886 9.65134 20.4524 6.98806 6.89442 0.66688 0.326917 0.113927 0.000178284
threshold=3.9999396960457188 3.0000023189429501 4.0004450093452339 4.9998844824361814 2.9999721473679828 2.0001367691417618 5.0001066880784402 29.991571209709956 28.184031882493212 10.500000000000002 152.3248410337047 1.0000000180025095e-35 27.870248886152158 28.180018517551936 41.500000000000007
decision_type=2 2 2 2 2 2 2 2 2 2 2 2 2 2 2
left_child=1 4 7 12 5 -1 -5 8 -2 -6 -9 14 -4 -13 -3
right_child=2 11 3 6 9 -7 -8 10 -10 -11 -12 13 -14 -15 -16
leaf_value=-0.00059466921127191374 -0.032311699423079231 0.051955684963344233 0.05948336431395998 -0.016338015864621358 -0.021399742297308576 0.05504082262247606 0.0010134510334482321 -0.027602733363176465 0.0080582413406086652 -0.012767137802534651 -0.018443714364604551 0.060291779114034764 0.055682233120524838 0.058434535348324268 0.052197471596540472
leaf_weight=12375.513338750228 55.037386275827885 14.769336706493052 163.28924264805391 758.13828721642494 289.33991421014071 373.10740788048133 3459.0940766329877 524.12285484373569 72.970346234738827 1235.2880307286978 337.94793813675642 282.05772389611229 86.546124699525535 116.74903980549425 15.759128398727624
leaf_count=75552 345 491 1904 4406 1695 7577 22753 3276 415 7399 1929 2753 1408 1226 473
internal_value=1.9466e-05 0.00113122 -0.0029758 0.00126509 -0.000615563 0.00103359 -0.00210585 -0.0221099 -0.00929896 -0.0144054 -0.0240122 0.0592029 0.0581666 0.0597481 0.0520805
internal_weight=20159.7 14702.6 5457.15 4467.07 14273.2 12748.6 4217.23 990.079 128.008 1524.63 862.071 429.335 249.835 398.807 30.5285
internal_count=133602 97166 36436 30471 92223 83129 27159 5965 760 9094 5205 4943 3312 3979 964
is_linear=0
shrinkage=0.05


Tree=179
num_leaves=16
num_cat=0
split_feature=3 3 3 3 1 0 0 1 5 3 1 5 1 5 1
split_gain=26.1639 151.009 43.4748 127.447 17.8135 13.5209 11.1351 10.1251 8.95928 11.7827 8.50654 7.29889 0.304258 0.0122009 0.00374024
threshold=9.9994156256975142 9.000304054078585 8.8742265484437333 8.0000467969291389 27.621462880686476 124.99050503902224 63.231363433816391 140.01478320893185 19.500000000000004 10.015470520547924 17.631706573720034 60.500000000000007 23.982198772301004 19.500000000000004 28.428307249440316
decision_type=2 2 2 2 2 2 2 2 2 2 2 2 2 2 2
left_child=1 2 3 -1 8 11 -4 -7 10 -10 -2 -6 13 -3 -14
right_child=4 12 6 -5 5 7 -8 -9 9 -11 -12 -13 14 -15 -16
leaf_value=2.3583874062037505e-05 0.0068020739864195533 0.060440764279051852 -0.080204754620941704 0.058720378215083316 -0.014590266750783985 -0.0009755231708002554 -0.024131157861498387 0.023334709256657839 -0.023249711538219024 0.0081346452036084559 -0.015160074636439197 -0.05729923753805493 0.057368132892910456 0.062042810095301708 0.056096937587598261
leaf_weight=18671.062721212744 76.969351202249527 18.05393467284739 9.5198757648468 92.938657720107585 67.800425760447979 463.51330558210611 126.49695508927107 47.19210834056139 273.73946565762162 33.574027210474014 103.21476450935006 11.735122114419935 6.5261943479999891 34.778270764276385 51.052058670669794
leaf_count=125092 384 146 41 1103 325 2188 605 205 1695 179 548 57 73 288 673
internal_value=2.10985e-05 0.000450746 0.000110141 0.000314311 -0.00755753 -0.00171556 -0.0280558 0.00127088 -0.0146307 -0.019821 -0.00577849 -0.0208918 0.0587553 0.0614954 0.056241
internal_weight=20088.2 19010.4 18900 18764 1077.74 590.241 136.017 510.705 487.498 307.313 180.184 79.5355 110.41 52.8322 57.5783
internal_count=133602 128021 126841 126195 5581 2775 646 2393 2806 1874 932 382 1180 434 746
is_linear=0
shrinkage=0.05


Tree=180
num_leaves=16
num_cat=0
split_feature=3 3 3 3 3 3 3 5 0 0 1 1 1 4 5
split_gain=25.5631 242.335 71.3482 225.973 48.3114 129.146 31.378 7.47901 6.0611 5.05517 1.87242 0.390645 0.319252 0.0446997 0.0202444
threshold=7.9999920423029671 7.0000764381187706 6.9999897041071204 6.0007950474366512 8.0000467969291389 8.8742265484437333 9.000304054078585 5.5000000000000009 69.801040906839262 139.93412254265593 22.951047752824554 23.249919734517359 27.430382768235663 1.0000000180025095e-35 19.500000000000004
decision_type=2 2 2 2 2 2 2 2 2 2 2 2 2 2 2
left_child=1 2 3 -1 7 12 -7 10 -9 -4 -2 14 -6 -13 -3
right_child=4 11 9 -5 5 6 -8 8 -10 -11 -12 13 -14 -15 -16
leaf_value=-0.00014349054278757771 -0.032138945994650239 0.061362259022093614 -0.023897744847706168 0.059700321447544363 0.060849042802337598 -0.026723477557270656 -0.0013318761092130078 0.00054803921967189965 -0.017037566291635706 -0.040643345961610733 -0.067079358146509657 0.05125472707867882 0.054803246377301197 0.05799040209542923 0.06307522340114316
leaf_weight=17483.011558031314 7.1695071756839743 23.992302577476948 130.92595928162336 159.18214697320946 50.808106934651732 135.66619035601616 1179.3940072618425 53.423465415835381 591.46751567721367 68.726249501109123 8.2423976659774763 2.5402312870137385 38.292543702293187 81.119680857285857 61.362616730853915
leaf_count=116574 41 223 823 1791 469 646 6761 287 3306 410 41 122 634 916 558
internal_value=2.05337e-05 0.000624597 6.01103e-05 0.000396469 -0.00524945 -4.34332e-06 -0.00395136 -0.0164034 -0.0155808 -0.0296621 -0.0508253 0.0602139 0.0582508 0.0577859 0.0625937
internal_weight=20075.3 18010.9 17841.8 17642.2 2064.46 1404.16 1315.06 660.303 644.891 199.652 15.4119 169.015 89.1007 83.6599 85.3549
internal_count=133602 121417 119598 118365 12185 8510 7407 3675 3593 1233 82 1819 1103 1038 781
is_linear=0
shrinkage=0.05


Tree=181
num_leaves=16
num_cat=0
split_feature=3 3 3 3 3 3 3 3 2 5 5 2 1 1 2
split_gain=25.7316 401.451 148.242 219.101 77.981 562.492 107.039 58.0107 10.0365 8.58645 8.1663 0.826994 0.60738 0.237559 0.0487345
threshold=5.9999363954162233 5.0001066880784402 6.0007950474366512 6.9999897041071204 3.9999396960457188 3.0000023189429501 4.0004450093452339 7.0000764381187706 -12.879029313299528 48.500000000000007 70.500000000000014 0.91971643518518531 28.180018517551936 27.621462880686476 1.9626297871594764
decision_type=2 2 2 2 2 2 2 2 2 2 2 2 2 2 2
left_child=1 4 8 13 5 -1 -6 -5 9 -2 -10 12 -3 -4 -13
right_child=2 11 3 7 6 -7 -8 -9 10 -11 -12 14 -14 -15 -16
leaf_value=-0.00057862726849061252 -0.026828139903863325 0.065247134180198257 0.060810468061687988 -0.028604978596905379 -0.02122604228934441 0.058687244065858429 0.0020737408900165064 -0.00027699077275785143 -0.017788182744371574 -0.045058219417670714 -0.043827858820613519 0.05762305068647449 0.060071467231516885 0.056805201037546431 0.051641393983827125
leaf_weight=14244.46905858838 174.33470698446035 147.13990055210888 89.763378613628447 196.75805223733187 979.78661891818047 411.93454229948111 991.9844148545526 2217.7721638260409 283.41574912518263 102.60843743383884 33.687661901116371 4.286192853003743 92.207479806616902 63.006772169843316 16.565221341326833
leaf_count=92223 938 882 946 1233 5965 4943 7718 14004 1517 624 192 41 758 845 773
internal_value=2.05432e-05 0.000795525 -0.00411952 0.00108873 -0.000168798 0.00108711 -0.00950408 -0.00258541 -0.0266281 -0.0335825 -0.0205545 0.0624212 0.0632532 0.0591586 0.052871
internal_weight=20049.7 16888.4 3161.35 2567.3 16628.2 14656.4 1971.77 2414.53 594.047 276.943 317.103 260.199 239.347 152.77 20.8514
internal_count=133602 113303 20299 17028 110849 97166 13683 15237 3271 1562 1709 2454 1640 1791 814
is_linear=0
shrinkage=0.05


Tree=182
num_leaves=16
num_cat=0
split_feature=3 3 3 3 3 1 1 5 2 1 5 4 2 4 2
split_gain=26.0317 637.356 131.247 434.394 110.512 31.7277 52.9276 20.2569 15.4976 12.498 7.36389 0.332585 0.221809 0.202112 0.0096884
threshold=1.9999784771843854 1.00007030468741 2.0001367691417618 2.9999721473679828 3.0000023189429501 7.3900723787310891 7.7152063675123808 70.500000000000014 -17.184866898148144 47.539621186354573 25.500000000000004 1.0000000180025095e-35 0.91971643518518531 1.0000000180025095e-35 3.1878455316466447
decision_type=2 2 2 2 2 2 2 2 2 2 2 2 2 2 2
left_child=1 5 8 13 -5 7 -7 -1 10 -10 -2 14 -13 -4 -3
right_child=2 11 3 4 -6 6 -8 -9 9 -11 -12 12 -14 -15 -16
leaf_value=-0.03073170758440465 -0.013375043882229987 0.051969077174755643 0.050900687453456064 -0.013745769594713134 0.0014354087526344027 0.024534805708018161 -0.001323288105169539 0.016644603485315972 -0.010974101460233629 -0.034510166865549245 -0.028913507350204259 0.055037811666152264 0.051545710795744673 0.055146490799209136 0.050783811103183578
leaf_weight=137.33208903670311 113.50606828927994 124.20298004988581 30.665054506855085 1514.3250991292298 5752.9665821533417 202.00425316020846 9722.0704881288111 26.998319871723652 1322.9444632716477 58.916067481040955 232.29251371324062 358.86693190224469 52.069942190311849 326.10973661066964 20.019933713600039
leaf_count=808 690 3516 2148 9094 41379 1033 50923 150 8326 301 1527 4542 2272 5429 1464
internal_value=2.13901e-05 0.00171245 -0.00190327 0.000916437 -0.00172798 -0.00115777 -0.000796947 -0.0229481 -0.0143465 -0.0119776 -0.0238131 0.0538703 0.0545953 0.0547816 0.0518045
internal_weight=19995.3 10643.6 9351.73 7624.07 7267.29 10088.4 9924.07 164.33 1727.66 1381.86 345.799 555.16 410.937 356.775 144.223
internal_count=133602 64708 68894 58050 50473 52914 51956 958 10844 8627 2217 11794 6814 7577 4980
is_linear=0
shrinkage=0.05


Tree=183
num_leaves=16
num_cat=0
split_feature=3 3 3 3 3 3 3 1 2 1 5 2 1 1 2
split_gain=24.2273 376.61 135.563 206.552 77.2756 316.167 53.1949 15.0215 9.61962 9.12793 6.42689 0.690288 0.502194 0.199125 0.0412973
threshold=5.9999363954162233 5.0001066880784402 6.0007950474366512 6.9999897041071204 4.9998844824361814 4.0004450093452339 7.0000764381187706 87.491239594938392 -13.809092574370785 12.690188574502828 7.5000000000000009 0.91971643518518531 27.621462880686476 27.621462880686476 1.9626297871594764
decision_type=2 2 2 2 2 2 2 2 2 2 2 2 2 2 2
left_child=1 4 8 13 5 -1 -5 -6 10 -10 -2 12 -3 -4 -13
right_child=2 11 3 6 7 -7 -8 -9 9 -11 -12 14 -14 -15 -16
leaf_value=-0.00027431532909532734 -0.017698508255125759 0.064312562130250134 0.060174373367392446 -0.027633366074275401 -0.017089601518946392 0.057691154250075843 -0.0003348569899289883 0.022398962517418977 -0.042562632263079082 -0.017711894320217969 -0.038153840010205484 0.057191056872083174 0.05953049735180798 0.056427351301249942 0.051559027209906995
leaf_weight=15540.573346729157 48.977902248501778 139.98414473235607 86.162927055265754 194.06954685598612 728.80176166445017 238.85945288976654 2218.1687258235179 24.906088277697563 41.796679884195328 318.77201003581285 177.79301205277443 4.1020366363227394 90.326681507751346 60.248628702247515 15.759927542880176
leaf_count=103131 259 869 946 1233 4301 3312 14004 105 252 1714 1046 41 771 845 773
internal_value=2.26123e-05 0.000777385 -0.00400397 0.000968834 -0.000143953 0.000603131 -0.00253108 -0.0157847 -0.0256672 -0.0205926 -0.0337359 0.0616658 0.0624371 0.0586325 0.0527222
internal_weight=19929.3 16783.3 3145.99 2558.65 16533.1 15779.4 2412.24 753.708 587.34 360.569 226.771 250.173 230.311 146.412 19.862
internal_count=133602 113303 20299 17028 110849 106443 15237 4406 3271 1966 1305 2454 1640 1791 814
is_linear=0
shrinkage=0.05


Tree=184
num_leaves=16
num_cat=0
split_feature=3 3 3 3 3 3 3 0 0 2 0 2 4 2 2
split_gain=24.4576 529.353 146.096 305.561 107.284 401.79 62.0283 9.09151 36.0823 6.76563 6.03578 0.570508 0.454976 0.18433 0.00467957
threshold=3.9999396960457188 3.0000023189429501 4.0004450093452339 4.9998844824361814 2.9999721473679828 2.0001367691417618 5.0001066880784402 29.98999806293515 29.900438939591947 -14.518249506779727 152.3248410337047 1.9626297871594764 1.0000000180025095e-35 0.91971643518518531 3.8503349671125346
decision_type=2 2 2 2 2 2 2 2 2 2 2 2 2 2 2
left_child=1 4 7 13 5 -1 -5 8 -2 -6 -9 12 -3 -4 -13
right_child=2 11 3 6 9 -7 -8 10 -10 -11 -12 14 -14 -15 -16
leaf_value=-0.00048963386008599912 -0.014785181729032924 0.052028637093171681 0.057618924851230859 -0.01511345141483026 -0.0082379723543852344 0.054531964120363013 0.00080257665673651082 -0.02536832913369886 0.097793405572733597 -0.015427936143396579 -0.016792229320180856 0.052474067274492886 0.059181292446028766 0.051425649865594072 0.050876963582850571
leaf_weight=12328.526594550349 94.939458779990673 23.770726873539388 216.09927912801504 747.99115822464228 480.84336069971323 340.97408262011595 3370.8421419451479 535.38914173841476 7.6942418813705435 1023.8705351799726 332.61997675150633 5.8373476937413242 343.63193711638451 12.721441343892364 21.403530309442431
leaf_count=75552 587 653 2266 4406 2859 7577 22753 3408 41 6235 1929 142 2707 1046 1441
internal_value=2.29481e-05 0.00108236 -0.00287919 0.00103648 -0.000507955 0.000991162 -0.00208782 -0.020418 -0.00634539 -0.0131303 -0.022082 0.0582009 0.0587185 0.0572746 0.0512192
internal_weight=19887.2 14568.9 5318.3 4347.65 14174.2 12669.5 4118.83 970.643 102.634 1504.71 868.009 394.644 367.403 228.821 27.2409
internal_count=133602 97166 36436 30471 92223 83129 27159 5965 628 9094 5337 4943 3360 3312 1583
is_linear=0
shrinkage=0.05


Tree=185
num_leaves=16
num_cat=0
split_feature=3 3 3 3 3 0 5 5 2 0 5 4 2 4 2
split_gain=24.83 603.793 117.788 389.383 90.6483 46.017 32.2809 19.3888 14.5012 11.9882 6.94065 0.284321 0.189296 0.147203 0.00832016
threshold=1.9999784771843854 1.00007030468741 2.0001367691417618 2.9999721473679828 3.0000023189429501 174.44194073663132 6.5000000000000009 59.500000000000007 -17.184866898148144 49.000638875890253 25.500000000000004 1.0000000180025095e-35 0.91971643518518531 1.0000000180025095e-35 3.1878455316466447
decision_type=2 2 2 2 2 2 2 2 2 2 2 2 2 2 2
left_child=1 5 8 13 -5 6 -1 -7 10 -10 -2 14 -13 -4 -3
right_child=2 11 3 4 -6 7 -8 -9 9 -11 -12 12 -14 -15 -16
leaf_value=0.0093189633774195674 -0.012773275349802746 0.051870988339101559 0.050811070146837445 -0.012548655130644385 0.0012874455311627014 -0.0068510089842679731 -0.00085056532277636961 -0.022108854399641907 -0.020163430402506677 -0.0089163325694916334 -0.027944529531228085 0.05477393300543934 0.051470488900743475 0.054621513471572861 0.050745715227024292
leaf_weight=863.49838751554489 112.59657383710146 118.45041687786579 27.701753420406021 1495.9772057197988 5672.4898340916261 838.47402830049396 8102.8685387037694 276.99547670781612 304.33821611851454 1069.6309769526124 228.12314373999834 343.20641973987222 49.637818664312363 298.00836139474995 19.071830851491541
leaf_count=4328 690 3516 2148 9094 41379 4174 42906 1506 2040 6587 1527 4542 2272 5429 1464
internal_value=2.42712e-05 0.0016728 -0.00187547 0.00082941 -0.00159999 -0.00106266 0.000128803 -0.0106399 -0.0136974 -0.0114076 -0.0229309 0.0536716 0.0543565 0.0542974 0.0517149
internal_weight=19821.1 10612.2 9208.87 7494.18 7168.47 10081.8 8966.37 1115.47 1714.69 1373.97 340.72 530.366 392.844 325.71 137.522
internal_count=133602 64708 68894 58050 50473 52914 47234 5680 10844 8627 2217 11794 6814 7577 4980
is_linear=0
shrinkage=0.05


Tree=186
num_leaves=16
num_cat=0
split_feature=3 3 3 3 3 3 3 3 5 0 0 1 1 4 5
split_gain=24.5939 227.456 60.3941 353.242 97.1062 43.9331 121.768 28.4175 7.10559 36.151 7.59881 0.325219 0.267179 0.0376118 0.0168826
threshold=7.9999920423029671 7.0000764381187706 5.9999363954162233 5.0001066880784402 6.0007950474366512 8.0000467969291389 8.8742265484437333 9.000304054078585 65.500000000000014 69.801040906839262 81.500438969386309 23.249919734517359 27.430382768235663 1.0000000180025095e-35 19.500000000000004
decision_type=2 2 2 2 2 2 2 2 2 2 2 2 2 2 2
left_child=1 2 3 -1 -4 8 12 -8 10 -10 -2 14 -7 -13 -3
right_child=5 11 4 -5 -6 6 7 -9 9 -11 -12 13 -14 -15 -16
leaf_value=-0.00011311880243825954 -0.033422224724041688 0.060669882135785919 -0.024764076107308998 0.060956968284241644 0.0091427043105891097 0.0601956434904381 -0.025603499146010934 -0.0014105556870485278 0.059673021961640788 -0.014988824895931275 -0.016209840084092163 0.051188795243067457 0.054538031354105503 0.057528200425287439 0.062266473270787714
leaf_weight=16386.948750868789 76.000214740633965 23.020975043531507 580.99188007041812 240.25732688512653 331.72707936377265 48.723999640904367 135.30093912035227 1179.7430995823815 18.147002093493938 152.12771816551685 410.24894965440035 2.412505265325307 36.50024984870106 77.571748227346689 58.971504075452685
leaf_count=110849 425 223 3271 2454 3024 469 646 6761 99 893 2258 122 634 916 558
internal_value=2.52741e-05 0.000626573 8.19183e-05 0.000769323 -0.0124407 -0.00514984 -0.000146148 -0.0038997 -0.015822 -0.00703175 -0.0189001 0.0596054 0.0577726 0.057337 0.0618182
internal_weight=19758.7 17701.9 17539.9 16627.2 912.719 2056.79 1400.27 1315.04 656.524 170.275 486.249 161.977 85.2242 79.9843 81.9925
internal_count=133602 121417 119598 113303 6295 12185 8510 7407 3675 992 2683 1819 1103 1038 781
is_linear=0
shrinkage=0.05


Tree=187
num_leaves=15
num_cat=0
split_feature=0 5 0 0 0 2 5 5 1 1 1 1 0 2
split_gain=24.493 67.8138 58.8851 54.2486 49.0862 38.1106 32.6206 27.0332 19.7547 11.457 9.23646 7.5412 6.23621 1.45932
threshold=19.899656611312228 4.5000000000000009 20.000373659412393 22.900563292141154 19.362092977081733 -3.0838136574074069 68.500000000000014 4.5000000000000009 8.2905817137709956 18.200017859255606 7.4706947426478001 18.000596953798347 19.900098283442635 -10.731469147436741
decision_type=2 2 2 2 2 2 2 2 2 2 2 2 2 2
left_child=1 10 7 8 5 -3 -5 13 -4 -6 -1 -12 -9 -2
right_child=2 4 3 6 9 -7 -8 12 -10 -11 11 -13 -14 -15
leaf_value=-0.0084725597420192023 0.023192258332136974 -0.0021834923602933607 -0.014223653273265524 -0.0013498046948413793 0.059294676534018834 0.02262244936634647 0.0045295779048006007 -0.036610169609779981 0.026591796592002909 -0.0048241418865746701 0.083360992618868118 0.015800314976527934 -0.019172318588812132 0.067291780773746632
leaf_weight=3.5780004411935797 2.5428931266069412 863.85655634570867 33.683871887624264 15280.455867945449 48.436093377647921 188.65015463717282 2789.9822735198541 128.22369990497828 247.27942626667209 8.1373880538158101 35.055879916064441 4.6820572018623343 85.432140609715134 7.1526366192847473
leaf_count=16 12 4732 198 104408 287 1553 19306 751 1523 69 160 20 525 42
internal_value=2.51724e-05 0.00709843 -0.00041366 -0.000103082 0.00470142 0.0022627 -0.000442058 -0.0259319 0.0216986 0.050072 0.0684726 0.0754008 -0.0296375 0.0557256
internal_weight=19727.1 1152.4 18574.8 18351.4 1109.08 1052.51 18070.4 223.351 280.963 56.5735 43.3159 39.7379 213.656 9.69553
internal_count=133602 6837 126765 125435 6641 6285 123714 1330 1721 356 196 180 1276 54
is_linear=0
shrinkage=0.05


Tree=188
num_leaves=16
num_cat=0
split_feature=3 3 3 3 3 1 0 2 0 1 0 1 1 2 2
split_gain=23.5992 142.47 35.4313 214.557 30.3082 16.3774 12.2933 10.4832 11.4109 9.17757 6.42399 6.13557 0.255028 0.10291 0.0407045
threshold=9.9994156256975142 9.000304054078585 7.9999920423029671 7.0000764381187706 8.0000467969291389 27.621462880686476 124.99050503902224 -21.212540509259256 205.00179680239626 179.96659140238188 134.65600934883898 32.701040215163509 23.982198772301004 1.9626297871594764 1.9626297871594764
decision_type=2 2 2 2 2 2 2 2 2 2 2 2 2 2 2
left_child=1 2 3 -1 -4 7 11 8 -2 -8 -9 -7 13 -3 -14
right_child=5 12 4 -5 -6 6 9 10 -10 -11 -12 -13 14 -15 -16
leaf_value=7.3834784800556218e-05 -0.016109681975521668 0.06142495140955756 -0.015135864045362872 0.059065157027968079 0.0064535128079569338 0.0076381705654134865 -0.00029063182495913422 -0.0081281345122183307 0.030948613799658804 0.0304072272132902 -0.020957258644800511 -0.026976989991986007 0.056377270401822013 0.052418732106836487 0.051953181728883441
leaf_weight=17519.805500725284 25.878831580281258 47.385410629212856 651.8485364690423 155.50467058504 216.57302067894489 16.068156741559505 484.86751533485949 148.76431996375322 25.650593176484108 25.634575180709362 283.59207877330482 62.969440065324306 49.309986962936819 3.3993919733911744 5.8119923491030923
leaf_count=119598 148 325 3675 1819 1749 78 2283 870 136 110 1652 304 536 109 210
internal_value=2.37094e-05 0.000438646 0.000108384 0.000592831 -0.00975175 -0.00718538 -0.00159012 -0.0140023 0.00731525 0.00125084 -0.016543 -0.0199398 0.0582659 0.0608221 0.0559108
internal_weight=19723.1 18649.6 18543.7 17675.3 868.422 1073.43 589.54 483.886 51.5294 510.502 432.356 79.0376 105.907 50.7848 55.122
internal_count=133602 128021 126841 121417 5424 5581 2775 2806 284 2393 2522 382 1180 434 746
is_linear=0
shrinkage=0.05


Tree=189
num_leaves=16
num_cat=0
split_feature=2 2 2 2 2 2 2 2 2 1 3 1 1 3 1
split_gain=23.7893 142.625 66.1726 47.6619 44.498 37.5451 39.1345 17.863 12.0157 8.15471 7.82654 5.32761 4.93025 4.67285 3.95419
threshold=-18.961793981481478 -18.570989583333333 -19.490983796296295 -20.056562499999995 -20.437285879629627 -18.116076181739125 -17.634146641639767 -18.404219850554068 -19.099332742160467 20.075889831170262 1.0278879905842853 15.99005482166125 14.099845903280356 9.9994156256975142 59.845264731223814
decision_type=2 2 2 2 2 2 2 2 2 2 2 2 2 2 2
left_child=2 10 3 4 -1 7 -7 -3 11 -5 12 -4 -2 -12 -10
right_child=1 5 8 9 -6 6 -8 -9 14 -11 13 -13 -14 -15 -16
leaf_value=-5.1830164324765001e-05 0.12930040932972775 0.0042091220871622575 -0.016293117042555365 0.036178875307699442 -0.019079523539305841 0.025145611670209761 0.00057790012417215629 -0.021995753083992292 -0.0073993445130182498 0.013613506889277536 0.050160823696252292 -0.029691103375821055 0.078622694366254395 0.11056041518771931 0.044388004221660116
leaf_weight=2241.8262291233987 5.8248278498649588 85.870281204581261 104.59850998222828 83.949791351333261 356.06332110054791 163.76433370262384 15905.953748351778 267.98974993079901 83.327721015550196 76.541026009246707 39.028648257255554 255.29405319131911 27.258263185620308 3.488459274172782 3.8565523959696284
leaf_count=13746 31 528 636 558 2112 1056 110351 1584 505 498 355 1477 125 17 23
internal_value=2.3161e-05 0.000788917 -0.00391835 -0.00102615 -0.00265974 0.000473515 0.000828266 -0.0156367 -0.0217627 0.025417 0.0693076 -0.0257971 0.0875453 0.0551165 -0.00510856
internal_weight=19704.6 16499.2 3205.46 2758.38 2597.89 16423.6 16069.7 353.86 447.077 160.491 75.6002 359.893 33.0831 42.5171 87.1843
internal_count=133602 114047 19555 16914 15858 113519 111407 2112 2641 1056 528 2113 156 372 528
is_linear=0
shrinkage=0.05


Tree=190
num_leaves=14
num_cat=0
split_feature=4 4 5 5 5 5 1 1 5 1 1 1 5
split_gain=23.3675 27.5632 25.1561 213.566 45.5593 14.7322 11.7917 10.431 3.25283 6.19647 6.01257 4.61097 3.87044
threshold=2.5000000000000004 1.5000000000000002 41.500000000000007 40.500000000000007 68.500000000000014 43.500000000000007 43.540176772727769 17.543712903682025 7.5000000000000009 9.0805252446865676 70.642317328600242 25.090280571837841 72.500000000000014
decision_type=2 2 2 2 2 2 2 2 2 2 2 2 2
left_child=1 2 3 -1 -4 6 -3 -7 9 -2 12 -11 -10
right_child=8 5 4 -5 -6 7 -8 -9 10 11 -12 -13 -14
leaf_value=0.0011028601068887906 0.058469342384838086 0.0089989243243251259 -0.0039382683812842446 0.079516521345676827 0.0034066513490727222 0.038906636527177373 -0.040772940063528933 0.01072450012381003 -0.024815872433196464 -0.02051296993255378 0.043659889813629948 0.019785783764923386 0.010394070645079349
leaf_weight=8972.433918177383 3.4809032827615729 172.71352219302207 7133.2308198846877 87.682472781743854 2998.8543692184612 79.460042002145201 12.780588777270166 55.954868189059198 132.67126132547855 30.410619951784611 3.493316985666751 9.2594846338033658 8.2927987501025182
leaf_count=59719 18 1058 49163 950 20496 509 74 378 921 190 17 48 61
internal_value=2.15751e-05 0.000190424 -5.25725e-05 0.00186174 -0.00176435 0.014723 0.00556963 0.0272615 -0.0175404 -0.00549419 -0.0211387 -0.0111068 -0.0227445
internal_weight=19700.7 19513.1 19192.2 9060.12 10132.1 320.909 185.494 135.415 187.608 43.151 144.457 39.6701 140.964
internal_count=133602 132347 130328 60669 69659 2019 1132 887 1255 256 999 238 982
is_linear=0
shrinkage=0.05


Tree=191
num_leaves=16
num_cat=0
split_feature=5 5 0 0 5 0 0 0 0 0 3 3 0 3 2
split_gain=24.2396 60.1256 55.9818 27.3515 59.031 50.2901 27.2787 12.7138 16.1505 14.513 12.4198 13.4896 9.79104 2.39315 0.0329614
threshold=72.500000000000014 71.500000000000014 24.990183982611374 19.899656611312228 4.5000000000000009 20.000373659412393 123.37778366107975 49.533964888459685 27.900655972598823 28.937721427220605 1.00007030468741 1.9999784771843854 192.00406684400355 1.9999784771843854 -11.331174768518517
decision_type=2 2 2 2 2 2 2 2 2 2 2 2 2 2 2
left_child=1 3 13 4 -1 -5 -4 8 14 -10 12 -12 -9 -3 -2
right_child=7 2 6 5 -6 -7 -8 10 9 -11 11 -13 -14 -15 -16
leaf_value=0.064635698192929789 -0.062900550895558877 -0.06788514133624228 0.014333561441738968 -0.024374863309087957 0.0052543341589670178 -0.00017461814324264312 0.043775138477776622 -0.014737509761281842 0.090888409954957311 0.0059743485609156551 0.05334367878498663 -0.007437481181782008 -0.03936533899986585 -0.025760547243580359 -0.069542738322692615
leaf_weight=43.518057384062558 4.2333690896630287 16.286134667694572 199.95834404509515 217.40676262835041 1093.4184387596324 17089.771906054462 129.71322340611368 179.6269872635603 5.223679468035697 137.11544398311526 9.2948515824973565 510.2587921237573 52.051107533276081 4.2518493235111228 3.3424855992197982
leaf_count=196 29 81 1358 1307 6567 116785 1151 964 31 842 235 3711 301 25 19
internal_value=2.04876e-05 0.000404578 0.0209281 1.48861e-05 0.00752725 -0.000478613 0.0259177 -0.00799011 0.00530448 0.0090906 -0.0106432 -0.0063501 -0.0202706 -0.0591644 -0.0658311
internal_weight=19695.5 18794.3 350.21 18444.1 1136.94 17307.2 329.672 901.147 149.915 142.339 751.232 519.554 231.678 20.538 7.57585
internal_count=133602 127470 2615 124855 6763 118092 2509 6132 921 873 5211 3946 1265 106 48
is_linear=0
shrinkage=0.05


Tree=192
num_leaves=16
num_cat=0
split_feature=3 3 3 3 3 3 3 2 2 0 0 2 4 1 2
split_gain=22.8569 497.927 132.843 288.08 87.3797 360.377 55.7834 8.62476 21.0313 6.78189 4.95024 0.479482 0.381696 0.198255 0.00399208
threshold=3.9999396960457188 3.0000023189429501 4.0004450093452339 4.9998844824361814 2.9999721473679828 2.0001367691417618 5.0001066880784402 -16.99183427051906 -16.487320609618695 129.00014125629204 370.0249500158987 1.9626297871594764 1.0000000180025095e-35 27.870248886152158 3.8503349671125346
decision_type=2 2 2 2 2 2 2 2 2 2 2 2 2 2 2
left_child=1 4 7 13 5 -1 -5 10 -9 -6 -2 12 -3 -4 -13
right_child=2 11 3 6 9 -7 -8 8 -10 -11 -12 14 -14 -15 -16
leaf_value=-0.00046666786376394913 -0.026202396729269634 0.051924647488005085 0.057955869850700184 -0.01443688533117988 -0.014593685629218332 0.054071075308784772 0.00072393682996209059 0.069276435824080634 -0.017786631408050677 -0.007638616345381254 -0.057128553184763342 0.052345248023674788 0.058641340234627005 0.054784400669719097 0.050832839677673526
leaf_weight=12276.106870038435 216.36467964202166 22.605712667107582 143.65314240276348 742.46348399668932 919.34037813544273 310.56546692841221 3318.9728567708516 7.0036051198840132 723.68061056733131 566.46609832346439 13.762459501624106 5.5558790843933847 328.86553111672401 75.005903090815991 20.324243573704734
leaf_count=75552 1341 653 1904 4406 5815 7577 22753 40 4509 3279 75 142 2707 1408 1441
internal_value=1.92699e-05 0.0010452 -0.00280936 0.00096226 -0.000474674 0.000879005 -0.00204758 -0.0196107 -0.0169521 -0.0119421 -0.0280519 0.0577257 0.0582093 0.056868 0.0511575
internal_weight=19690.7 14449.8 5240.91 4280.1 14072.5 12586.7 4061.44 960.811 730.684 1485.81 230.127 377.351 351.471 218.659 25.8801
internal_count=133602 97166 36436 30471 92223 83129 27159 5965 4549 9094 1416 4943 3360 3312 1583
is_linear=0
shrinkage=0.05


Tree=193
num_leaves=16
num_cat=0
split_feature=3 3 3 3 3 0 0 1 2 0 0 2 2 1 2
split_gain=22.4466 570.845 106.015 348.062 74.3942 41.1729 41.4678 22.1353 13.074 11.9541 6.71625 0.164155 0.0819993 0.064331 0.00966832
threshold=1.9999784771843854 1.00007030468741 2.0001367691417618 2.9999721473679828 3.0000023189429501 89.89961959123751 79.001893609851138 104.39500000000002 -17.184866898148144 195.47450854272839 17.000362753842605 0.91971643518518531 1.9626297871594764 25.090280571837841 3.1878455316466447
decision_type=2 2 2 2 2 2 2 2 2 2 2 2 2 2 2
left_child=1 5 8 12 -5 6 -1 -7 10 -10 -2 13 -4 -3 -13
right_child=2 11 3 4 -6 7 -8 -9 9 -11 -12 14 -14 -15 -16
leaf_value=3.6331903935477287e-05 0.010412069366969118 0.054183523858323493 0.054070738504835285 -0.011411026624026138 0.0012071185829477229 -0.0062878620196609829 0.014250063521856716 0.019412336218137691 -0.0094515051943755216 -0.026136536189553406 -0.023461999376598611 0.052257521817086795 0.05055560371086712 0.052768223416171045 0.050898274572220105
leaf_weight=6228.4240245819092 15.335214205086229 328.06803613994271 278.89859462436289 1477.4426389783621 5579.4234109210083 3195.5373727288097 559.20983423478901 86.038235027343035 1248.2691885605454 117.45131731405854 319.53855304419994 17.371179865673184 17.640111730550416 106.3077588416636 52.991894486360252
leaf_count=32719 104 5453 5171 9094 41379 16969 2842 384 7941 686 2113 457 2406 2430 3454
internal_value=2.06597e-05 0.00158528 -0.00180663 0.000795271 -0.00143465 -0.00101575 0.00120735 -0.00561404 -0.0130573 -0.0108864 -0.0219108 0.0534742 0.0538616 0.0538371 0.0512338
internal_weight=19627.9 10573.9 9054 7353.4 7056.87 10069.2 6787.63 3281.58 1700.59 1365.72 334.874 504.739 296.539 434.376 70.3631
internal_count=133602 64708 68894 58050 50473 52914 35561 17353 10844 8627 2217 11794 7577 7883 3911
is_linear=0
shrinkage=0.05


Tree=194
num_leaves=15
num_cat=0
split_feature=4 3 5 5 0 0 0 1 5 5 1 1 3 3
split_gain=22.1009 192.523 25.0106 21.7388 21.2015 42.2432 22.6855 19.7676 18.9333 17.2554 8.36259 4.27838 0.00712745 0.00217325
threshold=1.0000000180025095e-35 1.00007030468741 1.5000000000000002 4.5000000000000009 19.899656611312228 19.362092977081733 20.000373659412393 14.10012666465412 4.5000000000000009 4.5000000000000009 18.200017859255606 23.104849631979132 11.880412499508468 2.0001367691417618
decision_type=2 2 2 2 2 2 2 2 2 2 2 2 2 2
left_child=1 2 11 -4 5 9 8 -8 -6 -2 -7 -1 13 -3
right_child=4 12 3 -5 6 10 7 -9 -10 -11 -12 -13 -14 -15
leaf_value=-0.031539558263764221 0.051457312301081137 0.051541882974778734 0.034097130872046744 0.00080879692636862165 0.05122978409482927 0.06107465418767654 -0.0048176423674511012 -0.00020799979158924069 -0.025655836781670355 0.0028323759959671679 -0.0018071440234678601 -0.07678873381500001 0.05616040366237364 0.051194937321937632
leaf_weight=10.684627406299116 18.735027449205518 124.2795059052296 49.538435403257608 4920.6314636711031 8.5073380311951023 41.054491512710229 2988.6331137574743 10485.31498430646 136.17708982620388 697.68301464268006 6.0688496939837924 10.221400201320646 0.79479209333658118 70.878110025892965
leaf_count=54 90 4980 225 24135 49 231 20318 73684 929 4364 57 44 9 4433
internal_value=2.17397e-05 0.0028197 0.000911033 0.00114059 -0.000987364 0.00712021 -0.00144192 -0.00123046 -0.021135 0.00410397 0.0529763 -0.0536628 0.0514351 0.0514159
internal_weight=19569.2 5187.03 4991.08 4970.17 14382.2 763.541 13618.6 13473.9 144.684 716.418 47.1233 20.906 195.952 195.158
internal_count=133602 33880 24458 24360 99722 4742 94980 94002 978 4454 288 98 9422 9413
is_linear=0
shrinkage=0.05


Tree=195
num_leaves=16
num_cat=0
split_feature=3 3 3 3 1 1 1 2 2 2 3 5 1 2 2
split_gain=21.7589 133.964 33.7243 105.736 15.3355 12.8456 13.9677 6.16599 5.40093 2.54217 8.08216 2.96091 0.212241 0.0857414 0.0343097
threshold=9.9994156256975142 9.000304054078585 8.8742265484437333 8.0000467969291389 15.126405060816102 140.01478320893185 82.551981721724829 7.7781165570480413 -5.1102448165483745 -9.9521817129629611 10.015470520547924 17.500000000000004 23.982198772301004 1.9626297871594764 1.9626297871594764
decision_type=2 2 2 2 2 2 2 2 2 2 2 2 2 2 2
left_child=1 2 3 -1 9 6 -6 -4 -7 11 -11 -2 13 -3 -14
right_child=4 12 7 -5 5 8 -8 -9 -10 10 -12 -13 14 -15 -16
leaf_value=3.658111465192424e-05 -0.017698062895226123 0.060728706842781879 -0.026767721682750656 0.05729032304223744 -0.0045723740793529701 0.027509205799217923 -0.028109510583363469 0.033224918335482717 -0.020182360358426802 -0.023610004059360947 0.051508420454244357 -0.043012291870299924 0.056023625213289754 0.052300187963221681 0.051850722409801889
leaf_weight=18166.765087385196 18.288717538118362 45.454109448939562 130.49878004565835 81.000439160503447 856.29411832615733 40.153821228072047 68.039934042841196 4.4283238910138598 6.9663522988557807 44.834631368517876 3.8915592432022086 31.356884248554707 47.01497704256326 3.2319109169766298 5.5023262109607449
leaf_count=125092 93 325 593 1103 4483 166 309 53 40 263 18 209 536 109 210
internal_value=2.11396e-05 0.000422407 0.000106572 0.000290726 -0.00691175 -0.00500679 -0.00630494 -0.0247988 0.0204584 -0.0257239 -0.0176106 -0.0336869 0.0577911 0.0601692 0.0555864
internal_weight=19553.7 18483.9 18382.7 18247.8 1069.83 971.454 924.334 134.927 47.1202 98.3718 48.7262 49.6456 101.203 48.686 52.5173
internal_count=133602 128021 126841 126195 5581 4998 4792 646 206 583 281 302 1180 434 746
is_linear=0
shrinkage=0.05


Tree=196
num_leaves=16
num_cat=0
split_feature=2 2 5 5 5 5 2 0 2 5 0 5 2 2 2
split_gain=21.5381 49.7202 22.4458 78.5421 44.5693 26.9981 22.2697 22.0865 24.4022 18.231 11.2939 9.27026 6.62324 6.09213 4.17661
threshold=-3.0838136574074069 -2.4174131944444439 19.500000000000004 20.500000000000004 27.500000000000004 17.500000000000004 -24.524817819353501 19.899656611312228 -1.9262946269936563 66.500000000000014 26.197934892179244 15.500000000000002 -7.3994155092592591 -2.7910221966287132 -2.7910221966287132
decision_type=2 2 2 2 2 2 2 2 2 2 2 2 2 2 2
left_child=2 11 5 10 -5 6 -1 9 -9 -3 -4 14 -7 -13 -2
right_child=1 7 3 4 -6 12 -8 8 -10 -11 -12 13 -14 -15 -16
leaf_value=0.013566756352789333 0.035908532828689686 0.026774449577098642 0.014494550050412086 0.011770308916164337 -0.0018237842952649589 0.031389954382513824 0.00061396885134798289 -0.013515825995372759 0.002784535131240785 -0.012541244748821732 -0.023853563791309276 0.011226060318827918 -0.00075254366619415545 0.033684943657841464 0.065703905368672169
leaf_weight=358.09033471904695 26.808689545840025 149.19942802214064 20.080183304846287 639.53740304429084 10536.989940221421 96.158816699404269 4526.7165946415626 255.08663043007255 2298.0803842245368 36.748916767537594 437.89127871394157 57.758885658346117 19.232476967852563 63.271584501489997 20.955059590749443
leaf_count=2115 158 1310 119 3527 65767 609 26783 1482 27515 313 2871 370 135 404 124
internal_value=2.05656e-05 0.00399064 -0.000673443 -0.00187751 -0.00104591 0.00212818 0.0015635 0.00236764 0.00115597 0.0190045 -0.0221722 0.030328 0.0260327 0.022967 0.0489805
internal_weight=19542.6 2907.91 16634.7 11634.5 11176.5 5000.2 4884.81 2739.12 2553.17 185.948 457.971 168.794 115.391 121.03 47.7637
internal_count=133602 31676 101926 72284 69294 29642 28898 30620 28997 1623 2990 1056 744 774 282
is_linear=0
shrinkage=0.05


Tree=197
num_leaves=16
num_cat=0
split_feature=4 4 0 5 5 3 0 0 5 0 5 2 2 2 5
split_gain=21.1471 24.3413 26.354 22.2657 56.4677 14.7083 12.0544 3.11626 6.18258 6.1192 4.99609 2.99795 2.99525 2.39577 1.26683
threshold=2.5000000000000004 1.5000000000000002 14.50159637566871 72.500000000000014 68.500000000000014 1.00007030468741 157.93520471842652 129.99020288049664 7.5000000000000009 92.883525305336562 15.500000000000002 -17.341583268398111 -17.987008947319211 6.4396123855078971 6.5000000000000009
decision_type=2 2 2 2 2 2 2 2 2 2 2 2 2 2 2
left_child=1 3 12 4 -1 -4 -5 8 9 -2 14 -12 -3 -10 -9
right_child=7 2 5 6 -6 -7 -8 10 13 -11 11 -13 -14 -15 -16
leaf_value=-0.00068451480739858657 0.007120916712324914 0.1261372120272945 0.0075102018319801907 -0.0030109399488465081 0.0080303955732959186 0.053981171845612741 -0.01499912548555575 -0.056661961745474845 -0.023913822756741736 -0.049831916346329781 -0.02638664543341028 0.021279923334683499 0.064334626599085537 -0.068148158615399232 -0.01754042933258133
leaf_weight=16054.24620924762 30.920947290956974 2.2292542457580593 284.27771390974522 518.20290568005294 2102.0955943709705 18.111828674096614 352.21156084560789 3.5659028515219706 116.64802341163158 5.5651808083057395 4.1335970982909229 16.330858878791332 16.259731515310705 3.1435160264372817 4.9305519387125969
leaf_count=109832 181 14 1542 3466 14507 373 2523 22 825 36 28 107 90 26 30
internal_value=1.93076e-05 0.000180285 0.0138368 -5.00271e-05 0.000324476 0.0102936 -0.00786194 -0.0167943 -0.0195861 -0.00156602 -0.00172948 0.0116518 0.0717863 -0.0250746 -0.0339595
internal_weight=19532.9 19347.6 320.879 19026.8 18156.3 302.39 870.414 185.239 156.278 36.4861 28.9609 20.4645 18.489 119.792 8.49645
internal_count=133602 132347 2019 130328 124339 1915 5989 1255 1068 217 187 135 104 851 52
is_linear=0
shrinkage=0.05


Tree=198
num_leaves=16
num_cat=0
split_feature=2 2 2 2 2 2 2 2 2 3 3 1 1 1 1
split_gain=21.0066 127.839 59.3354 42.4302 39.5537 33.1655 35.0617 16.0757 10.9076 7.80689 5.80092 4.81565 4.24599 4.12045 3.54633
threshold=-18.961793981481478 -18.570989583333333 -19.490983796296295 -20.056562499999995 -20.437285879629627 -18.116076181739125 -17.634146641639767 -18.404219850554068 -19.099332742160467 4.9998844824361814 1.0278879905842853 15.99005482166125 23.249919734517359 34.534013906987646 59.845264731223814
decision_type=2 2 2 2 2 2 2 2 2 2 2 2 2 2 2
left_child=2 10 3 4 -1 7 -7 -3 11 -5 13 -4 -12 -2 -10
right_child=1 5 8 9 -6 6 -8 -9 14 -11 12 -13 -14 -15 -16
leaf_value=-5.1327031431686686e-05 0.071445299292668712 0.0040656231339226134 -0.015550497417620428 0.030141549546324878 -0.018131135788781498 0.023853118826529015 0.00053492326591311745 -0.020926223136691183 -0.0069984247616237966 0.0038934391327793264 0.067805184530585288 -0.028395756307227696 0.035593969669795493 0.11257267820562851 0.042221207858616161
leaf_weight=2220.1206221049652 26.004249349236488 85.151609452441335 102.99325121380389 122.51612034067512 350.23194537963718 162.87122027203441 15774.035329801263 263.32926627248526 82.354075558483601 36.84856837708503 22.52603979036212 250.24993783514947 18.743394014891237 7.9525173604488364 3.8298617955297223
leaf_count=13746 123 528 636 818 2112 1056 110351 1584 505 238 192 1477 180 33 23
internal_value=1.8239e-05 0.000739963 -0.00370764 -0.00096265 -0.00251485 0.000439572 0.000773229 -0.0148194 -0.0207595 0.0240724 0.0657703 -0.0246505 0.0531758 0.0810771 -0.00481119
internal_weight=19529.8 16360.6 3169.14 2729.72 2570.35 16285.4 15936.9 348.481 439.427 159.365 75.2262 353.243 41.2694 33.9568 86.1839
internal_count=133602 114047 19555 16914 15858 113519 111407 2112 2641 1056 528 2113 372 156 528
is_linear=0
shrinkage=0.05


Tree=199
num_leaves=16
num_cat=0
split_feature=3 3 3 3 3 3 3 3 5 5 1 1 1 4 4
split_gain=20.3941 331.146 112.974 192.221 60.6267 468.246 80.1336 50.1443 9.743 7.1081 5.24816 0.329632 0.161193 0.0985093 0.0682698
threshold=5.9999363954162233 5.0001066880784402 6.0007950474366512 6.9999897041071204 3.9999396960457188 3.0000023189429501 4.0004450093452339 7.0000764381187706 48.500000000000007 43.500000000000007 26.342780418480316 28.180018517551936 27.621462880686476 1.0000000180025095e-35 1.0000000180025095e-35
decision_type=2 2 2 2 2 2 2 2 2 2 2 2 2 2 2
left_child=1 4 8 12 5 -1 -6 -5 9 -2 -10 13 -4 -3 -13
right_child=2 11 3 7 6 -7 -8 -9 10 -11 -12 14 -14 -15 -16
leaf_value=-0.0004676390279629952 -0.020274431409986568 0.051408857499530163 0.059484399594081562 -0.026980029459026358 -0.018782375463030757 0.057303138623754662 0.0017782312727716181 -0.00032195362829443366 -0.038166475030381737 0.013769803943089527 -0.021675997580216461 0.051328374649131064 0.056020014029478343 0.06198431851322056 0.058214844020071911
leaf_weight=13966.994236059021 347.41994588077068 2.2372856005094937 81.818162702256814 192.01931532472372 950.5506693944335 359.78536092839204 945.04725854774006 2168.9603543370031 135.43956789374352 16.040154978632927 74.94671219587326 3.759897773154079 56.945632844814099 139.64310699049383 84.073940158355981
leaf_count=92223 1919 104 946 1233 5965 4943 7718 14004 885 83 384 174 845 1272 904
internal_value=1.69834e-05 0.000715427 -0.0037216 0.000871293 -0.000128697 0.000983146 -0.00853192 -0.00249006 -0.0237288 -0.018772 -0.032292 0.0603273 0.0580627 0.0618176 0.0579201
internal_weight=19525.7 16452.1 3073.59 2499.74 16222.4 14326.8 1895.6 2360.98 573.846 363.46 210.386 229.714 138.764 141.88 87.8338
internal_count=133602 113303 20299 17028 110849 97166 13683 15237 3271 2002 1269 2454 1791 1376 1078
is_linear=0
shrinkage=0.05


end of trees

feature_importances:
payment_installments=999
delivery_delay=618
freight_value=448
category=361
price=360
payment_type=181

parameters:
[boosting: gbdt]
[objective: binary]
[metric: binary_logloss]
[tree_learner: serial]
[device_type: cpu]
[data_sample_strategy: bagging]
[data: ]
[valid: ]
[num_iterations: 200]
[learning_rate: 0.05]
[num_leaves: 31]
[num_threads: 16]
[seed: 42]
[deterministic: 0]
[force_col_wise: 0]
[force_row_wise: 0]
[histogram_pool_size: -1]
[max_depth: 4]
[min_data_in_leaf: 20]
[min_sum_hessian_in_leaf: 0.001]
[bagging_fraction: 0.8]
[pos_bagging_fraction: 1]
[neg_bagging_fraction: 1]
[bagging_freq: 0]
[bagging_seed: 400]
[bagging_by_query: 0]
[feature_fraction: 0.8]
[feature_fraction_bynode: 1]
[feature_fraction_seed: 30056]
[extra_trees: 0]
[extra_seed: 12879]
[early_stopping_round: 0]
[early_stopping_min_delta: 0]
[first_metric_only: 0]
[max_delta_step: 0]
[lambda_l1: 0]
[lambda_l2: 0]
[linear_lambda: 0]
[min_gain_to_split: 0]
[drop_rate: 0.1]
[max_drop: 50]
[skip_drop: 0.5]
[xgboost_dart_mode: 0]
[uniform_drop: 0]
[drop_seed: 17869]
[top_rate: 0.2]
[other_rate: 0.1]
[min_data_per_group: 100]
[max_cat_threshold: 32]
[cat_l2: 10]
[cat_smooth: 10]
[max_cat_to_onehot: 4]
[top_k: 20]
[monotone_constraints: ]
[monotone_constraints_method: basic]
[monotone_penalty: 0]
[feature_contri: ]
[forcedsplits_filename: ]
[refit_decay_rate: 0.9]
[cegb_tradeoff: 1]
[cegb_penalty_split: 0]
[cegb_penalty_feature_lazy: ]
[cegb_penalty_feature_coupled: ]
[path_smooth: 0]
[interaction_constraints: ]
[verbosity: -1]
[saved_feature_importance_type: 0]
[use_quantized_grad: 0]
[num_grad_quant_bins: 4]
[quant_train_renew_leaf: 0]
[stochastic_rounding: 1]
[linear_tree: 0]
[max_bin: 255]
[max_bin_by_feature: ]
[min_data_in_bin: 3]
[bin_construct_sample_cnt: 200000]
[data_random_seed: 175]
[is_enable_sparse: 1]
[enable_bundle: 1]
[use_missing: 1]
[zero_as_missing: 0]
[feature_pre_filter: 1]
[pre_partition: 0]
[two_round: 0]
[header: 0]
[label_column: ]
[weight_column: ]
[group_column: ]
[ignore_column: ]
[categorical_feature: ]
[forcedbins_filename: ]
[precise_float_parser: 0]
[parser_config_file: ]
[objective_seed: 16083]
[num_class: 1]
[is_unbalance: 0]
[scale_pos_weight: 1]
[sigmoid: 1]
[boost_from_average: 1]
[reg_sqrt: 0]
[alpha: 0.9]
[fair_c: 1]
[poisson_max_delta_step: 0.7]
[tweedie_variance_power: 1.5]
[lambdarank_truncation_level: 30]
[lambdarank_norm: 1]
[label_gain: ]
[lambdarank_position_bias_regularization: 0]
[eval_at: ]
[multi_error_top_k: 1]
[auc_mu_weights: ]
[num_machines: 1]
[local_listen_port: 12400]
[time_out: 120]
[machine_list_filename: ]
[machines: ]
[gpu_platform_id: -1]
[gpu_device_id: -1]
[gpu_use_dp: 0]
[num_gpu: 1]

end of parameters

pandas_categorical:[]
